id,Title,"Image Featured"
1926,picjumbo,https://appsfomo.com/wp-content/uploads/2019/10/picjumbo.png
3685,Eventee,https://appsfomo.com/wp-content/uploads/2020/09/eventee.png
4944,"Coming Soon & Maintenance Mode",
5026,Clientjoy,https://appsfomo.com/wp-content/uploads/2019/10/Client-joy.png
5215,TechTracker,https://appsfomo.com/wp-content/uploads/2020/10/Techtracker.png
8165,"Missinglettr Curate",https://appsfomo.com/wp-content/uploads/2020/12/Missinglettr_Curate_Exclusive_Offer_from_AppSumo-removebg-.jpeg
8205,Iubenda,https://appsfomo.com/wp-content/uploads/2020/12/Iubenda_Exclusive_Offer_from_AppSumo.jpeg
9269,Botstar,https://appsfomo.com/wp-content/uploads/2021/01/Botstar-feature-image.png
9291,BackupGuard,https://appsfomo.com/wp-content/uploads/2021/01/BackupGuard.png
9374,EditMate,https://appsfomo.com/wp-content/uploads/2021/01/EditMate.png
9460,SyncSpider,https://appsfomo.com/wp-content/uploads/2021/01/SyncSpider.png
9494,"Promo Republic",https://appsfomo.com/wp-content/uploads/2021/01/Promo-republic.png
9605,"LightKey Pro",https://appsfomo.com/wp-content/uploads/2021/01/Lightkey.jpeg
9642,Optinly,https://appsfomo.com/wp-content/uploads/2021/01/Optinly.png
9677,Labiknow,https://appsfomo.com/wp-content/uploads/2021/01/Labiknow.jpeg
9706,Listnr,https://appsfomo.com/wp-content/uploads/2021/01/listnr.png
9736,"Warm Welcome",https://appsfomo.com/wp-content/uploads/2021/01/WW.png
10444,Way,
10446,TruConversion,https://appsfomo.com/wp-content/uploads/2021/03/TruConversion.jpeg
10447,piZap,https://appsfomo.com/wp-content/uploads/2021/03/Pizap.png
10471,Noci,https://appsfomo.com/wp-content/uploads/2021/03/Noci.png
10531,"Get Backup Pro 3",https://appsfomo.com/wp-content/uploads/2021/03/Get-Backup-Pro.png
10562,NeverSpam,
10567,Internxt,https://appsfomo.com/wp-content/uploads/2021/03/Internxt-Cloud-Storage.jpeg
10596,Botspice,https://appsfomo.com/wp-content/uploads/2021/03/Botspice.png
10700,Viewst,https://appsfomo.com/wp-content/uploads/2021/03/Viewst.png
10804,Beagle,https://appsfomo.com/wp-content/uploads/2021/03/Beagle.png
10838,Pushfy,https://appsfomo.com/wp-content/uploads/2021/03/pushfy.jpeg
10890,Instoo,
10943,Easynote,
10945,Screpy,https://appsfomo.com/wp-content/uploads/2021/03/Screpy.png
11055,"Exact Visitor",
11110,Decktopus,https://appsfomo.com/wp-content/uploads/2021/03/Decktopus.png
11137,"Starchive 1TB Cloud Storage",
11154,bCast,https://appsfomo.com/wp-content/uploads/2021/03/bCast-banner.png
11200,Writesonic,https://appsfomo.com/wp-content/uploads/2021/03/writesonic.jpeg
11222,"AI Kontent",
11276,Rymotely,
11306,Mailifier,
11307,Hubblu,https://appsfomo.com/wp-content/uploads/2021/03/Hubblu.png
11357,"Coassemble Learning Management System",
11436,Dashup,
11444,Mailmodo,
11582,Explore,
11614,Marketplan,https://appsfomo.com/wp-content/uploads/2021/04/Marketplan.jpeg
11627,Clearfy,
11695,Encharge,
11732,MassFlow,
11820,1Brand,
11837,Postpace,
11850,"WP Compress",https://appsfomo.com/wp-content/uploads/2021/04/WP-Compress.png
11863,Backupper,
11881,Integrately,https://appsfomo.com/wp-content/uploads/2021/04/Integrately.jpeg
11933,YouPost,
11978,"Squirrly SEO",
12024,Adguard,https://appsfomo.com/wp-content/uploads/2021/04/Adguard.jpeg
12057,Ashore,
12067,FeedBear,
12078,Pabbly,https://appsfomo.com/wp-content/uploads/2021/04/Pabbly.jpeg
12142,Zuitte,
12162,Rytr,
12180,Acadle,
12208,LeadKlozer,
12271,"Luminar 4 Power Bundle",
12307,LocalPress,https://appsfomo.com/wp-content/uploads/2021/04/LocalPress.jpeg
12338,TexAu,
12348,"GA Insights",https://appsfomo.com/wp-content/uploads/2021/04/GA-Insights.jpeg
12421,Scrapbook,https://appsfomo.com/wp-content/uploads/2021/04/Scrapbook.jpeg
12430,"Invoice Crowd",
12456,"Social Champ",
12496,"Brizy Pro",
12623,"Keyword Hero",
12688,ActiveCollab,
12730,NeuralText,https://appsfomo.com/wp-content/uploads/2021/04/Neural-text.jpeg
12844,"OneHash Enterprise Resource Planning For Startups",
12850,Spoke,https://appsfomo.com/wp-content/uploads/2021/04/Spoke.png
12883,Recreate,
12936,Voicely,https://appsfomo.com/wp-content/uploads/2021/04/Voicely.png
13070,Taskomat,
13112,Typebot,
13113,Enerpize,
13173,NativeForms,
13223,"SEOnify SEO",
13280,"Zen Mind Map",
13347,Treasure,
13564,Flowlu,
13711,Serpwizz,
14125,ContentBot,
14154,AppMySite,
14258,SendFox,
14388,Blakify,
14419,PageMaker,
14872,"Exod ai",
15655,"Filmstro Pro",https://appsfomo.com/wp-content/uploads/2021/06/Filmstro-pro.png
15707,"Design Wizard",
15724,iBrave,https://appsfomo.com/wp-content/uploads/2021/06/iBrave.jpeg
15749,Senseily,
15765,Leadsolo,https://appsfomo.com/wp-content/uploads/2021/06/Leadsolo.jpeg
15779,Scalify,https://appsfomo.com/wp-content/uploads/2021/06/Scalify.jpeg
15781,Akubooks,
15797,LeadPay,https://appsfomo.com/wp-content/uploads/2021/06/Leadpay-app.png
15802,Dragit,
15826,Crikle,
15857,"Feature Monkey",https://appsfomo.com/wp-content/uploads/2021/06/Feature-Monkey.jpeg
15861,Dashfrugal,https://appsfomo.com/wp-content/uploads/2021/06/Dashfrugal.jpeg
15877,Samdock,
15885,"Liro Pro",
15899,ProWritingAid,https://appsfomo.com/wp-content/uploads/2021/06/ProWritingAid.jpeg
15902,"Auto Post Thumbnail",https://appsfomo.com/wp-content/uploads/2021/06/Auto-Post-Thumbnail.jpeg
15922,CuriosityStream,
15933,StoryXpress,
15961,JivoChat,
15997,Doopoll,
16005,Now4real,
16034,Screpy,https://appsfomo.com/wp-content/uploads/2021/06/Screpy.png
16042,FeedBear,https://appsfomo.com/wp-content/uploads/2021/06/FeedBear.jpeg
16050,LaunchFlows,
16058,Tomba,
16068,ADYOUNEED,
16076,Poirot,https://appsfomo.com/wp-content/uploads/2021/06/Poirot.jpeg
16110,MindMaster,https://appsfomo.com/wp-content/uploads/2021/06/MindMaster.jpeg
16115,Pinstriped,https://appsfomo.com/wp-content/uploads/2021/06/Pinstriped.jpeg
16146,Sitejet,
16160,Frill,
16179,"WooFunnels Anniversary LTD",https://appsfomo.com/wp-content/uploads/2021/06/Woofunnels.jpeg
16232,ScaffoldHub,
16238,CTemplar,
16299,WordProof,
16313,Rootpal,
16402,Formspark,https://appsfomo.com/wp-content/uploads/2021/06/Formspark.jpeg
16407,MobAppCreator,https://appsfomo.com/wp-content/uploads/2021/06/MobAppCreator.jpeg
16415,Vizologi,https://appsfomo.com/wp-content/uploads/2021/06/Vizolog.jpeg
16417,Prizmo,
16426,Paintstorm,
16459,"FlexClip Video Maker",
16467,AutoWriter,
16477,"Local Lead Scaner",
16485,Movavi,
16538,"Human Presence",https://appsfomo.com/wp-content/uploads/2021/06/Human-Presence.jpeg
16585,"KATA Trendy WordPress Theme",
16594,Sendinblue,
16826,Funnelll,
16841,"WP Reset",
16853,wpDataTables,
16862,"EWWW Image Optimizer",
16873,LongShot.Ai,
16883,Adcrux,
16895,"Notic – Social Proof Application",
16938,Nexweave,
16946,CourseMaker,
16956,"AdLock Ad Blocker",
16965,"Addons for Elementor",
16974,Crello,https://appsfomo.com/wp-content/uploads/2021/07/Crello.jpeg
16981,"Mockplus Cloud",https://appsfomo.com/wp-content/uploads/2021/07/Mockplus.jpeg
16994,Plutio,
16997,Sendgomail,
17024,Play.ht,
17054,Qualzz,https://appsfomo.com/wp-content/uploads/2021/07/qualzz.jpeg
17062,CrowdPower,
17063,Fastdok,https://appsfomo.com/wp-content/uploads/2021/07/fastdok.jpeg
17072,"Natural Text to Speech",https://appsfomo.com/wp-content/uploads/2021/07/natural-tts.jpeg
17087,Promoly,https://appsfomo.com/wp-content/uploads/2021/07/Promoly.jpeg
17103,"Venus Design System",
17114,"Action 4",https://appsfomo.com/wp-content/uploads/2021/07/action.jpeg
17121,Consolto,https://appsfomo.com/wp-content/uploads/2021/07/consolto.jpeg
17134,Trust,
17157,Genei,
17170,Pixlr,
17181,"Shells™ Personal Cloud Computer",
17197,Botsify,
17210,Connected,
17225,LeadScripts+,
17235,MarketingMaster,
17250,Uptics,https://appsfomo.com/wp-content/uploads/2021/08/uptics.jpeg
17258,"Drawtify Infographic Creator",
17268,FotoJet,
17279,"LiveWebinar Pro",
17296,Autowriter,https://appsfomo.com/wp-content/uploads/2021/08/autowriter.jpeg
17308,Pcloud,
17332,"Blurweb App",https://appsfomo.com/wp-content/uploads/2021/08/Blurweb.jpeg
17339,Silentinbox,
17349,ImageColorizer,
17361,"Wondershare DemoCreator",
17373,"Nichesss AI Copywriter",
17376,Yizy,
17435,"Intego Antivirus",https://appsfomo.com/wp-content/uploads/2021/08/Intego-Antivirus.jpeg
17442,ProductLift,
17443,"Peppertype AI",https://appsfomo.com/wp-content/uploads/2021/08/Peppertype-Ai.jpeg
17462,"Drawtify Lifetime Deal",
17473,Vidtoon,
17485,CrawlQ,
17498,Interviewer.AI,
17510,Reditus,
17522,uchat,
17535,"hipCV Resume Builder",
17550,ImgDownloader,https://appsfomo.com/wp-content/uploads/2021/08/Imgdownloader.jpeg
17556,BackgroundCut,
17566,"Gecata Game Recorder",
17585,Tapdesk,
17650,"WordHero - AI Content Writer",
17664,Olvy,
17678,Linktube,
17691,"NeverSpam by Allegrow",
17727,Intervue,
17737,Leadcamp,
17758,PhotoKit,
17771,Slidebean,
17818,Reniwn,https://appsfomo.com/wp-content/uploads/2021/09/Reniwn.jpeg
17825,Konnectzit,https://appsfomo.com/wp-content/uploads/2021/09/Konnectzit.jpeg
17841,Ocoya,
17854,"Vetrina Live",
17869,twtpoll,
17884,Statfolio,
17899,Acumbamail,https://appsfomo.com/wp-content/uploads/2021/09/Acumbamail.jpeg
17906,Killerplayer,https://appsfomo.com/wp-content/uploads/2021/09/Killerplayer.jpeg
17909,VectorGrove,
17929,Sidemail,
17959,"Onehash CRM","https://appsfomo.com/wp-content/uploads/2021/09/Onehash CRM.jpeg"
17966,Hibox,
17982,WriterZen,
17996,AdGuard,
18006,Momento,
18018,"AI Image Enlarger",
18032,Linkila,
18044,CALIPIO,
18057,Ranktracker,
18070,Pictory,"https://appsfomo.com/wp-content/uploads/2021/09/Ranktracker -- to be updated.jpeg"
18081,Superdense,https://appsfomo.com/wp-content/uploads/2021/09/Superdense.jpeg
18089,Satiurn,
18101,Postpace,
18121,UnlimPhotos,
18140,Scalenut,
18152,Evaboot,
18173,"To Chat",
18184,ProveDirect,
18195,CustomerVox,https://appsfomo.com/wp-content/uploads/2021/09/CustomerVox.png
18218,Sertifier,https://appsfomo.com/wp-content/uploads/2021/09/Sertifier.jpeg
18225,Weje,https://appsfomo.com/wp-content/uploads/2021/09/Weje.jpeg
18238,"Email CopyDyno",
18250,Pirsonal,
18265,"Kickstart Side Hustle",
18280,3veta,
18306,Picmaker,
18317,"Support Champ",
18343,"Easy Video Review",
18355,Lingvanex,
18368,StatusPing,https://appsfomo.com/wp-content/uploads/2021/09/StatusPing.jpeg
18377,Enform.io,
18390,Swipbucket,
18425,SOUNDRAW,
18440,Adriel,https://appsfomo.com/wp-content/uploads/2021/10/Adriel.jpeg
18450,Ranktracker,https://appsfomo.com/wp-content/uploads/2021/10/Ranktracker.jpeg
18460,Coobly,https://appsfomo.com/wp-content/uploads/2021/10/Coobly.jpeg
18473,Doubletick,
18489,"Video Funnels",
18492,Peppertype,https://appsfomo.com/wp-content/uploads/2021/10/Peppertype.jpeg
18521,Piktostory,https://appsfomo.com/wp-content/uploads/2021/10/Piktostory.jpeg
18527,Swish,https://appsfomo.com/wp-content/uploads/2021/10/Swish.jpeg
18546,ConectoHub,
18558,Sizzy,
18573,Pcloud,
18597,Deep,
18609,Cuttles,
18619,Studiocart,https://appsfomo.com/wp-content/uploads/2021/10/Studiocart.jpeg
18650,ChatWithIO,https://appsfomo.com/wp-content/uploads/2021/10/ChatWithIO.jpeg
18666,"Treasure Cloud","https://appsfomo.com/wp-content/uploads/2021/10/Treasure Cloud.jpeg"
18675,IBrave,
18690,Adtuo,
18707,UIDeck,https://appsfomo.com/wp-content/uploads/2021/10/UIDeck.jpeg
18714,Offermative,https://appsfomo.com/wp-content/uploads/2021/10/Offermative.jpeg
18721,Gnymble,
18737,Stacks,
18749,Chargg,
18760,Sendvilla,
18772,WYSIWYG,
18790,W3Dart,
18805,FieldProxy,
18819,Gifing,
18845,Jikoo,
18855,Appagain,
18867,Salescamp,
18894,Linkil,
18912,Sendwin,
18932,Everlint,
18976,Taskade,
18990,DataMyth,
19024,ServerAvatar,
19034,DynoShop,
19050,Vidthere,
19060,Soon,
19075,Invoice-way,
19086,"CLOSEM CRM",
19097,ABtesting.Ai,
19103,"WP Crowdfunding","https://appsfomo.com/wp-content/uploads/2021/11/WP Cowdfunding.jpeg"
19110,Ithemes,https://appsfomo.com/wp-content/uploads/2021/11/Ithemes.jpeg
19135,FYI,
19148,Makezu,
19167,QApop,
19177,Bloo,
19197,Crewdle,https://appsfomo.com/wp-content/uploads/2021/11/Crewdle.jpeg
19206,Datamyth,https://appsfomo.com/wp-content/uploads/2021/11/Datamth.jpeg
19216,Laxis,https://appsfomo.com/wp-content/uploads/2021/11/Laxis.jpeg
19224,TabExtend,https://appsfomo.com/wp-content/uploads/2021/11/TabExtend.jpeg
19232,Uchat,https://appsfomo.com/wp-content/uploads/2021/12/Uchat.jpeg
19240,Boostools,https://appsfomo.com/wp-content/uploads/2021/12/Boostools.jpeg
19250,RocketScrape,
19261,Prelo,
19276,KeysForWeb,
19288,Pixmiller,
19305,Further,
19321,GETitOUT,
19334,MailRefine,
19347,"Get Secured",
19358,Finli,
19374,Talkie,
19407,HyperHost,
19421,"Space OKR",
19435,"Channel By SPACE",
19451,LeadPal,
19461,Texta.ai,
19475,VertigoHost,
19487,"Zen Mind Map",
19500,"Join Secret",
19520,Quelines,
19532,13Chats,
19547,Webinarloop,
19566,Stacks,
19580,Jimo,
19594,"Full Session",
19606,"Elite Licenser","https://appsfomo.com/wp-content/uploads/2022/01/Elite Licenser.jpeg"
19617,Teambook,
19629,Answerly,
19641,"Audio Harvest",
19664,Keylitic,https://appsfomo.com/wp-content/uploads/2022/01/Keylitic.jpeg
19670,"Cheat Layer",
19683,Formaloo,
19695,Keylitic,
19708,"Scopio Authentic Stock Photography",
19722,OneSimpleAPI,
19737,SuiteDash,
19751,Vonza,
19766,Fleeq,
19784,"CoolNew PDF",https://appsfomo.com/wp-content/uploads/2022/03/VistaCreate-—-Free-Graphic-Design-Software-Simple-Online-Photo-Editor.png
19797,InstaChamp,
19811,CL1CK,
19827,FlexClip,
19839,Autowriterpro,
19858,AppMySite,
19871,Linkypage,
19893,Postly,https://appsfomo.com/wp-content/uploads/2022/03/Postly-1.png
19905,Popupular,https://appsfomo.com/wp-content/uploads/2022/03/Popupular-1.png
19923,Mailbird,https://appsfomo.com/wp-content/uploads/2022/03/Mailbird-1.png
19932,"Predis AI","https://appsfomo.com/wp-content/uploads/2022/03/Predis AI.jpeg"
19935,StickyPassword,
19947,LoopCV,https://appsfomo.com/wp-content/uploads/2022/03/LoopCV.jpeg
19980,Mondly,https://appsfomo.com/wp-content/uploads/2022/03/Mondly-2.png
19987,AdPuzl,https://appsfomo.com/wp-content/uploads/2022/03/AdPuzl.png
19994,Campaignware,https://appsfomo.com/wp-content/uploads/2022/03/Campaignware-2.png
20001,Robolly,https://appsfomo.com/wp-content/uploads/2022/03/Robolly-2.png
20011,Codelia,https://appsfomo.com/wp-content/uploads/2022/03/Codelia.png
20024,Skillspace.ai,https://appsfomo.com/wp-content/uploads/2022/03/Skillspace-1.png
20025,"Show by Animaker","https://appsfomo.com/wp-content/uploads/2022/03/Show by Animaker-1.png"
20037,OpenRead.io,https://appsfomo.com/wp-content/uploads/2022/03/OpenRead.io-1.png
20047,Labrika,https://appsfomo.com/wp-content/uploads/2022/03/Labrika-1.png
20054,Linkhelp,https://appsfomo.com/wp-content/uploads/2022/03/Linkhelp-1.png
20061,Mojomox,https://appsfomo.com/wp-content/uploads/2022/03/Mojomox.png
20067,Incentivit,https://appsfomo.com/wp-content/uploads/2022/03/Incentivit-1.png
20076,Clearflask,https://appsfomo.com/wp-content/uploads/2022/03/Clearflask-1.png
20082,ConectoHub,https://appsfomo.com/wp-content/uploads/2022/03/ConectoHub.png
20087,Ureify,https://appsfomo.com/wp-content/uploads/2022/03/Ureify-1.png
20093,Mailnest,https://appsfomo.com/wp-content/uploads/2022/03/Mailnest.png
20101,Pixelhost,https://appsfomo.com/wp-content/uploads/2022/03/Pixelhost-1.png
20108,Stackby,https://appsfomo.com/wp-content/uploads/2022/03/Stackby-1.png
20114,BoosTools,https://appsfomo.com/wp-content/uploads/2022/03/BoosTools-1.png
20118,WappKit,https://appsfomo.com/wp-content/uploads/2022/03/WappKit.png
20125,Reniwn,https://appsfomo.com/wp-content/uploads/2022/03/Reniwn-1.png
20132,Fluida,https://appsfomo.com/wp-content/uploads/2022/03/Fluida-2.png
20139,ContentFries,https://appsfomo.com/wp-content/uploads/2022/03/ContentFries-1.png
20145,Podomatic,https://appsfomo.com/wp-content/uploads/2022/03/crello.png
20157,"Flip Booklet",https://appsfomo.com/wp-content/uploads/2022/03/VistaCreate-crello.png
20163,Start.Me,https://appsfomo.com/wp-content/uploads/2022/03/crello-1.png
20173,Vivomeetings,https://appsfomo.com/wp-content/uploads/2022/04/Vivomeetings-1.png
20180,Decktopus,https://appsfomo.com/wp-content/uploads/2022/04/Decktopus-crello.png
20186,"Friend Maker",https://appsfomo.com/wp-content/uploads/2022/04/Friend-Maker-crello.png
20192,BuildMyLogo,https://appsfomo.com/wp-content/uploads/2022/04/BuildMyLogo-2.png
20200,Eazybe,https://appsfomo.com/wp-content/uploads/2022/04/Eazybe-crello.png
20218,Kuiqlink,https://appsfomo.com/wp-content/uploads/2022/04/Kuiqlink-1.png
20225,Formly,https://appsfomo.com/wp-content/uploads/2022/04/Formly-crello.png
20232,HireBeat,https://appsfomo.com/wp-content/uploads/2022/04/crello.png
20250,Steve.AI,https://appsfomo.com/wp-content/uploads/2022/04/Steve.AI-crello.png
20262,Treblle,https://appsfomo.com/wp-content/uploads/2022/04/Treblle-crello.png
20268,"Messenger Matic",https://appsfomo.com/wp-content/uploads/2022/04/Messenger-Matic.png
20274,"Link Sourcery",https://appsfomo.com/wp-content/uploads/2022/04/Link-Sourcery.png
20280,WriterGenie,https://appsfomo.com/wp-content/uploads/2022/04/WriterGenie-1.png
20291,Elai,https://appsfomo.com/wp-content/uploads/2022/04/Elai-crello.png
20304,PageNudge,https://appsfomo.com/wp-content/uploads/2022/04/PageNudge-3.png
20325,"Linked Booster",https://appsfomo.com/wp-content/uploads/2022/04/Linked-Booster.png
20337,Flomill,https://appsfomo.com/wp-content/uploads/2022/04/Flomill-1.png
20342,BackupSheep,https://appsfomo.com/wp-content/uploads/2022/04/BackupSheep-1.png
20345,"Certify Me","https://appsfomo.com/wp-content/uploads/2022/04/Certify Me.png"
20357,Heartbeat,https://appsfomo.com/wp-content/uploads/2022/04/Heartbeat-crello.png
20377,"Auto Featured Image",https://appsfomo.com/wp-content/uploads/2022/04/Auto-Featured-Image-788x443-1.png
20388,Ohmylead,https://appsfomo.com/wp-content/uploads/2022/04/Ohmylead-crello.png
20399,Mylenio,https://appsfomo.com/wp-content/uploads/2022/04/MyLenio-crello.png
20438,Repozix,https://appsfomo.com/wp-content/uploads/2022/04/Repozix-1.png
20447,Snapied,https://appsfomo.com/wp-content/uploads/2022/04/Snapied-crello.png
20457,Tagmate,https://appsfomo.com/wp-content/uploads/2022/04/Tagmate-1.png
20465,"GoZen Growth",https://appsfomo.com/wp-content/uploads/2022/04/GoZen-Growth-crello.png
20475,EpicRuler,https://appsfomo.com/wp-content/uploads/2022/04/EpicRuler-crello.png
20484,Simbla,https://appsfomo.com/wp-content/uploads/2022/04/Simbla-3.png
20491,Superdocu,https://appsfomo.com/wp-content/uploads/2022/04/Superdocu-crello.png
20497,Brizy,https://appsfomo.com/wp-content/uploads/2022/04/Brizy-crello.png
20501,Workpark,https://appsfomo.com/wp-content/uploads/2022/04/Workpark-crello.png
20525,Learnum,https://appsfomo.com/wp-content/uploads/2022/04/Learnum-3.png
20541,LazyApply,https://appsfomo.com/wp-content/uploads/2022/04/LazyApply-2.png
20562,MarketingCopy,https://appsfomo.com/wp-content/uploads/2022/04/MarketingCopy-crello.png
20569,Graficto,https://appsfomo.com/wp-content/uploads/2022/04/Graficto-crello.png
20574,"Eventmie Pro",https://appsfomo.com/wp-content/uploads/2022/04/Eventmie-Pro-crello.png
20588,PrettyWp,https://appsfomo.com/wp-content/uploads/2022/04/PrettyWp.png
20598,DoRoyal,https://appsfomo.com/wp-content/uploads/2022/05/DoRoyal.png
20602,Landbot,https://appsfomo.com/wp-content/uploads/2022/04/Landbot-crello.png
20620,Qualetics,https://appsfomo.com/wp-content/uploads/2022/05/Qualetics.png
20627,MeetRecord,https://appsfomo.com/wp-content/uploads/2022/05/MeetRecord.png
20637,Treak,https://appsfomo.com/wp-content/uploads/2022/05/Treak.png
20648,PrismDrive,https://appsfomo.com/wp-content/uploads/2022/05/PrismDrive.png
20655,"Friday AI","https://appsfomo.com/wp-content/uploads/2022/05/Friday AI.png"
20673,Interacty,https://appsfomo.com/wp-content/uploads/2022/05/Interacty.png
20683,"SEO Buddy","https://appsfomo.com/wp-content/uploads/2022/05/SEO Buddy-1.png"
20696,Subscribers,https://appsfomo.com/wp-content/uploads/2022/05/Subscribers-3.png
20709,TuneIn,https://appsfomo.com/wp-content/uploads/2022/05/Tunein-1.png
20718,"Resoume AI Assistant","https://appsfomo.com/wp-content/uploads/2022/05/Resoume AI Assistant-1.png"
20725,Pictofigo,https://appsfomo.com/wp-content/uploads/2022/05/Pictofigo-1.png
20733,"WP Adminify","https://appsfomo.com/wp-content/uploads/2022/05/WP Adminify-2.png"
20742,Smartrader,https://appsfomo.com/wp-content/uploads/2022/05/Smartrader-2.png
20762,Yaraa,https://appsfomo.com/wp-content/uploads/2022/05/Yaraa-5.png
20773,"Product OS","https://appsfomo.com/wp-content/uploads/2022/06/Product OS-5.png"
20787,"Luminar AI","https://appsfomo.com/wp-content/uploads/2022/06/Luminar AI-1.png"
20802,Instoried,https://appsfomo.com/wp-content/uploads/2022/06/Instoried.png
20810,"Trend Watchers","https://appsfomo.com/wp-content/uploads/2022/06/Trend Watchers.png"
20818,"zCart Marketplace","https://appsfomo.com/wp-content/uploads/2022/06/zCart Marketplace.png"
20826,"Purple Photo","https://appsfomo.com/wp-content/uploads/2022/06/Purple Photo.png"
20835,"Elite Learning","https://appsfomo.com/wp-content/uploads/2022/06/Elite Learning.png"
20870,Virusdie,https://appsfomo.com/wp-content/uploads/2022/07/Virusdie.png
20878,RangeFlow,https://appsfomo.com/wp-content/uploads/2022/07/RangeFlow-1.png
20887,Revyu,https://appsfomo.com/wp-content/uploads/2022/07/Revyu-1.png
20895,Mailtimer,https://appsfomo.com/wp-content/uploads/2022/07/Mailtimer.png
20903,"Article Ninja","https://appsfomo.com/wp-content/uploads/2022/07/Article Ninja-1.png"
20911,Balloonary,https://appsfomo.com/wp-content/uploads/2022/07/Balloonary.png
20919,2ndNumber,https://appsfomo.com/wp-content/uploads/2022/07/2ndNumber.png
20928,"Rig Elements","https://appsfomo.com/wp-content/uploads/2022/07/Rig Elements.png"
20938,Notaku,https://appsfomo.com/wp-content/uploads/2022/07/Notaku-1.png
20948,Graphy,https://appsfomo.com/wp-content/uploads/2022/07/Graphy.png
20957,GoCharlie,https://appsfomo.com/wp-content/uploads/2022/07/GoCharlie.png
20965,ReBid,https://appsfomo.com/wp-content/uploads/2022/07/ReBid-1.png
20975,NativeTasks,https://appsfomo.com/wp-content/uploads/2022/07/NativeTasks-2.png
20986,"Sales Simplify","https://appsfomo.com/wp-content/uploads/2022/07/Sales Simplify-1.png"
20995,Sniply,https://appsfomo.com/wp-content/uploads/2022/07/Sniply.png
21003,Noota,https://appsfomo.com/wp-content/uploads/2022/07/Noota-2.png
21010,Synthesys,https://appsfomo.com/wp-content/uploads/2022/07/Synthesys.png
21018,Taskade,https://appsfomo.com/wp-content/uploads/2022/07/Taskade-1.png
21025,"Browse AI","https://appsfomo.com/wp-content/uploads/2022/07/Browse AI-2.png"
21033,upcoach,https://appsfomo.com/wp-content/uploads/2022/07/upcoach-1.png
21059,Baseline,https://appsfomo.com/wp-content/uploads/2022/07/Baseline-1.png
21068,Appily,https://appsfomo.com/wp-content/uploads/2022/07/Appily-1.png
21078,Nocode,https://appsfomo.com/wp-content/uploads/2022/07/Nocode-5.png
21090,TeleportHQ,https://appsfomo.com/wp-content/uploads/2022/07/TeleportHQ-2.png
21100,"Kimola Cognitive","https://appsfomo.com/wp-content/uploads/2022/07/Kimola Cognitive-1.png"
21108,"Dashed AI","https://appsfomo.com/wp-content/uploads/2022/07/Dashed AI-1.png"
21134,FlashBooks,https://appsfomo.com/wp-content/uploads/2022/08/FlashBooks-2.png
21143,"Cheat Layer","https://appsfomo.com/wp-content/uploads/2022/08/Cheat Layer.png"
21152,Albato,https://appsfomo.com/wp-content/uploads/2022/08/Albato-1.png
21159,Eventin,https://appsfomo.com/wp-content/uploads/2022/08/Eventin-1.png
21166,Robinize,https://appsfomo.com/wp-content/uploads/2022/08/Robinize-1.png
21311,Lebesgue,https://appsfomo.com/wp-content/uploads/2022/08/Lebesgue.png
21317,MetaSurvey,https://appsfomo.com/wp-content/uploads/2022/08/MetaSurvey.png
21325,WatchThemLive,https://appsfomo.com/wp-content/uploads/2022/08/WatchThemLive.png
21342,LazyApply,https://appsfomo.com/wp-content/uploads/2022/08/LazyApply.png
21351,Humanagement,https://appsfomo.com/wp-content/uploads/2022/08/Humanagement.png
21363,Glance,https://appsfomo.com/wp-content/uploads/2022/08/Glance.png
21370,KleanMail,https://appsfomo.com/wp-content/uploads/2022/08/KleanMail.png
21377,Codelia,https://appsfomo.com/wp-content/uploads/2022/08/Codelia.png
21383,Meetz,https://appsfomo.com/wp-content/uploads/2022/08/Meetz.png
21414,LeadClosure,https://appsfomo.com/wp-content/uploads/2022/09/LeadClosure-1.png
21421,MonsterWriter,https://appsfomo.com/wp-content/uploads/2022/09/MonsterWriter-1.png
21428,Adline,https://appsfomo.com/wp-content/uploads/2022/09/Adline-1.png
21435,FeedBlitz,https://appsfomo.com/wp-content/uploads/2022/09/FeedBlitz.png
21443,VideoPeel,https://appsfomo.com/wp-content/uploads/2022/09/VideoPeel.png
21470,ShoutOut,https://appsfomo.com/wp-content/uploads/2022/09/ShoutOut.png
21477,"Rumble Studio","https://appsfomo.com/wp-content/uploads/2022/09/Rumble Studio.png"
21483,Contentrain,https://appsfomo.com/wp-content/uploads/2022/09/Contentrain.png
21511,7todos,https://appsfomo.com/wp-content/uploads/2022/09/7todos.png
21518,"Rate My Service","https://appsfomo.com/wp-content/uploads/2022/09/Rate My Service.png"
21544,DailyBot,https://appsfomo.com/wp-content/uploads/2022/09/DailyBot.png
21550,ViralCopy,https://appsfomo.com/wp-content/uploads/2022/09/ViralCopy.png
21584,EgoBooster,https://appsfomo.com/wp-content/uploads/2022/09/EgoBooster.png
21591,Gruup,https://appsfomo.com/wp-content/uploads/2022/09/Gruup.png
21625,SalesBlink,https://appsfomo.com/wp-content/uploads/2022/09/SalesBlink-1.png
21632,Cogniflow,https://appsfomo.com/wp-content/uploads/2022/09/Cogniflow-1.png
21640,GetLeadForms,https://appsfomo.com/wp-content/uploads/2022/09/GetLeadForms-1.png
21649,Prospety,https://appsfomo.com/wp-content/uploads/2022/09/Prospety.png
21666,Shopia,https://appsfomo.com/wp-content/uploads/2022/09/COPY-Eventmie-Pro-8.png
21714,"Shortener &amp; Simplicity",https://appsfomo.com/wp-content/uploads/2022/10/COPY-Eventmie-Pro-4.png
22098,Formly,https://appsfomo.com/wp-content/uploads/2022/10/COPY-Eventmie-Pro-1.png
22105,"Imitate Email",https://appsfomo.com/wp-content/uploads/2022/10/COPY-Eventmie-Pro-2.png
22112,"Vmaker by Animaker",https://appsfomo.com/wp-content/uploads/2022/10/COPY-Eventmie-Pro-3.png
22154,Twinr,https://appsfomo.com/wp-content/uploads/2022/10/COPY-Eventmie-Pro-5.png
22161,Boost.space,https://appsfomo.com/wp-content/uploads/2022/10/COPY-Eventmie-Pro-6.png
22171,SwiftReply,https://appsfomo.com/wp-content/uploads/2022/10/COPY-Eventmie-Pro-7.png
22196,Beatoven.ai,https://appsfomo.com/wp-content/uploads/2022/10/COPY-Eventmie-Pro-8.png
22204,ThriveDesk,https://appsfomo.com/wp-content/uploads/2022/10/COPY-Eventmie-Pro-10.png
22233,MyFundBox,https://appsfomo.com/wp-content/uploads/2022/10/Myfundbox-featured-image.png
22241,Toolify,https://appsfomo.com/wp-content/uploads/2022/10/Toolify-featured-image.png
22290,Linko,https://appsfomo.com/wp-content/uploads/2022/10/Linko-Featured-image.png
22301,"Hyper Host",https://appsfomo.com/wp-content/uploads/2022/10/Hyper-host-featured-image.png
22311,SEOBoy,https://appsfomo.com/wp-content/uploads/2022/10/SEOBoy-Featured-image.png
22367,Marqly,https://appsfomo.com/wp-content/uploads/2022/10/Marqly-featured-image.png
22386,GrowthList,https://appsfomo.com/wp-content/uploads/2022/11/growthlist-featured-image.png
22397,Nuelink,https://appsfomo.com/wp-content/uploads/2022/11/nuelink-featured-image.png
22474,Minimarks,https://appsfomo.com/wp-content/uploads/2022/11/minimarks-featured-image.png
22481,Scenes,https://appsfomo.com/wp-content/uploads/2022/11/scenes-featured-image.png
22503,KyotoUI,https://appsfomo.com/wp-content/uploads/2022/11/KyotoUI-featured-image.png
22509,Luna,https://appsfomo.com/wp-content/uploads/2022/11/luna-featured-image.png
22533,WebWave,https://appsfomo.com/wp-content/uploads/2022/11/Webwave-featured-image.png
22542,"Rig Elements","https://appsfomo.com/wp-content/uploads/2022/07/Rig Elements.png"
22548,Heybase,https://appsfomo.com/wp-content/uploads/2022/11/title.png
22584,Sizzy,https://appsfomo.com/wp-content/uploads/2022/11/sizzy.png
22593,Beedeo,https://appsfomo.com/wp-content/uploads/2022/11/Beedeo.png
22634,Speechnow,https://appsfomo.com/wp-content/uploads/2022/11/Speechnow-featured-image.png
22644,BrainCert,https://appsfomo.com/wp-content/uploads/2022/11/BrainCert.png
22671,"Video Service Desk",https://appsfomo.com/wp-content/uploads/2022/11/Video-Service-Desk.png
22686,MXSPEECH,https://appsfomo.com/wp-content/uploads/2022/11/Title-6.png
22706,"Curiosity Stream",https://appsfomo.com/wp-content/uploads/2022/11/Curiosity-stream.png
22714,Alavi,https://appsfomo.com/wp-content/uploads/2022/11/alavi-featured-image.png
22724,Cogency,https://appsfomo.com/wp-content/uploads/2022/11/Title-7.png
22739,MonSpark,https://appsfomo.com/wp-content/uploads/2022/11/MonSpark.png
22780,Lucy,https://appsfomo.com/wp-content/uploads/2022/11/Lucy.png
22789,TeliportMe,https://appsfomo.com/wp-content/uploads/2022/11/TeliportMe.png
22799,Creaitor.ai,https://appsfomo.com/wp-content/uploads/2022/11/Title-8.png
22822,Ruttl,https://appsfomo.com/wp-content/uploads/2022/11/Title-9.png
22841,"SocialNowa Chatbot",https://appsfomo.com/wp-content/uploads/2022/11/Title-10.png
22901,SocialBu,https://appsfomo.com/wp-content/uploads/2022/11/Title-11.png
22913,11Sight,https://appsfomo.com/wp-content/uploads/2022/11/Title-12.png
22932,Poised,https://appsfomo.com/wp-content/uploads/2022/11/Poised.png
22944,MarbleFlows,https://appsfomo.com/wp-content/uploads/2022/11/MarbleFlows.png
23020,WiserNotify,https://appsfomo.com/wp-content/uploads/2022/12/WiserNotify.png
23033,Moda,https://appsfomo.com/wp-content/uploads/2022/12/Moda.png
23072,FixyTrade,https://appsfomo.com/wp-content/uploads/2022/12/FixyTrade.png
23081,Laxis,https://appsfomo.com/wp-content/uploads/2022/12/FixyTrade.png
23083,Laxis,https://appsfomo.com/wp-content/uploads/2022/12/Laxis.png
23099,MojoAuth,https://appsfomo.com/wp-content/uploads/2022/12/MojoAuth.png
23107,StreamAlive,https://appsfomo.com/wp-content/uploads/2022/12/StreamAlive.png
23115,CrankWheel,https://appsfomo.com/wp-content/uploads/2022/12/Crankwheel.png
23317,Storeplum,https://appsfomo.com/wp-content/uploads/2022/12/Storeplum-1-1.png
23381,LocalPress,https://appsfomo.com/wp-content/uploads/2022/12/LocalPress.png
23386,SEOcrawl,https://appsfomo.com/wp-content/uploads/2022/12/Storeplum.png
23394,Sizze,https://appsfomo.com/wp-content/uploads/2022/12/Sizze.png
23410,Sperse.io,https://appsfomo.com/wp-content/uploads/2022/12/Sperse.io_.png
23417,Illow,https://appsfomo.com/wp-content/uploads/2022/12/Illow.png
23426,GetShow,https://appsfomo.com/wp-content/uploads/2022/12/getshow.png
23432,Akounto,https://appsfomo.com/wp-content/uploads/2022/12/akounto.png
23460,Cubicl,https://appsfomo.com/wp-content/uploads/2022/12/COPY-Sperse.io_.png
23467,Partenero,https://appsfomo.com/wp-content/uploads/2022/12/Partenero.png
23482,Viima,https://appsfomo.com/wp-content/uploads/2022/12/Viima.png
23492,"Fynzo Survey",https://appsfomo.com/wp-content/uploads/2022/12/Fynzo-Survey.png
23528,Subshero,https://appsfomo.com/wp-content/uploads/2022/12/SubsHero.png
23534,"Fynzo Survey -- to be updated",https://appsfomo.com/wp-content/uploads/2022/12/Fynzo-Survey.png
23554,Hexospark,https://appsfomo.com/wp-content/uploads/2022/12/hexospark.png
23562,ChartBrick,https://appsfomo.com/wp-content/uploads/2022/12/chartbrick.png
23569,ExpoSim,https://appsfomo.com/wp-content/uploads/2022/12/ExpoSim.png
23578,Selzy,https://appsfomo.com/wp-content/uploads/2022/12/selzy.png
23583,Hexomatic,https://appsfomo.com/wp-content/uploads/2022/12/Hexomatic.png
23596,SEOcrawl,https://appsfomo.com/wp-content/uploads/2022/12/SEOCrawl.jpeg
23597,Akounto,
23598,Hexospark,https://appsfomo.com/wp-content/uploads/2022/12/hexospark.jpeg
23599,Rtila,https://appsfomo.com/wp-content/uploads/2022/12/Rtila.jpeg
23600,StoryShots,https://appsfomo.com/wp-content/uploads/2022/12/StoryShots.jpeg
23601,"EaseUS Software",https://appsfomo.com/wp-content/uploads/2022/12/EaseUS-Software.jpeg
23602,Switchy,https://appsfomo.com/wp-content/uploads/2022/12/Switchy.jpeg
23603,Linguix,https://appsfomo.com/wp-content/uploads/2022/12/Linguix.jpeg
23612,Salestio,https://appsfomo.com/wp-content/uploads/2022/12/salestio-1-1.png
23633,"Pabbly Connect",https://appsfomo.com/wp-content/uploads/2022/12/Pabbly-Connect.jpeg
23635,Hetzner,https://appsfomo.com/wp-content/uploads/2023/01/Hetzner.png
23650,WHMCS,
23669,Wpvivid,
23679,Cartflows,
23763,Wordplay.AI,
23773,Elementor,
23785,ThriveCart,
23800,Designrr.io,
23820,Outscraper,
23833,Ocoya,https://appsfomo.com/wp-content/uploads/2023/01/Ocoya-2.png
23848,Shopiroller,
23850,RADAAR,
23927,Siteground,https://appsfomo.com/wp-content/uploads/2023/01/siteground.png
23933,ReliableSite,https://appsfomo.com/wp-content/uploads/2023/01/ReliableSite.png
23958,Shopper.com,https://appsfomo.com/wp-content/uploads/2023/01/Shopper.com_.png
23964,pCloud,https://appsfomo.com/wp-content/uploads/2023/01/pCloud.png
24063,BetterDocs,https://appsfomo.com/wp-content/uploads/2023/01/BetterDocs.png
24078,"Kadence WP",https://appsfomo.com/wp-content/uploads/2023/01/Kadence-WP.png
24082,Subly,https://appsfomo.com/wp-content/uploads/2023/01/subly.png
24178,Mailman,https://appsfomo.com/wp-content/uploads/2023/01/Mailman.png
24186,TimeSync,https://appsfomo.com/wp-content/uploads/2023/01/TimeSync.png
24191,"Exclusive addons",https://appsfomo.com/wp-content/uploads/2023/01/Exclusive-Addons.png
