ID,Title,rank_math_seo_score,rank_math_title,rank_math_description,rank_math_focus_keyword,"Short Description"
710,"Swift Performance: Get your Wordpress Website Lightning-Fast Site Speed",88,"Get Lightning-Fast Site Speed with Swift Performance WordPress Plugin",,"swift performance,speed up wordpress website,swift performance review","<p>This is Section with Sidebar Product Layout which you can choose in Product Layout option.</p>"
716,"Divi Theme: Create Custom Wordpress Websites using Theme Builder",91,"Transform Your WordPress Site with Divi Theme from Elegant Themes",,"divi theme,divi theme for wordpress","<p>Divi Theme is a flagship WordPress theme from Elegant Themes, providing users with a powerful, versatile, and highly customizable platform for creating beautiful websites. </p>"
1522,"Astra: Most Popular Lightweight Multipupose Wordpress Theme",61,"Create Stunning Site with Astra WordPress Theme",,"astra theme review","Astra is a totally free WordPress Theme developed by Brainstorm Force. It is unbelievably light-weight and loads in much less than half a second, extremely simple to tailor as well as has actually grown to an energetic mount base of more than 300,000 in less than 1 year with an ordinary 5-star rating."
2920,"WPForms: The most Advanced Solution for Creating Forms in Wordpress",57,"The most Advanced Solution for Creating Forms in Wordpress: WPForms",,"wpforms review",
2954,"Ultimate Membership Plugin - Create Exclusive Access to Your Website",57,"Ultimate Membership Plugin - Create Exclusive Access to Your Website",,"ultimate membership pro review","The Ultimate Membership Pro plugin allow users to work with multi-level exclusive access to websites as we can restrict some amount of data from users."
2956,"All in One SEO: Boost Your SEO Efforts and Rank Higher",56,"Boost Your SEO Efforts with All in One SEO WordPress Plugin",,"all in one seo review","One of the most downloaded WordPress plugins (over 30 million downloads since 2007)."
2958,"Restrict Content Pro: Secure Your Wordpress Content and Give Exclusive Access",57,"Secure Your Content with Restrict Content Pro WordPress Plugin",,"restrict content pro review","Restrict content Pro is a clean membership plugin that hides the content from the users and gives access only to the valuable customers."
2960,"SEO by Squirrly: Optimize Your WordPress Site SEO with Breeze",91,"SEO by Squirrly: Optimize Your WordPress Site SEO with Breeze",,"squirrly,squirrly seo,squirrly seo review,rank math vs squirrly","<p>Squirrly SEO is a comprehensive SEO plugin that aims to help optimize websites for better rankings in search engine results pages.</p>"
2972,"SiteOrigin Page Builder: Create Stunning Websites Easily",57,"SiteOrigin Page Builder Review - Create Stunning Websites Easily",,"site origin review","<p>Simple content creation interface. Instantly recognizable. Astonishingly different.</p>"
2974,"Beaver Builder: Create a Design System for Your Wordpress Site",12,"Beaver Builder: Create a Design System for Your Wordpress Site",,"beaver builder plugin review,page builder","Beaver builder is just not a plugin but a complete design system that includes a page builder plugin as well as a framework theme."
2982,"SEMrush: Get Ahead of the Competition with this WordPress SEO Plugin",85,"SEMrush: Boost Your SEO in WordPress",,semrush,"<p>SEMrush plugin is a widely used plugin which is a little difficult to install but once done, works efficiently.</p>"
2986,"Slider Revolution: WordPress Slider Plugin with 250+ Pre-made Templates",84,"Enhance Your WordPress Site with Slider Revolution Plugin",,"slider revolution,wordpress slider,wordpress slider plugin,wordpress slider plugins,slider revolution templates,best wordpress slider","<p>Slider Revolution is a WordPress plugin that allows you to create dynamic and visually appealing sliders without any technical know-how. With over 250 pre-made templates to choose from, customization options like animation effects and transition styles, and responsive design that ensures your slider looks great on any device.</p>"
2993,"iThemes Security Pro: Best Security Plugin for Wordpress",92,"Get Peace of Mind with iThemes Security Pro WordPress Plugin",,"ithemes security pro, ithemes security plugin, ithemes security plugin review","<p> iThemes Security Pro makes it easy to secure &amp; protect your WordPress website. It protects your WordPress site from all security threats and provides you with peace of mind. It’s simple and user-friendly; you can use it easily even if you’re a beginner.</p>"
3001,"Protect Your Site with Wordfence WordPress Security Plugin",54,"Protect Your Site with Wordfence WordPress Security Plugin",,"wordfence review","Secure your website with the most comprehensive WordPress security plugin. Firewall, malware scan, blocking, live traffic, login security &amp; more."
3067,"Akismet: Secure Your Site from spam comments.",57,"Secure Your Site from spam with Akismet: A Comprehensive Review",,"akismet review","Akismet plugin helps us protect our data and content and checks against spam."
3069,"WPML: Breaking the Language Barrier in WordPress with Multilingual Website",85,"Breaking the Language Barrier in Wordpress with WPML: A Detailed Review",,"wpml, wpml product review","<p>WPML makes it easy to build multilingual sites and run them. It’s powerful enough for corporate sites, yet simple for blogs. It powers more than 1 million sites and is compatible with all WordPress themes and plugins.</p>"
3083,"WP Rocket: The Ultimate Plugin for Site Optimization",57,"WP Rocket: The Ultimate Plugin for Site Optimization",,"wp rocket review","Thanks to Our Plugin, WordPress has never been so Efficient."
3085,"Anti-Spam Pro: Plugin to Eliminate Spam in Wordpress Comments",53,"Anti-Spam Pro Plugin - Eliminate Spam in Wordpress Comments",,"anti-spam pro review","Anti-spam Pro = no spam in comments and no captcha"
3087,"W3 Total Cache: The Key to Boosting Your Website's Performance",56,"The Key to Boosting Your Website's Performance: W3 Total Cache Review",,"w3 total cache review","Search Engine (SEO) &amp; Performance Optimization (WPO) via caching. Integrated caching: CDN, Minify, Page, Object, Fragment, Database support."
3089,"WP Fastest Cache: Best Caching and Performance Plugin for Wordpress",57,"Is WP Fastest Cache the Solution You Need? A Comprehensive Review",,"wp fastest cache review","The simplest and fastest WP Cache system.

It is a great and really fast cache plugin to improve site performance and speed."
3103,"Protecting Your Site with WP Cerber: A Detailed Review",56,"Protecting Your Site with WP Cerber: A Detailed Review",,"wp cerber review","Professional grade WordPress security plugin"
3111,"WOOF: Woocommerce Product Filtering Made Easy",56,"Filtering Made Easy with WOOF Plugin: A Detailed Review",,"woof review","<p>WOOF is a powerful, flexible, easy and robust WooCommerce Products Filter Plugin</p>"
3119,"Hide My WP Plugin: Secure Your WordPress Site from hackers",55,"Hide My WP Plugin - Secure Your WordPress Site from hackers",,"hide my wp review","You can change and hide WordPress Admin and Login URLs to increases your WP security against hackers."
3163,"Scrapes: Automate Content Creation and Scraping Plugin for Wordpress",56,"Automate Content Creation with Scrapes WordPress Plugin",,"scrapes review","Scrapes is a WordPress plugin that copies contents from a website to your WordPress website."
3167,"Ajax Search Pro: The Best Live Ajax Search Plugin for WordPress",77,"The Best Live Ajax Search Plugin for WordPress: Ajax Search Pro",,"ajax search pro","Ajax search pro is the best live search engine plugin for WordPress."
3177,"WP Datatables: The Best Tool for Displaying Your Data Tables in Wordpress",57,"The Best Tool for Displaying Your Data Tables in Wordpress: WP Datatables",,"wp data tables review","WP DataTables is a powerful responsive Tables, Spreadsheets and Charts Data Manager."
3183,"Content Egg: WordPress Plugin to Maximize Your Affiliate Strategy",89,"Create Comparison Sites in Wordpress with Ease: Content Egg",,"content egg, content egg review, content egg appsfomo","<p>All-in-one solution for creating profitable websites, affiliate websites, price comparison tables, featured deals, and product reviews.</p>"
3195,"WordPress Real Media Library: Organize Your Media Library into Folders",67,"WordPress Real Media Library Review - Organize Your Media",,"wordpress real media library","Turn your WordPress media library to the next level with folders / categories."
3197,"Yellow Pencil: Effortlessly Create Stunning WordPress Websites with Visually",92,"Yellow Pencil: Effortlessly Create Stunning WordPress Websites with Visually",,"yellow pencil,custom css wordpress plugin,drag and drop website design plugin,best visual editor for wordpress","<p>Create beautiful and unique WordPress websites with ease using Yellow Pencil, the best custom CSS and drag-and-drop design plugin.</p>"
3207,"Mailster: Maximize Your Email Marketing with this Email Marketing Plugin",65,"Maximize Your Email Marketing with Mailster WordPress Plugin",,"mailster review","<p>Mailster is the email newsletter plugin for wordpress</p>"
3291,"The SEO-Friendly WordPress Theme for Bloggers :Theme X",86,"The Ultimate Theme at an Affordable Price :Theme X ",,"theme x,customizable wordpress theme for e-commerce,best theme for bloggers,seo-friendly wordpress theme for small businesses","<p>Theme X is the perfect solution for bloggers who want a sleek, modern website that's easy to customize and SEO-friendly. With its intuitive interface and powerful features, you can create a stunning website that is both functional and beautiful. One of the standout features of Theme X is its responsiveness - your website will look great no matter what device your readers are using.</p>"
3293,"Newspaper: Most Favourite Theme for Your News and Magazine Websites",12,"Most Favourite Theme for Your News and Magazine Websites: Newspaper",,"newspaper theme review","<p>The Newspaper theme is excellent for a news, newspaper, magazine, publishing or review site.</p>"
3297,"The7: The Ultimate Multipurpose WordPress Theme for Business",29,"Create a Stunning Business Site with The7 Theme",,"the7 theme review","<p>The7 WordPress theme is a highly customizable and flexible theme that can be used for any type of business website. It comes with over 40 pre-built websites, including niche-specific demos for industries such as finance, creative agency, e-commerce, and more. The7 offers a powerful visual editor that allows you to create beautiful pages and layouts without touching a single line of code.</p>"
3301,"Jupiter: The Fastest and Lightest Multi-Purpose Theme",12,"Jupiter Theme: The Fastest and Lightest Multi-Purpose Theme?",,"jupiter theme review","<p>Jupiter is the fastest and the lightest multi purpose theme</p>"
3307,"Publisher Theme: The Best WordPress Themes for News, Publishers and Magazines",90,"Publisher Theme: The Best WordPress Themes for News, Publishers and Magazines",,"publisher theme,publisher theme wordpress,wordpress newspaper themes,news wordpress theme,wordpress theme magazine,best wordpress theme magazine","<p>Take your content to the next level with Publisher - the game-changing WordPress theme that makes crafting a stunning news, magazine or blog site a breeze.</p>"
3309,"REHub: The Best Wordpress Theme for Affiliate Marketing",91,"The Best Wordpress Theme for Affiliate Marketing: REHub Theme",,"rehub,affiliate marketing with wordpress,best wordpress theme for affiliate marketing","<p>REHub is a powerful WordPress template designed specifically for affiliate marketing sites. It's packed with features that can help boost your website's performance and increase revenue. With over 30 product and post layouts, listing builder directory, and demo design templates to choose from, REHub offers a range of options to suit your needs.</p>"
3313,"Eduma: The Best eLearning and LMS Theme for Wordpress",88,"Eduma Theme Review: The Best eLearning Solution for Wordpress",,"eduma, eduma reviews, wordpress for education","<p>Eduma is one of the best education WordPress themes around, containing all the strength of eLearning WP but with a better UI/UX.</p>"
3325,"Enfold: Multi-Purpose Theme to Design Your Dream Website",12,"Enfold Multi-Purpose Theme Review - Design Your Dream Website",,"enfold theme review","<p>Enfold is a multi purpose theme which comes with more than hundred pages, posts and products.</p>"
3327,"BeTheme: Best Multipurpose Wordpress Theme | 650+ Templates",89,,,"betheme,envato betheme,customize wordpress templates,betheme wordpress,best multipurpose wordpress theme","<p>BeTheme is a popular multipurpose WordPress theme that comes with over 650 pre-built templates for different types of websites. It is known for its easy-to-use features such as BeBuilder and Theme Options, which allow users to customize their website without any coding knowledge.</p>"
3341,"WYZI Business Finder: Create Your Online Directory",11,"WYZI Service Business Finder Review - Create Your Online Directory",,"wyzi- business finder theme review","<p>WYZI Service Business Finder WordPress Theme is an advanced Social Business &amp; Service Multi-Store Directory theme.</p>"
3365,"Woffice: Unleashing the Full Potential of Your WordPress Site",12,"Woffice Theme: Unleashing the Full Potential of Your WordPress Site",,"woffice theme review","<p>Woffice is the wordpress theme built with the highest standards of coding, and is fully Responsive.</p>"
3371,"WPLMS: Transform Your Wordpress Site into a Learning Management System",22,"How to Transform Your Site into a Learning Management System with WPLMS",,"wplms theme review","<p>WPLMS is a Learning Management System for WordPress. It is suitable for Educational Training Centers, Corporate trainings, Coaching centres, etc.</p>"
3373,"EducationPress: Best Wordpress Theme for Learning and Course Management",24,"Best Wordpress Theme for Learning and Course Management: EducationPress",,"educationpress theme review","<p>EducationPress theme is highly suitable for colleges, universities, coaching, academies, and all such institutions which need a powerful learning and course management system.</p>"
3389,"Oxygen: Take Your Woocommerce Shop to the Next Level",85,"Oxygen:Take Your Woocommerce Shop to the Next Level with Oxygen Theme",%excerpt%,"oxygen theme,wordpress oxygen theme,best woocommerce wordpress theme","<p>Oxygen Theme for WooCommerce is the best choice for anyone looking to create an online store that is visually appealing, highly functional, and user-friendly. With its range of pre-built templates, you can easily customize your store to suit your brand's identity and appeal to your target audience.</p>"
3430,"Thrive Theme Builder: Creating a Customized WordPress Site",22,"Thrive Theme Builder - Create a Customized WordPress Site",,"thrive theme review","Thrive has been designed as the ultimate foundation for your collaborative online community."
3465,"Bellevue: The Best WordPress Theme for Automating the Booking Process",92,"Bellevue: The Best Wordpress Theme for Automating the Booking Process: ",,"bellevue, bellevue wordpress theme, bellevue theme review","<p>The Bellevue Hotel WordPress Theme is the best choice for your next website project and we think you’ll love using it. </p>"
3580,"Avada Theme: Design and Build Custom Websites in Wordpress",90,"Design Anything, Build Everything in Wordpress with Avada Theme",,"avada, avada theme review, avada wordpress theme","<p>Avada: Website Builder. Design Anything Build Everything. Trusted by beginners, marketers & professionals; Built with usability and performance in mind.</p>"
3583,"Yoast SEO: The Ultimate SEO Plugin for WordPress",66,"Yoast SEO Review - The Ultimate SEO Plugin for WordPress",,"yoast seo review","<p>Yoast SEO does everything in its power to please both visitors and search engine spiders. A dedicated team of developers, testers, architects and SEO experts work daily to improve the plugin with every release.</p>"
6206,"Cloudflare: Free Global CDN and Security for your website",74,"Secure Your Website from Hackers with Cloudflare: In-depth Review",,Cloudflare,
6255,"cPanel: Control Panel to Manage Your Hosting Easily",62,"cPanel Control Panel - Manage Your Hosting Easily",,"cpanel review","cPanel is a user interface for customizing and making changes to your hosting account. cPanel is a Linux-based control panel that provides users with a control panel that allows them to manage a range of components on their website."
6408,"BunnyCDN: Most Affordable Content Delivery Network Starting at $1",87,"BunnyCDN Content Delivery Network Review - Faster Web Performance",,"bunnycdn,bunnycdn price,bunnycdn vs cloudflare","<p>BunnyCDN is a content delivery network (CDN) that was created with the goal of providing users with an improved user experience. Their focus on speed, affordability, and ease of use has made them one of the leading CDNs in the industry.</p>"
6419,"SiteGround Web Hosting: Fastest and Reliable Wordpress Hosting",87,"SiteGround Web Hosting Review - Is It Worth the Price?",,"siteground, siteground web hosting reviews, siteground fast hosting","<p>SiteGround provides UltraFast and secure hosting for small and medium sites and businesses. From managed WordPress hosting with specialized tools to fast website launch and smooth site transfer, SiteGround has got you covered.</p>"
6427,"Bluehost Web Hosting: Affordable & Reliable Wordpress Hosting",73,"Bluehost Web Hosting Review - Affordable & Reliable Hosting",,"bluehost review",
6488,"Plesk: Most User friendly Control Panel to Simplify Your Web Hosting",57,"Plesk Control Panel - Simplify Your Web Hosting",,"plesk review","Plesk was founded in early 2001. Plesk is a commercial webhosting and also web server information center automation software with a control board established for Linux as well as Windows-based retail hosting provider."
6537,"Plutio : All-In-One Workspace for Teams",66,"All-In-One Workspace for Teams - Plutio Review",,"plutio review","<p>Seamlessly manage projects, tasks and files in one place. With Plutio, you'll have everything you need at your fingertips so you can focus on getting your work done.</p>"
6622,"CiuisCRM: The Best Self-Hosted CRM Solution for Small Businesses",92,"CiuisCRM: The Best Self-Hosted CRM Solution for Small Businesses",,"ciuiscrm,self hosted crm,crm self hosted,small business crm software,best small business crm","<p>CiuisCRM is your Ultimate Tool for Perfect Customer Relationship Management! Keep track of leads, watch them progress, and engage with them at the right moment. Get the edge you need to succeed!</p>"
6645,"Mailchimp: Is this Popular Email Marketing Tool Right for Your Business?",57,"Mailchimp: Is this Popular Email Marketing Tool Right for Your Business?",,"mailchimp review",
6938,"SendGrid: Email Marketing Application. Is it Worth the Hype?",57,"SendGrid Email Marketing Review - Is it Worth the Hype?",,"sendgrid review",
8302,"Hestia: Best One-Page Theme Compatible with Major Page Builders",20,"Best One-Page Theme Compatible with Major Page Builders: Hestia",,"hestia theme review","<span class=""bgD"" data-diff-id=""1609828284929_0"">Hestia is a popular WordPress theme</span> established <span class=""bgD"" data-diff-id=""1609828284929_3"">by ThemeIsle. It is a one-page</span> style with large modification functions, developed with page builder compatibility <span class=""bgD"" data-diff-id=""1609828284929_12"">in mind. Hestia is compatible with all major page builders</span> on <span class=""bgD"" data-diff-id=""1609828284929_15"">the market such as Elementor, Divi, Beaver Builder</span> and so on."
8314,"OceanWP: Responsive and Customizable WordPress Theme",93,"OceanWP: Responsive and Customizable WordPress Theme",,oceanwp,"Out of package OceanWP is Responsive, Fast and also extremely Customizable WordPress theme with great deal of fantastic performance, and also its attributes can additionally be boosted by a collection of totally free plugins."
8336,"ShopIsle: Premium WooCommerce Theme for Your Webshop",20,"ShopIsle: Premium WooCommerce Theme for Your Webshop",,"shopisle theme review","ShopIsle Pro is a costs WooCommerce WordPress theme appropriate for on-line product shops. It is coded and launched by people at ThemeIsle that understands whatever regarding best WordPress coding. This motif needs to be adjusted <span class=""bgD"" data-diff-id=""1609917400707_24"">by every one who is</span> believing to release internet store to sell fabrics, and also other items items."
8340,"BetterDocs: Provide Faster Support with Wordpress Documentation Plugin",93,"Provide Faster Support with BetterDocs: A Wordpress Documentation Plugin",,"betterdocs, betterdocs review, betterdocs review appsfomo","<p>BetterDocs will help you to produce &amp; arrange your documentation page in a beautiful way that will certainly make your site visitors locate any type of assistance article conveniently. It will facilitate your client to make faster choices as well as obtain help instantly by self-servicing rather than preventing the prolonged discussion.</p>"
8345,"Generatepress: Fast Loading Multi-Purpose WordPress Theme for Blogs",86,"Fast Loading Multi-Purpose WordPress Theme: Generatepress",,"generatepress, generatepress theme review","<p>GeneratePress is a fast loading multi-purpose WordPress theme. GeneratePress has an emphasis on efficiency, the site that you build will be fast as a base.</p>"
8405,"Kadence Theme: Build Modern Wordpress Website with Gutenberg",79,"Build Modern Wordpress Website with Kadence Theme",,"Kadence theme, kadence theme review","<p>Kadence is simple, effective, and lightweight WordPress theme is rather hard. Among the new developers on the block now, Kadence is the most popular and trending WordPress theme. It boasts top quality functions that make it rather very easy for you to design a style a website.</p>"
8509,"Imagely: The Best Photographic WordPress Theme for Your Website",27,"The Best Photographic WordPress Theme for Your Website",,"imagely theme review","<p>Imagely: Photographic WordPress Theme that gives modern day look to your website with phallocentric effect.</p>"
9234,"Brizy: Build Fast and Responsive Landing Pages in Wordpress",70,"Build Fast and Responsive Landing Pages in Wordpress with Brizy",,"brizy review","<p>Brizy is a website and landing page builder that helps you create fast, high-quality websites to collect leads and convert more clients.</p>"
9862,"Elementor: Best Page Builder for Wordpress with Theme Builder Features",93,"The Add-On to the Free Elementor Page Builder with Advanced Features",,"elementor pro,page builder,elementor pro review","<p><a href=""https://elementor.com/pro/"" target=""_blank"" rel=""noopener"">Elementor Pro</a> is an add-on to the free version of elementor page builder it will give extra features to design advanced custom layout and templates for the websites.</p>"
9880,"Learndash: The Leading WordPress Learning Management System",93,"The Leading WordPress Learning Management System: Learndash",,"learndash, learndash review, learndash product review appsfomo","<p>LearnDash is a WordPress learning management system (LMS) trusted by companies, universities, training organizations, and entrepreneurs worldwide for creating (and selling) their online courses.</p>"
9895,"Caldera Forms: Build Powerful WordPress Forms with Ease",85,"Build Powerful WordPress Forms with Caldera Forms",,"caldera forms,responsive form,form builder","Caldera Forms is a powerful and simple form builder with more features in the free version."
9904,"Stacksocial: Save Big on SaaS Applications, Courses, and More",11,"Save Big on SAAs Applications, Courses, and More: Stacksocial",,"stacksocial deals review","StackSocial is a deal platform that offers pretty much everything from SAAs applications to courses, gadgets, stuff for everyday use, and much more."
9936,"Shortpixel: Compress and Optimize Images in Wordpress",88,"Compress and Optimize Images in Wordpress with Shortpixel Plugin",,"shortpixel,optimizing wordpress speed,wordpress speed up site,why is wordpress slow","<p>ShortPixel is an image optimization tool that helps WordPress website owners improve the speed and performance of their sites.</p>"
10007,"Fluent Forms: Free Templates to Build Forms Quickly and Easily",89,"Free Templates to Build Forms Quickly and Easily: Fluent Forms",,"fluent forms,form builder wordpress","<p>With Fluent Form's wide range of free templates, you can build a form in several minutes.</p>"
10059,"Ora: Boost Your Task Management and Productivity",22,"Boost Your Task Management and Productivity with Ora",,"task management tool,ora,ora review","Ora has everything you need to be productive. Project and task management, kanban, scrum, time tracking, chat, reports on tasks, and overall performance. It is effective yet easy to use."
10060,"Glorify: Design Software for Marketing and Advertising",84,"Design Software for Marketing and Advertising: Glorify",,"glorify, design and graphics, template","<p>Glorify is a great cloud-based design software that helps you create amazing visuals as well as advertising and marketing content for your items.</p>"
10061,"Trello: The All-in-One Real-Time Workspace for Teams",79,"Trello - The All-in-One Real-Time Workspace for Teams",,trello,"An all-in-one real-time work space for teams. It has whatever your team might need to be efficient. Project &amp; task management, kanban, scrum, time tracking, chat and more"
10062,"Vistacreate: Create Stunning Graphic and Video Designs Online",33,"Create Stunning Graphic and Video Designs Online with Vistacreate",,Crello,"<p><span class=""bgD"" data-diff-id=""1609225483806_0"">Crello is a graphic and video</span> clip design software program that aids everyone to build professional-looking styles in nearly a couple of clicks making use of prefabricated developer themes or makes styles from scrape using several design devices as well as outlines.</p>"
10082,"Security Ninja: Secure Your WordPress Site with this Security Plugin",84,"Secure Your WordPress Site with WP Security Ninja",,"wp security ninja,security,malware,protection","<p>Security Ninja comes in the free version as well as the pro version, first, it was in codecanyone then moved to wordpress.org. With the help of this plugin, you can test the site from simple to complex things and fix the issues there itself.</p>"
10114,"All in One WP Migration: The Most Reliable Backup Solution for WordPress",35,"The Most Reliable Backup Solution for WordPress: All in One WP Migration",,"all in one wp migration,export,import,backup and migration","Export, Import, and Backup made easy with All in one WP Migration"
10260,"TexAu Maximize Your Business Growth with the Ultimate Automation Tool",78,"Maximize Your Business Growth with TexAu - The Ultimate Automation Tool",,"texau,automationtool,spices,recipes,proxy","<p>TexAu gives the option to scrapes data from different social media in each possible way. Using this automation you can grow your business to next level</p>"
10281,"Amelia: The Best WordPress Plugin for Event and Appointment Booking",27,"The Best WordPress Plugin for Event and Appointment Booking: Amelia",,"event booking plugin wordpress,amelia wordpress,amelia wordpress appointment booking plugin","<p>Amelia is the best WordPress plugin for Event and Appointments booking with Stripe and PayPal Integration</p>"
10284,"ACF Pro: The Best Plugin for Building Custom WordPress Site",36,"The Best Plugin for Building Custom WordPress Sites: ACF Pro",,"acf pro,advanced custom fields,acf,acf pro review","ACF is the best plugin for beginners to start with building their own website and take control over the ""look and feel"" of their website, using the free version you can have limited access to fields."
10402,"RelayThat: Streamline Your Social Media Design Process",79,"Streamline Your Social Media Design Process with RelayThat",,"relaythat,design automation tool,images","RelayThat is an automation design tool, You can design any kind of post, banner, ads to your social media platform using predefined templates."
10797,"Shopify: Set Up Your Retail Shop Online with A Wide Range of Features",79,"Set Up Your Retail Shop Online with Shopify: A Wide Range of Features",,"shopify,ecommerce,online shop,seo","Shopify gives an online platform to place your retail shop on the internet with a huge variety of features ."
11133,"Magento: The Open Source E-Commerce Script with Adobe Backing",17,"Magento - The Open Source E-Commerce Script with Adobe Backing",,"magento marketplace,magento 2,magento ecommerce,shopify alternatives,shopify alternatives free","<p>Magneto is an Open Source script backed by Adobe, mostly used by companies with big budgets and needs for a lot of customizations. Magento requires a steep learning curve and requires a strong knowledge of web technologies for customizations and maintenance.</p>"
11198,"Wordpress: Create Your Dream Website with the World's Most Popular CMS",82,"Create Your Dream Website with WordPress - The World's Most Popular CMS",,"wordpress,review,theme,plugin","<p><a href=""https://wordpress.org/"" target=""_blank"" rel=""noreferrer noopener"" data-rich-text-format-boundary=""true"">WordPress</a> is basically an Open source Content management system (CMS), almost more than 39% of the websites used WordPress as the platform.</p>"
11413,"Userback: User Feedback Tool for Collecting Customer Insights",91,"Userback: Feedback Tool with Screenshots, Videos, and Comments",,"userback,user feedback tools,user feedback software,user feedback app","<p>Userback is a feedback platform that enables efficient collection and response to customer feedback for product teams.</p>"
11527,"7-Zip: The Open-Source Tool for Efficient File Compression and Extraction",17,"7-Zip: The Open-Source Tool for Efficient File Compression and Extraction",,"7zip tool review","<p>7 zip is an open-source compression tool that compresses the large files to .7z format and extracts the archive file from a different format.</p>"
11620,"Drupal: The Advanced CMS with Rich Features in Core Installation",79,"Drupal - The Advanced CMS with Rich Features in Core Installation",,"drupal,modules,api,review","<p>Drupal is an advanced CMS system that gives more features in core installation but if you go with other CMS you need to install many plugins.</p>"
11694,"WP Reset Plugin: One Click Wordpress Reset & Clean Up Plugin",91,"One Click Wordpress Reset & Clean Up with WP Reset Plugin",,"wp reset,wp reset pro,wp reset post data","<p>Intend to get back to the state of fresh WordPress installation? This plugin can do your job with a few clicks, without the need to go for a complicated re-installation process.</p>"
11772,"WebARX: Protect Your Website from Malicious Visitors",88,"Protect Your Website from Malicious Visitors with WebARX",,"webarx,protection,malware,how to protect wordpress site?","WebARX is all in one tool to protect your website from malicious visitors and vulnerabilities causing by other plugins."
13015,"Grammarly: Find Grammar, Spelling, and Plagiarism Errors in Your Content",79,"Grammarly: Find Grammar, Spelling, and Plagiarism Errors in Your Content",,"grammarly,grammar checker,grammarly extension","<p>Grammarly is best option to find the grammar, spelling and plagiarism errors in your content </p>"
13338,"TortoiseGit: Manage GitHub Files Visually with Ease on Windows",84,"Manage GitHub Files with Ease using TortoiseGit",,"tortoisegit, commit, push, clone","<p>TortoiseGit is open-source windows explorer extension using that you can easily manage the files in the GitHub repository.</p>"
13461,"Articleforge: Generate Unique Articles with Advanced Deep Learning",82,"Generate Unique Articles with Advanced Deep Learning with Articleforge",,"ArticleForge, AI writer","<p>Article forge with advanced deep learning methods it learns thousands of articles with respect to the keyword you entered and generate one unique article.</p>"
13549,"Virusdie: All-in-One Platform for Website Security, Firewall and More",17,"All-in-One Platform for Website Security, Firewall and More: Virusdie",,"protection,malware,how to protect wordpress site?,virusdie","<p>Virusdie is helpful to provide security for the different websites in one platform and which supports all the CMS platforms.</p>"
13698,"Loginpress: Customizable Layouts for Your WordPress Login Page",34,"Customizable Layouts for Your WordPress Login Page: Loginpress",,"login form,forms,custom login form,customlogin,login","<p>LoginPress holds a lot of customization areas to change the layout of the login page of WordPress. You can modify the look and feel of the login web page completely. </p>"
14737,"All In One WP Security and Firewall: A Plugin to Protect Your Wordpress Site",76,"All In One WP Security and Firewall: A Plugin to Protect Your Wordpress Site",,"security,wordpress website,secure website,anti-virus","<p>All In One WP Security and Firewall also makes use of an extraordinary security factors rating system to measure how well you are protecting your site based on the security and security features you have actually activated.</p>"
15653,"Live Webinar: The most Advanced Webinar and Online Meeting Tool",79,"The most Advanced Webinar and Online Meeting Tool: Live Webinar",,LiveWebinar,"<p>Livewebinar is advanced webinar and online meeting tool with option to stream your webinar on different platforms at a time.</p>"
15862,"Essential Addons for Elementor: Advanced Elementor Widgets",71,"Essential Addons for Elementor: Enhance Your Widgets with Ease",,"essential addons for elementor review","<p>Essential Addons is the addon plugin for the Elementor it will enhance the capacity of the widgets and adds some features using extensions.</p>"
16794,"Cartflows: Create Stunning Sales Funnels in Wordpress with Elementor",85,"Create Stunning Sales Funnels in Wordpress with Cartflows",,"cartflows,cartflows review,cartflows pricing,cartflows vs woofunnels,cartflows vs clickfunnels","<p>Cartflows is an all-in-one in-one sales funnel builder that claims to help you create stunning sales funnels in minutes. It offers a wide range of features, includes drag and drop interface for creating custom sales funnels, variety of templates to customize your funnel, automatic email opt-in builder, Integrated analytics to track the effectiveness of your funnel, blog subscription module to nurture your leads and much more!</p>"
16916,"WP Engine: Quality WordPress Hosting with Outstanding Uptime",87,"WP Engine: Quality WordPress Hosting with Outstanding Uptime",,"wp engine, wp engine product review, wp engine review appsfomo","<p>WP Engine is an excellent quality host that flaunts outstanding uptime, and WordPress-specific protection. It is a website hosting provider aimed at providing managed hosting solutions specifically for websites using the popular CMS WordPress. </p>"
17751,"Kinsta: What is Managed Wordpress Hosting and How it Works",19,"What is Managed Wordpress Hosting? Have a look at Kinsta",,"kinsta hosting review","Kinsta uses the google cloud platform which makes it different from other hosting providers.

&nbsp;

&nbsp;"
17798,"BackupGuard: A Backup Plugin for Secure Website Protection",17,"BackupGuard Review: A Backup Plugin for Secure Website Protection",,"backupguard review","<p>The best backup plugin that will keep your website protected from hackers, human errors, with secure backing up process &amp; one click restoring.</p>"
18134,"Mailpoet: Best Wordpress Plugin to Automate Your Email Marketing",70,"Mailpoet: Best Wordpress Plugin to Automate Your Email Marketing",,"mailpoet review","<p>Mailpoet is a powerful tool designed specifically for automating your email campaigns. It allows you to create sequences of emails automatically triggered by events such as when someone subscribes or unsubscribes from your list, sends their first message, makes a purchase, etc.</p>"
18166,"Hostinger Web Hosting: Most Affordable Website Hosting for Wordpress",62,"Most Affordable Website Hosting: Hostinger Web Hosting",,"hostinger review","<p>Getting your website live is as simple as a click of a button. </p>"
18413,"Weje: Best Online Whiteboard for Drawing, Brainstorming, and Collaborating",81,"Best Online Whiteboard for Drawing, Brainstorming, and Collaborating: Weje",,Weje,"<p>Weje is an online whiteboard that is free, accessible, and easy to use. You can create a free account and start drawing, brainstorming, or collaborating on the web with anyone in the world. You can even annotate PDFs, images, and videos.</p>"
18590,"Autoptimize: A Plugin to Speed Up Your Wordpress Website",70,"Autoptimize: A Plugin to Speed Up Your Wordpress Website",,"autoptimize review","<p>Autoptimze will speed your website its easy to understand and has easy user interface.</p>"
19614,"WPvivid: The Best Free Wordpress Backup and Migration Plugin",88,"WPvivid Backup: Best Free Backup Plugin for Wordpress",,"wpvivid,wpvivid backup plugin,backup plugin wordpress,backup wordpress plugin,free wordpress backup plugin,wordpress migration plugin,wordpress migration plugin free","<p>WPvivid WordPress Plugin is Free to use , its has good amount of features.  This Plugin easy your jon of taking backup also helps your schedule your backups and it will run for every day week or hours as you set up the Backup Scheduler.</p>"
20584,"Quillbot: Paraphrase Sentences and Phrases with Advanced AI Tools",92,"Paraphrase Sentences and Phrases with Quillbot",,"quillbot,quillbot paraphrase,quillbot premium","<p>Quillbot allows you to paraphrase sentences and phrases using an advanced algorithm. It rewrites your sentences using synonyms, which will make your writing easier to understand. You can also use our paraphrasing tool for your SEO needs.</p>"
21191,"Crove.app Review: Create and Automate Documents Like Never Before",65,"Crove.app Review: Create and Automate Documents Like Never Before",,"crove.app review","<div class=""okr-block-clipboard"" data-okr=""%7B%22okrDelta%22%3A%5B%7B%22lineType%22%3A%22text%22%2C%22lineOptions%22%3A%7B%7D%2C%22lineContent%22%3A%5B%7B%22opType%22%3A%22text%22%2C%22options%22%3A%7B%22text%22%3A%22Crove.app%20gives%20you%20the%20power%20to%20automate%20complex%20business%20documents%20without%20writing%20any%20code.%20You%20can%20create%20smart%20templates%20and%20connect%20them%20with%20other%20apps%20to%20automate%20your%20document%20workflows.%22%7D%7D%5D%7D%5D%2C%22businessKey%22%3A%22lark-doc%22%7D""> </div>
<div data-zone-id=""0"" data-line-index=""0"">Crove.app is a powerful document automation platform that enables you to create and automate documents like never before. You can connect with other apps and services to automate your workflows, thereby saving time and effort in carrying out repetitive tasks.</div>"
21211,"Chugzi: Paraphrase, Enhance and Rewrite Articles with AI",65,"Enhance and Rewrite Articles with AI with Chugzi",,"chugzi review","<div class=""okr-block-clipboard"" data-okr=""%7B%22okrDelta%22%3A%5B%7B%22lineType%22%3A%22text%22%2C%22lineOptions%22%3A%7B%7D%2C%22lineContent%22%3A%5B%7B%22opType%22%3A%22text%22%2C%22options%22%3A%7B%22text%22%3A%22Chugzi%E2%84%A2%20enhances%20and%20rewrites%20articles%2C%20sentences%20and%20paragraphs%20using%20AI.%20This%20tool%20allows%20also%20to%20spin%20a%20single%20article%20into%20dozens%2C%20or%20even%20hundreds%20of%20articles.%20%22%7D%7D%5D%7D%5D%2C%22businessKey%22%3A%22lark-doc%22%7D""> </div>
<div data-zone-id=""0"" data-line-index=""0"">Chugzi enhances and rewrites articles, sentences and paragraphs using AI. This tool allows also to spin a single article into dozens, or even hundreds of articles.</div>"
21454,"WPSmartPay: Maximizing Your WordPress Website's Payment Options",65,"Maximizing Your WordPress Website's Payment Options with WPSmartPay",,"wpsmartpay review","<div class=""okr-block-clipboard"" data-okr=""%7B%22okrDelta%22%3A%5B%7B%22lineType%22%3A%22text%22%2C%22lineOptions%22%3A%7B%7D%2C%22lineContent%22%3A%5B%7B%22opType%22%3A%22link%22%2C%22options%22%3A%7B%22text%22%3A%22WPSmartPay%22%2C%22url%22%3A%22https%253A%252F%252Fwpsmartpay.com%252F%22%7D%7D%2C%7B%22opType%22%3A%22text%22%2C%22options%22%3A%7B%22text%22%3A%22%20is%20the%20ultimate%20WordPress%20plugin%20for%20selling%20digital%20and%20physical%20products%2C%20offering%20subscriptions%20and%20donations%2C%20collecting%20contest%20entries%2C%20and%20accepting%20one-time%20payments.%22%7D%7D%5D%7D%5D%2C%22businessKey%22%3A%22lark-doc%22%7D""> </div>
<div data-zone-id=""0"" data-line-index=""0"">
<div><a href=""https://wpsmartpay.com/"" target=""_blank"" rel=""noopener noreferrer"">WPSmartPay</a> is the ultimate WordPress plugin for selling digital and physical products, offering subscriptions and donations, collecting contest entries, and accepting one-time payments.</div>
</div>"
21491,"Usetiful: Creating Guided Tours of Your Digital Products Made Easy",65,"Create Guided Tours of Your Digital Products: Made Easy with Usetiful",,"usetiful review","<div class=""okr-block-clipboard"" data-okr=""%7B%22okrDelta%22%3A%5B%7B%22lineType%22%3A%22text%22%2C%22lineOptions%22%3A%7B%7D%2C%22lineContent%22%3A%5B%7B%22opType%22%3A%22text%22%2C%22options%22%3A%7B%22text%22%3A%22Usetiful%20is%20a%20tool%20that%20helps%20us%20create%20product%20tours%20with%20just%20few%20clicks.%20Create%20a%20guided%20tour%20of%20your%20app%2C%20website%20or%20any%20other%20digital%20solution%20in%20minutes.%20It's%20an%20effective%20tool%20for%20both%20new%20users%20and%20experienced%20ones.%22%7D%7D%5D%7D%5D%2C%22businessKey%22%3A%22lark-doc%22%7D""> </div>
<div data-zone-id=""0"" data-line-index=""0"">Usetiful is a tool that helps us create product tours with just few clicks. Create a guided tour of your app, website or any other digital solution in minutes. It's an effective tool for both new users and experienced ones.</div>"
21673,"Remastermedia: Optimizing Your Audio and Video Content",89,"Optimizing Your Audio and Video Content with Remastermedia: A Review",,remastermedia,"<div class=""okr-block-clipboard"" data-okr=""%7B%22okrDelta%22%3A%5B%7B%22lineType%22%3A%22text%22%2C%22lineOptions%22%3A%7B%7D%2C%22lineContent%22%3A%5B%7B%22opType%22%3A%22text%22%2C%22options%22%3A%7B%22text%22%3A%22RemasterMedia%20is%20a%20professional%20sound%20mastering%20studio%20that%20offers%20unmatched%20sound%20quality%20for%20your%20audio%20and%20video%22%7D%7D%5D%7D%5D%2C%22businessKey%22%3A%22lark-doc%22%7D""> </div>
<div data-zone-id=""0"" data-line-index=""0"">ReMasterMedia is a cloud-based video and audio optimization service that seamlessly converts your clips to have superior sound quality. This service enables you to optimize your content in just three steps: upload, review, and download. ReMasterMedia's proprietary technology removes excess noise, enhances audio clarity and volume, and normalizes the overall sound of your clips.</div>"
21689,"Biteplay: Find Monetized Videos and Boost Your Marketing Performance",84,"Find Monetized Videos and Boost Your Marketing Performance with Biteplay",,biteplay,"<div class=""okr-block-clipboard"" data-okr=""%7B%22okrDelta%22%3A%5B%7B%22lineType%22%3A%22text%22%2C%22lineOptions%22%3A%7B%7D%2C%22lineContent%22%3A%5B%7B%22opType%22%3A%22text%22%2C%22options%22%3A%7B%22text%22%3A%22Usetiful%20is%20a%20tool%20that%20helps%20us%20create%20product%20tours%20with%20just%20few%20clicks.%20Create%20a%20guided%20tour%20of%20your%20app%2C%20website%20or%20any%20other%20digital%20solution%20in%20minutes.%20It's%20an%20effective%20tool%20for%20both%20new%20users%20and%20experienced%20ones.%22%7D%7D%5D%7D%5D%2C%22businessKey%22%3A%22lark-doc%22%7D""> </div>
<div data-zone-id=""0"" data-line-index=""0"">Biteplay is All in one YouTube Marketing tool for Youtube ads and video marketing performance. Also finds monetized videos to create targeted ads, influencers, viral videos, analytics, and more.</div>"
21763,"GummySearch: Discovering Potential Customers and Their Pain Points",84,"Discovering Potential Customers and Their Pain Points with GummySearch",,gummysearch,"<div class=""okr-block-clipboard"" data-okr=""%7B%22okrDelta%22%3A%5B%7B%22lineType%22%3A%22text%22%2C%22lineOptions%22%3A%7B%7D%2C%22lineContent%22%3A%5B%7B%22opType%22%3A%22text%22%2C%22options%22%3A%7B%22text%22%3A%22GummySearch%20is%20conducting%20audience%20research%20on%20Reddit.%20Discover%20potential%20customers'%20pain%20spots%2C%20the%20solutions%20they%20require%2C%20and%20the%20services%20they%20are%20willing%20to%20pay%20for.%22%7D%7D%5D%7D%5D%2C%22businessKey%22%3A%22lark-doc%22%7D""> </div>
<div data-zone-id=""0"" data-line-index=""0"">GummySearch is conducting audience research on Reddit. Discover potential customers' pain spots, the solutions they require, and the services they are willing to pay for.</div>"
22024,"ContentBot: Creating High-Quality Content from Scratch Made Easy",84,"Creating High-Quality Content from Scratch Made Easy with ContentBot",,"contentbot,contentbot review","<div class=""okr-block-clipboard"" data-okr=""%7B%22okrDelta%22%3A%5B%7B%22lineType%22%3A%22text%22%2C%22lineOptions%22%3A%7B%7D%2C%22lineContent%22%3A%5B%7B%22opType%22%3A%22text%22%2C%22options%22%3A%7B%22text%22%3A%22ContentBot%20is%20the%20most%20advanced%20tool%20for%20content%20marketing%20and%20blogging.%20It%20generates%20unique%20and%20engaging%20full-length%20articles%20in%20a%20flash%2C%20allowing%20you%20to%20easily%20create%20high-quality%20content%20from%20scratch.%20This%20can%20be%20used%20to%20generate%20blog%20posts%2C%20blog%20topic%20ideas%2C%20intros%2C%20bullet%20point%20expansion%2C%20tone%20changer%2C%20rewriter%2C%20and%20so%20much%20more!%22%7D%7D%5D%7D%5D%2C%22businessKey%22%3A%22lark-doc%22%7D""> </div>
<div data-zone-id=""0"" data-line-index=""0"">ContentBot is the most advanced tool for content marketing and blogging. It generates unique and engaging full-length articles in a flash, allowing you to easily create high-quality content from scratch. This can be used to generate blog posts, blog topic ideas, intros, bullet point expansion, tone changer, rewriter, and so much more!</div>"
22130,"TrueRanker: Analyze and Monitor Your Keyword Rankings",88,"Analyze and Monitor Your Keyword Rankings with TrueRanker",,"trueranker,google rank tracker,keyword search","<div class=""okr-block-clipboard"" data-okr=""%7B%22okrDelta%22%3A%5B%7B%22lineType%22%3A%22text%22%2C%22lineOptions%22%3A%7B%7D%2C%22lineContent%22%3A%5B%7B%22opType%22%3A%22text%22%2C%22options%22%3A%7B%22text%22%3A%22Usetiful%20is%20a%20tool%20that%20helps%20us%20create%20product%20tours%20with%20just%20few%20clicks.%20Create%20a%20guided%20tour%20of%20your%20app%2C%20website%20or%20any%20other%20digital%20solution%20in%20minutes.%20It's%20an%20effective%20tool%20for%20both%20new%20users%20and%20experienced%20ones.%22%7D%7D%5D%7D%5D%2C%22businessKey%22%3A%22lark-doc%22%7D"">TrueRanker is the most accurate and reliable SEO Google Rank Tracker for keyword rankings. It has<span class=""lt-line-clamp__line""> powerful and advanced tool which allows you to analyze, check by country, province or city and monitor the real</span> <span class=""lt-line-clamp__line"">rankings of your projects on Google search engine.</span></div>
<div data-zone-id=""0"" data-line-index=""0""> </div>"
22168,"Trust: How to Collect and Manage Testimonials Effectivelly",84,"How to Collect and Manage Testimonials with Trust: A Comprehensive Review",,"trust, video testimonial, rating, reviews, customer feedback","<p>Trust gives you a platform to easily collect, manage and display testimonials. It is not just about getting reviews with the help of trust but also making it easier for your customers to write their feedback on your products or services. With this application, you can get more users and win the trust of other potential buyers.</p>"
22217,"NeuronWriter: Get Superior SEO Content with Copywriting Tool",91,"Get Superior SEO Content with NeuronWriter's Copywriting Tool",,"neuronwriter, al copywriter, semantic seo tools, content optimization","<p>NeuronWriter is a powerful SEO copywriting tool . It generates superior and more optimized material, as well as ranking higher on Google SERP, by bringing all the essential statistics and competitor data.</p>"
22248,"Vepaar: Tools to Quickly Build and Boost a Successful eCommerce Business",80,"Engage with Customers in a More Interactive Way with Vepaar",,"vepaar, whatsapp crm, online business, sales platform","<p>All in one solution for Online Business Management. It allows you to semi-automate your business workflow and engage with your customers in a much more interactive way with ease. It is CRM and Social selling platform for WhatsApp.</p>"
22264,"Scalenut: AI-Driven Content Research and Creation for Content Writers",95,"AI-Driven Content Creation with Scalenut: Save Time and Pay Less",,"scalenut, content generator, ai writer, business tool","<div class=""okr-block-clipboard"" data-okr=""%7B%22okrDelta%22%3A%5B%7B%22lineType%22%3A%22text%22%2C%22lineOptions%22%3A%7B%7D%2C%22lineContent%22%3A%5B%7B%22opType%22%3A%22text%22%2C%22options%22%3A%7B%22text%22%3A%22Usetiful%20is%20a%20tool%20that%20helps%20us%20create%20product%20tours%20with%20just%20few%20clicks.%20Create%20a%20guided%20tour%20of%20your%20app%2C%20website%20or%20any%20other%20digital%20solution%20in%20minutes.%20It's%20an%20effective%20tool%20for%20both%20new%20users%20and%20experienced%20ones.%22%7D%7D%5D%7D%5D%2C%22businessKey%22%3A%22lark-doc%22%7D"">Scalenut is a new AI-driven content creation platform. It helps you create engaging, persuasive and scalable content that gets results. Create engaging and high-quality content while paying less, saving time, and collaborating in real-time.</div>"
22281,"Prelo: Lead Management Made Easy and Simple for Early Stage Startups",81,"Lead Management Made Easy: How Prelo Simplifies Early Stage Startups",,"prelo, lead management system, business, startups","<div class=""okr-block-clipboard"" data-okr=""%7B%22okrDelta%22%3A%5B%7B%22lineType%22%3A%22text%22%2C%22lineOptions%22%3A%7B%7D%2C%22lineContent%22%3A%5B%7B%22opType%22%3A%22text%22%2C%22options%22%3A%7B%22text%22%3A%22Usetiful%20is%20a%20tool%20that%20helps%20us%20create%20product%20tours%20with%20just%20few%20clicks.%20Create%20a%20guided%20tour%20of%20your%20app%2C%20website%20or%20any%20other%20digital%20solution%20in%20minutes.%20It's%20an%20effective%20tool%20for%20both%20new%20users%20and%20experienced%20ones.%22%7D%7D%5D%7D%5D%2C%22businessKey%22%3A%22lark-doc%22%7D"">Prelo is Lead Management System for early stage B2B companies &amp; startups. This product helps startups or B2B companies to expand marketing &amp; sales analytics in a simple way by interacting with experts based on the sector you choose.</div>"
22320,"Xpro Addons for Elemetor: Advanced widgets for Elementor",87,"Building Beautiful Websites with Xpro, the Ultimate Elementor Addon",,"xpro,xpro elementor addons,best elementor addon","<p>It is the best Elementor Addons to create beautiful websites within minutes. It comes with 120+ widgets, 300+ page templates, 15+ free Elementor extensions, and more. The Elementor powerhouse comes with a free theme builder for Elementor that lets you customize default theme templates.</p>"
22336,"SheerSEO: The All-in-One SEO Platform for Site Analysis",84,"SheerSEO: The All-in-One SEO Platform for Site Analysis",,"sheerseo,seo,rank tracking,linkbuilding","<p>SheerSEO is an all-in-one SEO platform that helps you to analyze and optimize your keyword and backlink strategies, as well as monitor your site health.</p>"
22376,"Wordplay: The Plagiarism-Free Writing Tool for SEO Content",87,"Wordplay: The Plagiarism-Free Writing Tool for SEO Content",,"wordplay,ai writer,seo,content,blog","<p>Wordplay is a AI writing tool for long-form content that can potentially rank high on Google, as it SEO optimized and plagiarism free.</p>"
22406,"Woolentor: The Best Woocommerce Page Builder Addon for Elementor",87,"Woolentor: The Best Woocommerce Page Builder Addon for Elementor",,"WooLentor,woocommerce,wordpress,Page builder","<p>Woolentor is a Woocommerce Elementor plugin that allows you to create beautiful, fully customizable WordPress themes. It is advanced page builder Elementor addon that helps you build stunning online stores quickly and easily.</p>"
22432,"Microsoft Power Automate: Automate Your Windows PC",82,"Automate Your Windows PC with Microsoft Power Automate",,"Microsoft power Automate,Automation,Workflows","<p>Microsoft power automate is an automation tool powered by the Microsoft power ingot, which helps in automating repetitive tasks and processes. It is Robotic process automation solution that helps businesses automate repetitive or rules-based tasks such as approvals for vacation.</p>"
22458,"useArtemis: Cold Outreach Made Easy by Automating Email Marketing",82,"Cold Outreach Made Easy: How useArtemis Automates Email Marketing",,useArtemis,"<p>useArtemis is a powerful, affordable lead generation software designed for business owners and professionals. It helps you to get the best of email marketing automation as well as to track leads and convert them into sales by giving full control over your cold outreach efforts.</p>"
22491,"Bit Integrations: Integrating Popular Apps with WordPress",88,"Integrating Popular Apps with WordPress: A Bit Integrations Guide",,"Bit Integrations, Automation","<p>Bit Integrations is a simple integration plugin for WordPress. Integrate your desired plugins with popular applications like Google sheet, MailChimp and Zoho CRM using this tool.</p>"
22518,"Backupsheep: The Best Backup and Recovery Solution for Your Business",93,"Why backupsheep is the Best Backup and Recovery Solution for Your Business",,"backupsheep,backupsheep review","<p>BackupSheep is a no-code backup automation tool that lets you delegate backups for cloud servers, databases, and file servers.</p>"
22564,"Dukaan: Creating a Successful Online Store with User-Friendly Features",82,"Creating a Successful Online Store with Dukaan's User-Friendly Features",,Dukaan,"<p>Dukaan is a cloud-based, fully hosted ecommerce platform that lets you build an ecommerce store in minutes and manage it effortlessly. They have pre-built thousands of designs that you can customize to create your own stores</p>"
22606,"Heartbeat: The Online Community Management Software",89,"Heartbeat: The Online Community Management Software",,"Heartbeat, Community management","<p>Heartbeat is an online community management software where you can bring you community together by hosting events, content and more on your own domain.</p>"
22654,"WP Force SSL: All in one Plugin to Fix SSL Problems in Wordpress",89,"How to Fix SSL Problems and Improve SEO with WP Force SSL",,"WP Force SSL,best wordpress ssl plugin,wordpress ssl certificate,wordpress http to https,wordpress mixed content plugin","<p class=""pdp-product-subtitle pdp-subtitle mb-1"">WP Force SSL fixes SSL problems &amp; monitor the site in real-time to improve SEO &amp; user experience.</p>"
22670,"Grab Your Reviews: Maximizing Your Online Reputation with Reviews",86,"Maximizing Your Online Reputation with Grab Your Reviews",,"Grab Your Reviews","<p>Grab Your Reviews is a comprehensive platform for online reputation management. lets you collect and showcase reviews from multiple sites to boost your SERP rankings and improve your brand reputation.</p>"
23000,"LeadRocks: The Best Lead Generation Tool for Your Business",82,"Why LeadRocks is the Best Lead Generation Tool for Your Business",,"LeadRocks,Lead generation","<p>LeadRocks is a reliable B2B contact database with 100M+ records, emails, phone numbers and LinkedIn profiles. High-quality leads for your hyper-targeted outreach are just a few clicks away! </p>"
23042,"Pxl.to: The URL Shortener with No Downtime or Click limitations",76,"The URL Shortener with No Downtime or Click limitations: Pxl.to",,"pxl.to,Link Shortener","<p>pxl.to is a URL Shortener created with server-less technology, To help you grow without the threat of downtime or click limitations.</p>"
23323,"RankMath: The Ultimate Tool for Optimizing Your Wordpress Website's SEO",93,"RankMath: The Ultimate Tool for Optimizing Your Wordpress Website's SEO",,"Rankmath,Rankmath Review,Rank math","<p>Do you want to improve your WordPress website's ranking? Then you'll want to check out RankMath, an SEO plugin that promises to help you rank higher in search engines. Read our full review to find out if Rankmath is worth the investment.</p>"
23517,"Meta API: The Open API Platform for Accelerating Code, Authentication & Deployment",90,"The Open API Platform for Accelerating Code, Authentication & Deployment: Meta API",,"Meta API","<p>Meta API is an open API platform that lets you accelerate your code, authentication, deployment, and monitoring processes.</p>"
23719,"Boost.space: The Best Platform to Sync Data between Applications",85,"Why Boost.space is the Best Collaboration Tool for Your Business",,"Boost.space, cloud platform","<p>Boost.space is a central cloud platform for businesses. Centralize company data from various sources to the central space and amazing tools to work with it. Provide Modules which helps to boost sales, project management, remote collaboration and analytics.</p>"
24051,"Instantly: The AI-Powered Cold Email Campaign Management Platform",91,"The AI-Powered Cold Email Campaign Management Platform: Instantly",,"instantly ai, Instantly Product Review","<p>Instantly is an AI-powered cold email campaign management platform that boosts deliverability and response through automated account warmup and smart sending features.</p>"
24723,"Sessions:Maximizing Your Productivity with User-Friendly Meeting Platform",93,"Maximizing Your Marketing ROI with Sessions' User-Friendly Platform",,"sessions, sessions product review","<p>Sessions is the easy and effective way to run meetings online. It's very simple, yet powerful SaaS solution for hosting webinars, online meetings and events on your own website or third-party platforms..</p>"
24990,"Pabbly Connect: Streamlining Your Workflow with Advanced Automation Features",93,"Streamlining Your Workflow with Pabbly Connect's Advanced Automation Features",,"pabbly connect, pabbly connect lifetime deal, pabbly connect product review, pabbly connect plans","<div data-page-id=""FIi4dwg8foMXR3xsTdTuk0hlsAM"" data-docx-has-block-data=""false"">
<div class=""ace-line ace-line old-record-id-DaaOdkiWcoe2KyxMnpJu8N9QsZe"">Pabbly Connect is an integration application that connects multiple applications together so that you can send data from one of your applications to another and sync your data across multiple applications.</div>
</div>"
25257,"Blackbox: The Best OCR Ever for Copying Text from Videos, Images, PDFs",87,"The Best OCR Ever for Copying Text from Videos, Images, PDFs: Blackbox",,"blackbox, blackbox product review, blackbox appsfomo","<p class=""pdp-page-title"">Blackbox is the best OCR ever! for Browser, Windows, and Mac. It is the fastest way to copy text from videos, images, PDFs, and anything... ever</p>"
25343,"MasterStudy LMS: The Ultimate Tool for Creating Your Own eLearning Platform",90,"MasterStudy LMS: The Ultimate Tool for Creating Your Own eLearning Platform",,"masterstudy lms, masterstudy lms product review, lms product review","<p>MasterStudy LMS is a learning management system (LMS) that helps you build and sell courses on your WordPress site.</p>"
25427,"SEOcrawl: Grow your SEO and Improve Your Website's Ranking",93,"How SEOcrawl Can Help Improve Your Website's Ranking",,"seocrawl, seocrawl product review","<p>SEOcrawl is designed to boost your SEO ranking using a powerful data warehouse, custom-made dashboards, and actionable reports.</p>"
25436,"Sucuri: The Ultimate Tool for Securing Your Website from Cyber Attacks",87,"Sucuri: The Ultimate Tool for Securing Your Website from Cyber Attacks",,sucuri,"<p>The days of getting hacked and losing personal information are over. With security software like Sucuri, you can rest easy knowing that your website is always protected from malicious threats.</p>"
25474,"steve.ai: Revolutionize Your Video Creation with the best AI-Powered Platform",85,"Revolutionize Your Video Creation with steve.ai's AI-Powered Platform",,"steve.ai, steve.ai reviews, steve.ai product reviews","<p class=""aos-init aos-animate"" data-aos=""fade-right"" data-aos-duration=""1200"" data-aos-delay=""600"">Steve.AI is a patented artificial intelligence (AI) tool that enables anyone to create videos and animation. It’s designed to save time for video makers, marketers, and salespeople to create video campaigns faster than ever before.</p>
<div class=""moveDown""> </div>"
25514,"Make: The Visual Platform for Building and Automating Anything",93,"Make: The Visual Platform for Building and Automating Anything",,"make, make product review","<div data-page-id=""FIi4dwg8foMXR3xsTdTuk0hlsAM"" data-docx-has-block-data=""false"">
<div class=""ace-line ace-line old-record-id-DaaOdkiWcoe2KyxMnpJu8N9QsZe"">Make is a visual platform that helps businesses of all sizes design, build, and automate anything, from tasks and workflows to apps and systems</div>
</div>"
25687,"Jasper: The AI Content Generator for Creating Original Content Faster",87,"The AI Content Generator for Creating Original Content Faster: Jasper",,"jasper, jasper ai, jasper ai product review","<div data-page-id=""KHKEdnUexoYpHKxNT1WulP6fsud"" data-docx-has-block-data=""false"">
<div class=""ace-line ace-line old-record-id-OYE6d4CMgoUUs4xslY9uuGtxsOc"">Jasper is the AI Content Generator that helps you and your team break through creative blocks to create amazing, original content 10X faster.</div>
</div>"
25727,"Katteb: Fact-Checked Writing Platform for Producing High-Quality Content",93,"Fact-Checked Writing Platform for Producing High-Quality Content: Katteb ",,"katteb,ai lyrics generator,sentence rewriter tool,rewriting sentences tool","<p>Katteb is user-friendly platform helps writers write faster and with less effort, which helps them produce high-quality content.</p>"
25753,"Shopper.com: Maximizing Your Affliate earning from 25000 Stores",91,"Maximizing Your Affliate earning with Shopper Platform",,"shopper,affiliate marketing how,how affiliate marketing","<p>Shopper is an affiliate marketing platform that helps businesses get started with affiliate marketing. Through Shopper’s affiliate programs, businesses can promote their products and services and earn income from sales generated by affiliate marketing.</p>"
25795,"Elai.io: Create Video Content with Real Human Narrators from Text",87,"Create Video Content with Real Human Narrators from Text: Elai.io",,"elai, elai.io, elai.io lifetime deal, elai.io review","<p class=""aos-init aos-animate"" data-aos=""fade-right"" data-aos-duration=""1200"" data-aos-delay=""600"">Elai.io is a leading text-to-video platform that allows users to generate video content with real human narrators from just text.</p>
<div class=""moveDown""> </div>"
25809,"Geru: The Ultimate Tool for Planning Your Marketing Strategy",93,"Geru: The Ultimate Tool for Planning Your Marketing Strategy",,"geru,sales funnels,sales funnels templates","<p>Geru is a sales funnel tool that helps online businesses automate their sales process. It provides email marketing, social media management, lead capture forms and content optimization tools to streamline the customer journey.</p>"
25837,"LiquidPoll: Creating Engaging Surveys with Advanced Features",91,"Creating Engaging Surveys with LiquidPoll's Advanced Features",,"liquidpoll,liquidpoll review,liquidpoll product review","<p>Liquidpoll is the fastest way to get customer feedback. It is the ultimate WordPress plugin for creating Advanced polls for your brands.</p>"
25959,"Shopia: The AI-Powered Content Writing Assistant for Teams",87,"Shopia: The AI-Powered Content Writing Assistant for Teams",,"Shopia,Shopia app,Shopia Review","<p>Shopia is a content writing assistant that makes the process of creating content easier for teams. The AI-powered tool helps content marketers to focus on the creative aspects of writing, while automating the tedious tasks.</p>"
25980,"Integrately: Automate Your Business with Advanced Workflow Builder",93,"Integrately: Automate Your Business with Advanced Workflow Builder",,"integrately, integrately product review","<p>Integrately is a one-stop solution for all your automation needs. It seamlessly connects all your business tools to each other and automates complicated workflows without any hassle.</p>"
26029,"Social Snap: How to Boost Your Social Media Presence in Wordpress",88,"Social Snap: How to Boost Your Social Media Presence in Wordpress",,"social snap, social share plugin for wordpress, social sharing wordpress plugin","<p>Social Snap is a social media WordPress plugin that offers various tools such as social logins, boost old posts and auto-scheduling content to share.</p>"
26053,"pCloud: The Best Lifetime Cloud Storage Service",86,"Why pCloud is the Best Cloud Storage Service for Personal Use",,"pcloud,pcloud review,pcloud lifetime","<p>pCloud is a cloud storage service that provides users with secure, reliable, and easy-to-use online backup solutions. It offers features such as file sharing, collaboration tools, and digital asset management. pCloud also offers zero knowledge encryption for added security and privacy. With its intuitive user interface, pCloud makes it easy for users to store, manage, and share their data in the cloud.</p>
<p>&nbsp;</p>"
26087,"Notion: the Only Productivity App You'll Ever Need for your Team",87,"Why Notion is the Only Productivity App You'll Ever Need",,"notion, notion product review","<div data-page-id=""Qd0AdSTUootIzFxidnCufafMslb"" data-docx-has-block-data=""false"">
<div class=""ace-line ace-line old-record-id-doxusysRjd7s1AcopZmtknEllxe"">Notion is an app that helps you take notes, manage tasks, create wikis, and databases. It serves as an all-in-one workspace for note-taking, task management, and project management. The app can be accessed via most web browsers.</div>
</div>"
26157,"HyperHost: Best Lifetime Web Hosting Provider for Your Website",85,"Is HyperHost the Best Web Hosting Provider for Your Business",,"hyperhost, hyperhost product review","<p>Hyper Host is a seamless cloud hosting solution that enables organizations to host their number of websites and broadcast businesses online, easily.</p>"
26262,"Typebot: Maximizing Customer Engagement with Personalized Chatbots",77,"Maximizing Customer Engagement with Typebot's Personalized Chatbot Conversations",,"typebot,chatbots,typebot review,typebot appsfomo","<p>Typebot is an artificial intelligence-powered chatbot platform that enables users to create conversational chatbots for websites, applications, and messaging services. It provides a simple drag-and-drop interface to create bots that are robust, scalable, and secure.</p>"
26263,"Outranking: Best AI-Powered Content Research, Writing, and Optimization Tool",93,"Best AI-Powered Content Research, Writing, and Optimization Tool: Outranking",,"outranking, outranking product review, serp, serp checker","Outranking.io is an AI-powered tool that helps to research, write and optimize content for higher organic traffic quickly and efficiently."
26265,"Hide My WP: Easiest way to hide WordPress from Hackers",93,"Hiding WordPress from Hackers: A Comprehensive Review of Hide My WP",,"hide my wp,hide wordpress,plugin wordpress security","<p>Hide my wp ghost plugin is a security plugin that hides your WordPress site from bots and hackers. It offers security features to help you avoid SQL injection attacks and website vulnerabilities, which can be harmful for your site’s security.</p>"
26371,"HelloScribe: The Smart Tool for Creating Quality Content at Scale",93,"HelloScribe: The Smart Tool for Creating Quality Content at Scale",,"helloscribe, helloscribe product review, ai writer","<p>HelloScribe is an AI-based writing assistant used by professionals to brainstorm, draft articles, create headlines, ads, summaries, messaging, and more - in seconds. </p>"
26384,"Monspark: Uptime Monitoring for your Website, Server, or Application",93,"Monitor Any Website, Server, or Application with MonSpark",,"monspark, monspark appsfomo, monspark review","<p>With MonSpark, you can easily monitor any website, server, or application—no programming or complicated setup required!</p>"
26479,"Depositphotos: Find The Perfect Image from Huge Stock Image Library",93,"Find The Perfect Image With Depositphotos' Stock Image Library",,"depositphotos,depositphotos reviews,depositphotos appsfomo","<p>Depositphotos is an online stock photography, vector images, and videos marketplace. It provides a wide variety of royalty-free content from over 75 million images and videos. The platform features unique collections from photographers, illustrators, videographers, and designers all over the world. </p>"
26488,"Serpstat: Maximizing Your Online Presence With Comprehensive SEO Toolkit",93,"Maximizing Your Online Presence With Serpstat's Comprehensive SEO Toolkit",,"serpstat,serpstat review,serpstat reviews,serpstat vs semrush","<p>Serpstat is an all-in-one SEO platform that offers features such as keyword research, backlink analysis, and rank tracking.</p>"
26515,"Cwicly Builder: Flexible and Advanced Gutenberg WordPress Blocks",93,"A Flexible Gutenberg WordPress Tool: Cwicly Builder",,"cwicly, cwicly builder, cwicly review, cwicly appsfomo","<p>Cwicly Builder is a fully optimized no-code WordPress tool designed for speed, flexibility, and performance.</p>"
26530,"DigitalOcean: Simplify Your Cloud Infrastructure, Scalable and Flexible",93,"Simplify Your Cloud Infrastructure With DigitalOcean",,"digitalocean, vps cloud computing platforms, digitalocean vs aws, digitalocean vs linode","<p>DigitalOcean is a cloud computing platform that provides users with the ability to quickly spin up virtual servers, deploy popular applications in one-click, customize their security settings with dedicated firewalls, and take advantage of optimized performance.</p>"
26532,"Bhuman AI: Create Personalized Videos at Scale with the help of AI",88,"The Future of HR: How bhuman AI is Changing the Game",,"bhuman ai, personalized video","<p>BHuman AI Studio is a video creation tool that can be used by small businesses and individual users. It offers basic features for creating customized videos with facial likeness and voice, but it does not offer advanced editing tools or templates. The software can be scaled up by purchasing additional features or storage space.</p>"
26588,"SuperOkay: Customizable Client Portal for Easy Project Sharing",93,"SuperOkay - Customizable Client Portal for Easy Project Sharing",,"superokay, superokay review, client portal platform, superokay appsfomo","<p>SuperOkay is a customizable client portal that enables teams to share project information, assets, and tasks with clients.</p>"
26623,"Outscraper: The Ultimate Tool For Efficient Web Scraping and Data Extraction",93,"Outscraper: The Ultimate Tool For Efficient Web Scraping and Data Extraction","Outscraper is a powerful web scraping tool that helps teams access data from various sources, such as Google Maps, SERP, Google Play Store. It is capable of accessing data from any website via its powerful technologies.","outscraper,scrape google maps","<p>Outscraper is a powerful web scraping tool that helps teams access data from various sources, such as Google Maps, SERP, Google Play Store. It is capable of accessing data from any website via its powerful technologies.</p>"
26635,"SalesRobot: How Can it Help Boost Your Lead Generation Efforts",93,"How SalesRobot Can Help Boost Your Lead Generation Efforts",,"salesrobot, salesrobot review, salesrobot appsfomo","<div data-page-id=""SRJsdQWpwolFgJxScrTujjK5slf"" data-docx-has-block-data=""false"">
<div class="" old-record-id-doxusf0PrbCokBsqf9m5I3y00FG"">SalesRobot is an Automation Tool that helps Sales Development Reps and Marketing Agencies do effective cold outreach on LinkedIn.</div>
</div>"
26639,"ContextMinds: Streamline Your Content Creation and Management",91,"ContextMinds: Streamline Your Content Creation and Management",,"contextminds, content ideas, content writing","<p>ContextMinds is an online platform that helps users create and manage content ideas for their website, blog or other digital marketing channels</p>"
26705,"Systeme.io: Maximizing Your Online Marketing Potential With Automation",88,"Maximizing Your Online Potential With Systeme.io's Marketing Automation",,"systeme.io, systeme io, funnel scripts, free funnel builders","<p>Systeme.io is an online marketing platform designed to make creating and running online businesses easier and faster. Its features include functionalities such as clickfunnels alternative, email automation, A/B testing, event-triggered emails, drip campaigns, and click-through tracking. Its all-in-one platform makes it perfect for anyone looking to create or grow their business with ease.</p>"
26712,"Pipio: Create Stunning Videos In Minutes With AI Technology",91,"Create Stunning Videos In Minutes With Pipio's AI Technology",,"pipio,pipio reviews,pipio product reviews appsfomo","<p>Pipio is an AI-powered video creation platform that helps businesses and individuals create high-quality videos quickly and easily.</p>"
26852,"ZeroWork: No-Code Solution For Automated Web Tasks",93,"ZeroWork's No-Code Solution For Automated Web Tasks",,zerowork,"<div data-page-id=""PJQnd5MI7oCBl6xEV6puToHos3d"" data-docx-has-block-data=""false"">
<div class=""ace-line ace-line old-record-id-Wo0sdikOKoMsukx4s9kuBKf6sgd"">ZeroWork Creator App is a no-code solution that lets you build TaskBots and sell them in their marketplace. If you're looking for a way to automate your web tasks without spending hours coding, then ZeroWork Creator App is the perfect solution! </div>
</div>"
26858,"WHMCS: 5 Key Features Of For Effective Web Hosting",87,"5 Key Features Of WHMCS For Effective Web Hosting",,"whmcs, systeme io, funnel scripts, free funnel builders","<p>WHMCS is a web hosting automation tool that allows businesses to manage their website’s hosting and content easily. Some of the features this application offers include: online billing, email marketing, contact forms, live chat support, and more.</p>"
26941,"WP Shifty: Boost Your Website Speed And Efficiency",93,"Boost Your Website Speed And Efficiency With WP Shifty",,"wp shifty, cwicly builder, cwicly review, cwicly appsfomo","<p>WP Shifty is a Web Speed Optimization tool, which manages all your WordPress plugins and improves work efficiency.</p>"
26985,"Hetzner Cloud VPS Hosting: Scalable, Redundant, And Cost-Effective",85,"Scalable, Redundant, And Cost-Effective: Hetzner Cloud VPS Hosting",,"hetzner, systeme io, funnel scripts, free funnel builders","<p>Hetzner Cloud VPS Hosting is a cloud service that provides users with scalable, redundant, and cost-effective virtual private servers (VPSs). These servers allow you to deploy your own applications and websites on top of them without having to worry about any underlying infrastructure or management tasks</p>"
27005,"EWWW Image Optimizer: Say Goodbye To Slow Loading Images in Wordpress",88,"Say Goodbye To Slow Loading Images With EWWW Image Optimizer",,ewww,"<p>EWWW Image Optimizer is a powerful plugin that helps to optimize images quickly and efficiently without compromising the quality of the images.</p>"
27317,"Joinsecret: Your One-Stop Shop For Discounted Software Products",91,"Joinsecret: Your One-Stop Shop For Discounted Software Products",,joinsecret,"<p>Joinsecret is an online platform that helps businesses find deals and discounts on software products. It provides detailed reviews and ratings to help customers make informed decisions before making a purchase.</p>"
27346,"Linguix: Improve Your Writing With the AI Writing Assistant",93,"Improve Your Writing With Linguix: The AI Writing Assistant",,"linguix, linguix review, linguix vs grammarly","<p>Linguix is a writing assistant that uses artificial intelligence (AI) to help you write better. It offers a range of features to help you improve your writing, including grammar check, spell checking, and formatting suggestions. Additionally, it has a voice input feature that allows you to record your own voice commands to help you improve your writing productivity.</p>"
27544,"SaaSmantra: Best Facebook community for SaaS Entrepreneurs",85,"SaaSmantra: Best Facebook community for SaaS Entrepreneurs",,"saasmantra, saasmantra facebook","<p>A thriving Facebook community of over 9000+ SaaS entrepreneurs and professionals. Get access to valuable resources, tools, and support to help grow your SaaS business and connect with like-minded professionals from Saasmantra Facebook group</p>"
27660,"PDF24: Simplify your PDF Editing with the Best Free PDF Editor",68,"Simplify your PDF Editing with PDF24: Best Free PDF Editor Text",,"pdf editor text,pdf editor open source,pdf editor text free,pdf24","<p>Looking for a free and easy-to-use PDF editor? PDF24 has got you covered! Simplify your editing process with the most powerful open-source PDF editor.</p>"
27987,"Frase: The Best AI Writer for Content Research Tool",92,"Frase: The Best AI Writer for Content Research Tool",,"frase,ai writer,content research,ai writing assistant,paraphrasing tool","<p>Frase is an AI writing assistant that enables users to create high-quality content quickly and efficiently.</p>"
28128,"Reliable Site: Instant Activation Dedicated and Bare Metal Servers in USA",88,"Reliable Site: Instant Activation Dedicated and Bare Metal Servers in USA","Reliablesite is a web hosting company that is dedicated to providing the best service possible for their clients. They specialize in dedicated and bare metal servers and offer instant activation for their services, allowing customers to quickly get up and running. ","reliable site,instant activation dedicated server,dedicated servers in usa,dedicated server us,what is bare metal server","<p>Reliablesite is a web hosting company that specializes in offering dedicated and bare metal servers in the USA. The company was founded in 2008 and has since become one of the leading providers of high-performance hosting solutions for businesses of all sizes. With state-of-the-art data centers located across the USA, Reliablesite offers its customers unparalleled speed, security, and reliability.</p>"
28181,"SEOPress: Boost Your Search Engine Visibility in Wordpress",86,"Boost Your Search Engine Visibility with SEOPress for Wordpress",,"seopress,seopress review,seopress pro overview","<p>SEOPress helps to present your site on search engines by doing on-page and on-site SEO in few clicks.</p>"
28191,"Simplified: Free Content Creation and Marketing Tool",92,,,"simplified,free ai writing tool,ai writer,free ai writer,a i writer","<p>Simplified is a content creation and marketing tool that enables businesses to create engaging content that drives traffic and generates leads. </p>"
28217,"Pabbly Plus: All in One Marketing, Sales &amp; Automation Tools - Lifetime Deal",88,"Pabbly Plus: All in One Marketing, Sales &amp; Automation Tools - Lifetime Deal","Pabbly Plus is a comprehensive all-in-one automation, sales, and marketing platform designed to simplify business operations. The platform comes equipped with various essential tools such as email marketing, subscription billing, form building, and more to improve the efficiency of business processes.","pabbly,pabbly review,pabbly connect,pabbly lifetime","<p>Pabbly Plus is a comprehensive all-in-one automation, sales, and marketing platform designed to simplify business operations. The platform comes equipped with various essential tools such as email marketing, subscription billing, form building, and more to improve the efficiency of business processes.</p>"
28232,"Mangools: Simple SEO Tool for Keyword Research and Tracking",92,"Mangools: Simple SEO Tool for Keyword Research and Tracking",,"mangools,mangools review,mangools pricing,seo keyword tracking tool,seo tool for keyword research","<p>Mangools is a suite of user-friendly SEO tools that can help users with keyword research, competitive analysis, rank tracking and link building.</p>"
28274,"Switchy: Retargeting Links on Facebook, LinkedIn and Social Media",87,"Switchy: Retargeting Links on Facebook, LinkedIn and Social Media","Switchy is a link retargeting tool that enables you to optimize your social media marketing efforts. It lets you customize URLs and add retargeting pixels to them, allowing you to track visitors' behavior and target them with ads later.","switchy,switchy reviews,retargeting link,retargeting facebook,retargeting linkedin","<p>Switchy is a link retargeting tool that enables you to optimize your social media marketing efforts. It lets you customize URLs and add retargeting pixels to them, allowing you to track visitors' behavior and target them with ads later.</p>"
28310,"Namecheap: Cheap Domain Registration Service | 2023 Review",92,"Namecheap: Cheap Domain Registration Service | 2023 Review",,"namecheap,cheap domain register,cheap domain registration,namecheap reviews","<p>Namecheap is a trusted domain registrar and web hosting provider offering customers cheap prices, comprehensive features, and excellent customer service.</p>"
28354,"SE Ranking: Content Marketing Platform with Competitive Pricing",92,"SE Ranking: Content Marketing Platform with Competitive Pricing",,"se ranking,se ranking review","<p>SE Ranking is a marketing platform comprised of a set of tools designed to assist marketers and SEO experts in their work.</p>"
28397,"Berrycast: Screen Recording and Sharing App for Business Communication",91,"Berrycast: Screen Recording and Sharing App for Business Communication",,"berrycast,screen recording windows,screen recording online,screen recording app,screen recording video","<p>Get creative with your recordings with Berrycast! This powerful screen recording software allows you to capture audio from multiple sources, annotate recordings with text and images, and stream recordings online. </p>"
28434,"Triplo.ai: AI Assistant for Windows, Mac, Linux, Android and Chromebooks",82,"Triplo.ai: AI Assistant for Windows and Mac",,"triplo.ai, ai for windows, chatgpt for windows 10","<p>Triplo.ai is an AI-powered assistant that provides users with access to AI-powered features, services and insights that can help make their work more productive.</p>"
28507,"AppSumo: The #1 Lifetime Deal Community for Entrepreneurs",88,"AppSumo: The #1 Lifetime Deal Community for Entrepreneurs",,appsumo,"<p>Appsumo is the most trusted platform for entrepreneurs, marketers, and business owners looking for SaaS tools and softwares. The platform offers an extensive range of products at unbeatable prices. </p>"
28585,"Martechwise: SaaS & Marketing Tool Reviews To Platform",84,"Martechwise: SaaS &amp; Marketing Tool Reviews To Platform",,martechwise,"<p>Discover the best SaaS and marketing tools for your business with Martechwise. Read in-depth reviews and make informed decisions to optimize your online presence. Join our community today!</p>"
28756,"Microsoft OneDrive: The Top Online File Storage and Sharing for Teams",91,"Microsoft OneDrive: The Top Online File Storage and Sharing for Teams",,"microsoft onedrive,cloud storage for personal use,collaborative file sharing for teams,secure online file storage solution","<p>Microsoft OneDrive is an easy-to-use cloud storage solution that allows users to store and share files securely with teams, customers and clients.</p>
<p>&nbsp;</p>"
28771,"Linksy: WordPress Plugin for Internal Linking | Better Wordpress SEO",92,"Linksy: WordPress Plugin for Internal Linking | Better Wordpress SEO",,"linksy,wordpress internal linking,internal linking wordpress","<p>Linksy is an internal linking plugin for WordPress that helps you create optimized anchor texts and build an effective internal link structure.</p>"
28773,"Magic Bookifier: Turn any video or audio into a stunning ebook.",88,,"Magic Bookifier is an innovative platform that can transform your video or audio content into an attractive and engaging ebook. It's a user-friendly solution that's ideal for anyone looking to create ebooks, manage audio content, or sell their publications online.","magic bookifier, ebook maker, video to ebook, magic bookifier review","<p>Magic Bookifier is an innovative platform that can transform your video or audio content into an attractive and engaging ebook. It's a user-friendly solution that's ideal for anyone looking to create ebooks, manage audio content, or sell their publications online.</p>
<p>&nbsp;</p>"
28811,"Kwikcart: Take Your E-Commerce Business to New Heights",86,"Kwikcart: Take Your E-Commerce Business to New Heights",,"kwikcart,kwikcart lifetime deal","<p>Elevate your e-commerce game with Kwikcart, the powerful platform designed to simplify your operations and maximize profits. Find out more on our website.</p>
<p>&nbsp;</p>"
28911,"Microsoft Office 365: The Best Online Collaboration Tool for Remote Teams",90,,,"microsoft office 365, microsoft office 365 review, microsoft 365 review appsfomo","<p><span class=""lt-line-clamp__line"">Microsoft 365 is the productivity cloud that combines best-in-class productivity apps with intelligent cloud services that</span> <span class=""lt-line-clamp__line lt-line-clamp__line--last"">transform the way your organization can do more with less.</span></p>"
28929,"Wondershare Filmora: The Go-To Video Editing Software for Creators",91,,,"wondershare, wondershare filmora review, how to use wondershare filmora, wondershare filmora features","<p>Wondershare Filmora is an intuitive video editor packed with advanced tools and features. It has a user-friendly interface and intuitive tools that make it easy for beginners to use. </p>"
28936,"HostGator web hosting: The Reliable Web Hosting Solution with Flexible Plans",77,,,"Hostgator web hosting, hostgator web hosting review, hostgator web hosting review appsfomo","<div data-page-id=""VZvGdWLXPoHkUix0kiMucuC2sBg"" data-docx-has-block-data=""false"">
<div class=""ace-line ace-line old-record-id-LkWCdoM6GoyYw2xyCWhuFlMEstd"">HostGator is an excellent web hosting service that offers various powerful tools, including a terrific website builder for bloggers and small businesses.</div>
</div>"
28948,"GetScreen.me: The Simple and Affordable Remote Desktop Solution",87,," ","getscreen.me remote desktop, how to use getscreen.me, getscreen.me pricing",<p>CodeGuard</p>
28991,"HostGator WordPress Hosting: Easy and Reliable Solution for Wordpress",75,,"HostGator is a web hosting company that provides a wide range of hosting solutions, including WordPress hosting. Their services include shared hosting, cloud hosting, VPS, dedicated servers, domain registration and transfer, CodeGuard, SiteLock, SSL certificates and much more.","hostgator wordpress hosting,hostgator wordpress hosting review,hostgator wordpress hosting plans,how to install wordpress on hostgator wordpress hosting","<p>HostGator is a web hosting company that provides a wide range of hosting solutions, including WordPress hosting. Founded in 2002, they have established themselves as a reliable and user-friendly choice for website owners around the world. Their services include shared hosting, cloud hosting, VPS, dedicated servers, domain registration and transfer, CodeGuard, SiteLock, SSL certificates and much more.</p>"
28993,"GameStop: Your One-Stop Shop for PlayStation Games and More",91,,,"gamestop, gamestop playstation, gamestop used games","<p>GameStop is a premier gaming retailer for consoles, video games, and accessories for all major platforms like PlayStation.</p>"
29005,"Intuit: Suite of Small Business Software and Finance Management",85,,,"intuit,intuit product review,intuit review appsfomo","<p>The global financial technology platform that powers prosperity for the people and communities we serve with TurboTax, Credit Karma, QuickBooks, and Mailchimp.</p>"
29041,"Flip Booklets: Create Engaging Flipbooklets with Free Flip Book Maker",92,,,"flipbooklets,free flip book maker,flip book maker free,flip book maker online free,pdf flip book,pdf to flip book","<p>Say goodbye to boring PDFs and hello to interactive flipbooklets with our free flip book maker. Convert your PDFs to flip books online for free and take your content to the next level.</p>"
29056,"MySignature: Create Professional Email Signatures for Free",92,,,"mysignature,best email signature generator,email signature generator gmail,best email signature generator free","<p>MySignature is an easy-to-use and powerful tool for creating professional email signatures.</p>"
29073,"Notice: Engage Your Audience with Seamless Content Publishing",86,,,"notice, notice studio review, notice studio review appsfomo","<div data-page-id=""B7f4dMF1uocU0pxESWgu0Qhjsfc"" data-docx-has-block-data=""false"">
<div class=""ace-line ace-line old-record-id-LtS1d4OL6ofEAqxYgAHuobgIsqg"">Notice is an AI-powered content editor that lets you publish written content anywhere, including WordPress and Shopify. A no-code editor to create, manage and translate content. Create new smart blocks that blend with your product.</div>
</div>"
29076,"ChatPDF: Simplify Your PDF Conversion and Editing",87,,"ChatPDF is a user-friendly platform that simplifies the process of converting and editing PDF documents. Whether you're a professional or simply need to convert a document for personal use, ChatPDF makes it easy. With its intuitive interface and powerful features, you can quickly convert your PDF files to a variety of formats, such as Word, Excel, PowerPoint, and more.","chatpdf,chatpdf.com,chatpdf. com,how does chatpdf work,chatpdf alternative","<p>ChatPDF is a user-friendly platform that simplifies the process of converting and editing PDF documents. Whether you're a professional or simply need to convert a document for personal use, ChatPDF makes it easy. With its intuitive interface and powerful features, you can quickly convert your PDF files to a variety of formats, such as Word, Excel, PowerPoint, and more.</p>"
29109,"Ultimate Social: Boost Your Social Engagement Social Sharing Plugin",92,,,"ultimate social,wordpress social media plugin,plugin wordpress social media,wordpress social media plugins,best wordpress social media plugin,wordpress social media icons","<p>Ultimate Social is the perfect WordPress plugin to help you increase engagement with your website content on social media.</p>"
29110,"MyPopups: Create Engaging Popups &amp; Boost Your Conversion Rate",88,,"MyPopUps is a powerful tool that allows businesses to create engaging popups on their websites. It offers a wide range of customizable design templates and automatic integration features, making it incredibly easy for businesses to create effective popups that generate leads and increase conversions.","mypopups,popup builder,pop up builder,popup maker wordpress","<p>MyPopUps is a powerful tool that allows businesses to create engaging popups on their websites. It offers a wide range of customizable design templates and automatic integration features, making it incredibly easy for businesses to create effective popups that generate leads and increase conversions.</p>"
29130,"BackupBliss: Best WordPress Backup and Migration Plugin for Reliable Data Protection",90,,,"backupbliss, backup and migration plugin, backupbliss review","<p>This plugin is an all-in-one solution if you need to migrate your site to another host or just restore the local backup</p>"
29158,"Follow.it: Streamline Your Marketing with this Funnel Builder App",91,,,"follow.it,funnel builder,funnel builder free,best funnel builder,funnel builder software","<p>Follow.it is a powerful funnel builder that helps businesses of all sizes increase leads and sales.</p>"
29189,"MainWP - The Ultimate WordPress Manager for streamlined site management",88,,,"mainwp,wordpress manager,mainwp coupon,wordpress manager plugin,mainwp discount code","<p>MainWP is a popular plugin for WordPress that helps users manage multiple WordPress websites from a single centralized dashboard. It offers a range of features and functionalities that streamline website management and maintenance tasks.</p>"
