Title,ID,,,,,,,,,,,,,,,,,,
Ninja Forms,2923,,,,,,,,,,,,,,,,,,
Gravity forms,2924,,,,,,,,,,,,,,,,,,
Formidable Forms,2925,,,,,,,,,,,,,,,,,,
Frontend Publishing Pro,2926,,,,,,,,,,,,,,,,,,
Envira Gallery,2930,,,,,,,,,,,,,,,,,,
Quform,2932,,,,,,,,,,,,,,,,,,
Super Forms,2934,,,,,,,,,,,,,,,,,,
ARForms,2936,,,,,,,,,,,,,,,,,,
NEX forms,2938,,,,,,,,,,,,,,,,,,
Eform,2940,,,,,,,,,,,,,,,,,,
FormCraft,2942,,,,,,,,,,,,,,,,,,
WonderPlugin,2944,,,,,,,,,,,,,,,,,,
Foo Gallery,2946,,,,,,,,,,,,,,,,,,
NextGEN Gallery,2948,,,,,,,,,,,,,,,,,,
Justified Image Grid,2950,,,,,,,,,,,,,,,,,,
Awesome Gallery,2952,,,,,,,,,,,,,,,,,,
User Pro,2962,,,,,,,,,,,,,,,,,,
Keyword Tool,2964,,,,,,,,,,,,,,,,,,
Visual Composer,2966,,,,,,,,,,,,,,,,,,
Cornerstone,2968,,,,,,,,,,,,,,,,,,
Paid Membership Pro,2976,,,,,,,,,,,,,,,,,,
AccessPress Anonymous Post Pro,2980,,,,,,,,,,,,,,,,,,
S2 Member Pro,2984,,,,,,,,,,,,,,,,,,
LayerSlider,2988,,,,,,,,,,,,,,,,,,
Soliloquy,2990,,,,,,,,,,,,,,,,,,
Meta Slider,2992,,,,,,,,,,,,,,,,,,
Wonder Slider,2995,,,,,,,,,,,,,,,,,,
Superfly,2997,,,,,,,,,,,,,,,,,,
Easy Social Share Button,2999,,,,,,,,,,,,,,,,,,
Monarch,3003,,,,,,,,,,,,,,,,,,
Shield WordPress Security,3005,,,,,,,,,,,,,,,,,,
Bookly,3007,,,,,,,,,,,,,,,,,,
Flow Flow,3009,,,,,,,,,,,,,,,,,,
Booki,3011,,,,,,,,,,,,,,,,,,
Social Media Feather,3013,,,,,,,,,,,,,,,,,,
Layered Popups,3015,,,,,,,,,,,,,,,,,,
Social share buttons - social pug,3017,,,,,,,,,,,,,,,,,,
Realtyna,3019,,,,,,,,,,,,,,,,,,
ConvertPlus,3021,,,,,,,,,,,,,,,,,,
Booked,3023,,,,,,,,,,,,,,,,,,
Roots Popups,3025,,,,,,,,,,,,,,,,,,
Awesome Live Chat,3027,,,,,,,,,,,,,,,,,,
WP Simple Booking calendar,3029,,,,,,,,,,,,,,,,,,
Chat X,3031,,,,,,,,,,,,,,,,,,
Web 2.0 Directory,3033,,,,,,,,,,,,,,,,,,
EventOn,3035,,,,,,,,,,,,,,,,,,
Real Estate Pro,3037,,,,,,,,,,,,,,,,,,
Ninja Popups,3039,,,,,,,,,,,,,,,,,,
Estatik,3043,,,,,,,,,,,,,,,,,,
Easy Property Listing,3045,,,,,,,,,,,,,,,,,,
WordPress Live Chat Plugin,3047,,,,,,,,,,,,,,,,,,
WP Flat Visual Chat,3049,,,,,,,,,,,,,,,,,,
Templatera,3051,,,,,,,,,,,,,,,,,,
Interactive World Maps,3053,,,,,,,,,,,,,,,,,,
WooCommerce Single Product Page Builder,3055,,,,,,,,,,,,,,,,,,
Visual Composer Clipboard,3057,,,,,,,,,,,,,,,,,,
Ultimate Addons for Visual Composer,3059,,,,,,,,,,,,,,,,,,
Visual Composer Extensions Addon,3061,,,,,,,,,,,,,,,,,,
4k Icon Fonts for Visual Composer,3063,,,,,,,,,,,,,,,,,,
Ultimate Tweaker,3065,,,,,,,,,,,,,,,,,,
Visual Composer Extensions Addon All in One,3071,,,,,,,,,,,,,,,,,,
Easy Tables,3073,,,,,,,,,,,,,,,,,,
Javo,3075,,,,,,,,,,,,,,,,,,
Massive Addons for Visual Composer,3077,,,,,,,,,,,,,,,,,,
DHVC form,3079,,,,,,,,,,,,,,,,,,
Woocommerce Products Layouts,3081,,,,,,,,,,,,,,,,,,
Comet Cache,3091,,,,,,,,,,,,,,,,,,
Anti-spam Bee,3095,,,,,,,,,,,,,,,,,,
CleanTalk,3099,,,,,,,,,,,,,,,,,,
WPBruiser,3101,,,,,,,,,,,,,,,,,,
"WordPress, BuddyPress Users Chat Plugin",3105,,,,,,,,,,,,,,,,,,
WooCommerce Amazon Affiliates,3107,,,,,,,,,,,,,,,,,,
Table Rate Shipping,3109,,,,,,,,,,,,,,,,,,
WooCommerce Extra Product Options,3113,,,,,,,,,,,,,,,,,,
WooCommerce Shipping Tracking,3115,,,,,,,,,,,,,,,,,,
WooCommerce Dynamic Pricing and Discounts,3117,,,,,,,,,,,,,,,,,,
Testimonials Showcase,3121,,,,,,,,,,,,,,,,,,
Reviewer,3123,,,,,,,,,,,,,,,,,,
Let's Review,3125,,,,,,,,,,,,,,,,,,
Taqyeem,3127,,,,,,,,,,,,,,,,,,
Rating Form,3129,,,,,,,,,,,,,,,,,,
Sidebar Widget Manager,3131,,,,,,,,,,,,,,,,,,
Custom Widget Areas for WordPress,3133,,,,,,,,,,,,,,,,,,
Widget Ninja,3135,,,,,,,,,,,,,,,,,,
Popping Sidebars and Widgets,3137,,,,,,,,,,,,,,,,,,
5sec Google Maps Pro,3139,,,,,,,,,,,,,,,,,,
Hero Maps Premium,3143,,,,,,,,,,,,,,,,,,
UberMenu,3147,,,,,,,,,,,,,,,,,,
Hero Menu,3149,,,,,,,,,,,,,,,,,,
Ajax Translator Revolution,3151,,,,,,,,,,,,,,,,,,
The Grid,3155,,,,,,,,,,,,,,,,,,
Instagram Feed,3157,,,,,,,,,,,,,,,,,,
Elite Video Player,3159,,,,,,,,,,,,,,,,,,
Wordpress Automatic Plugin,3161,,,,,,,,,,,,,,,,,,
Responsive flipbook,3165,,,,,,,,,,,,,,,,,,
Go Pricing,3169,,,,,,,,,,,,,,,,,,
Advanced Google Maps,3171,,,,,,,,,,,,,,,,,,
Smart Image Compressor,3173,,,,,,,,,,,,,,,,,,
WP Cost Estimation,3179,,,,,,,,,,,,,,,,,,
WP Timeline,3181,,,,,,,,,,,,,,,,,,
White Label,3185,,,,,,,,,,,,,,,,,,
Essential Grid,3187,,,,,,,,,,,,,,,,,,
Master Slider,3189,,,,,,,,,,,,,,,,,,
Kraken,3191,,,,,,,,,,,,,,,,,,
Mega Menu,3193,,,,,,,,,,,,,,,,,,
Mini Go,3203,,,,,,,,,,,,,,,,,,
Image map pro,3205,,,,,,,,,,,,,,,,,,
Tube,3209,,,,,,,,,,,,,,,,,,
Agile store locator,3211,,,,,,,,,,,,,,,,,,
Album Stripes,3215,,,,,,,,,,,,,,,,,,
Mycase,3217,,,,,,,,,,,,,,,,,,
Google Analytics E-commerce,3223,,,,,,,,,,,,,,,,,,
Woo Commerce Recover Abandoned Cart,3225,,,,,,,,,,,,,,,,,,
Popup Container adobe muse widget,3227,,,,,,,,,,,,,,,,,,
Ultratabs Magento Extension,3229,,,,,,,,,,,,,,,,,,
Powerbanners,3233,,,,,,,,,,,,,,,,,,
Wunderadmin,3235,,,,,,,,,,,,,,,,,,
Magneto installer/duplicator,3239,,,,,,,,,,,,,,,,,,
Newsletter popup for magneto,3241,,,,,,,,,,,,,,,,,,
Sage,3299,,,,,,,,,,,,,,,,,,
Dreamvilla,3305,,,,,,,,,,,,,,,,,,
Photography,3311,,,,,,,,,,,,,,,,,,
Buzzler,3315,,,,,,,,,,,,,,,,,,
Listify,3317,,,,,,,,,,,,,,,,,,
Kleo,3319,,,,,,,,,,,,,,,,,,
Consulting,3321,,,,,,,,,,,,,,,,,,
WordPress Project Bidding : Sitemile,3323,,,,,,,,,,,,,,,,,,
Walleto,3329,,,,,,,,,,,,,,,,,,
Makery,3331,,,,,,,,,,,,,,,,,,
Jobify,3333,,,,,,,,,,,,,,,,,,
Listable,3335,,,,,,,,,,,,,,,,,,
Motors,3337,,,,,,,,,,,,,,,,,,
Real Places,3343,,,,,,,,,,,,,,,,,,
ApartmentWP,3345,,,,,,,,,,,,,,,,,,
Full House,3347,,,,,,,,,,,,,,,,,,
Residence,3349,,,,,,,,,,,,,,,,,,
WP Rentals,3351,,,,,,,,,,,,,,,,,,
Real Homes,3353,,,,,,,,,,,,,,,,,,
ROSA,3355,,,,,,,,,,,,,,,,,,
Pronto,3357,,,,,,,,,,,,,,,,,,
Business Finder,3359,,,,,,,,,,,,,,,,,,
Sweet Date,3361,,,,,,,,,,,,,,,,,,
Mingle,3363,,,,,,,,,,,,,,,,,,
Buddy,3367,,,,,,,,,,,,,,,,,,
Socialize,3369,,,,,,,,,,,,,,,,,,
Academy,3375,,,,,,,,,,,,,,,,,,
University,3377,,,,,,,,,,,,,,,,,,
LMS,3379,,,,,,,,,,,,,,,,,,
Porto,3381,,,,,,,,,,,,,,,,,,
Blaszok,3383,,,,,,,,,,,,,,,,,,
Atelier,3387,,,,,,,,,,,,,,,,,,
Flatsome,3391,,,,,,,,,,,,,,,,,,
Shopkeeper,3393,,,,,,,,,,,,,,,,,,
The Retailer,3395,,,,,,,,,,,,,,,,,,
Job Career,3397,,,,,,,,,,,,,,,,,,
Fable,3399,,,,,,,,,,,,,,,,,,
Karma,3403,,,,,,,,,,,,,,,,,,
uDesign,3405,,,,,,,,,,,,,,,,,,
Home Villas,3407,,,,,,,,,,,,,,,,,,
Sahifa,3409,,,,,,,,,,,,,,,,,,
Gonzo,3411,,,,,,,,,,,,,,,,,,
Modesto,3413,,,,,,,,,,,,,,,,,,
Joker,3415,,,,,,,,,,,,,,,,,,
Preschool,3417,,,,,,,,,,,,,,,,,,
EduCare,3419,,,,,,,,,,,,,,,,,,
Universh,3421,,,,,,,,,,,,,,,,,,
Falcons,3428,,,,,,,,,,,,,,,,,,
NRGNetwork,3433,,,,,,,,,,,,,,,,,,
Geeklove,3435,,,,,,,,,,,,,,,,,,
Aimer,3439,,,,,,,,,,,,,,,,,,
Crown,3441,,,,,,,,,,,,,,,,,,
MediCenter,3443,,,,,,,,,,,,,,,,,,
MaxHost,3445,,,,,,,,,,,,,,,,,,
MedicalPress,3447,,,,,,,,,,,,,,,,,,
Spa Lab,3451,,,,,,,,,,,,,,,,,,
Tour Package,3453,,,,,,,,,,,,,,,,,,
Traveler,3455,,,,,,,,,,,,,,,,,,
Travelo,3457,,,,,,,,,,,,,,,,,,
Trendy Travel,3459,,,,,,,,,,,,,,,,,,
Nation Hotel,3461,,,,,,,,,,,,,,,,,,
Neve,8371,,,,,,,,,,,,,,,,,,
Zelle (Zerif),8379,,,,,,,,,,,,,,,,,,
Flexia,8393,,,,,,,,,,,,,,,,,,
Saastronaut Life,9944,,,,,,,,,,,,,,,,,,
SaaS Master,9948,,,,,,,,,,,,,,,,,,
SpinRewriter,10216,,,,,,,,,,,,,,,,,,
Analytify,10333,,,,,,,,,,,,,,,,,,
Bridge,10638,,,,,,,,,,,,,,,,,,
MarTech,10962,,,,,,,,,,,,,,,,,,
Digitalthink,11028,,,,,,,,,,,,,,,,,,
Pitchground,11031,,,,,,,,,,,,,,,,,,
SaaS Mantra,13634,,,,,,,,,,,,,,,,,,
Boei,14377,,,,,,,,,,,,,,,,,,
Kalium,14747,,,,,,,,,,,,,,,,,,
Meld,14915,,,,,,,,,,,,,,,,,,
Soledad,15511,,,,,,,,,,,,,,,,,,