ID,Title,External Product URL
710,Swift Performance,https://swiftperformance.io/?ref=75
716,Divi Theme,https://www.elegantthemes.com/gallery/divi/
1522,WPastra Theme,https://wpastra.com/
2920,WPForms,https://wpforms.com/
2954,Ultimate Membership Pro,https://1.envato.market/jWE3Ya
2956,All In One SEO,https://wordpress.org/plugins/all-in-one-seo-pack/
2958,Restrict Content Pro,https://restrictcontentpro.com/
2960,SEO by Squirrly,https://squirrly.idevaffiliate.com/idevaffiliate.php?id=575&url=599
2972,Site Origin,https://siteorigin.com/page-builder/
2974,Beaver Builder,https://www.wpbeaverbuilder.com/?utm_expid=82857025-12.lTgZ_x1STniDBYg5MIL3JA.0
2982,SEMrush,https://www.semrush.com/
2986,Slider Revolution,https://1.envato.market/Eaye1X
2993,Ithemes Security Pro,https://stellarwp.pxf.io/rnvxEd
3001,Wordfence,https://wordpress.org/plugins/wordfence/
3067,Akismet,https://akismet.com/
3069,WPML,https://wpml.org/?aid=160510&affiliate_key=yFigoxbO1nvn
3083,WP Rocket,https://wp-rocket.me/
3085,Anti-spam Pro,https://1.envato.market/5beQoD
3087,W3 Total Cache,https://www.w3-edge.com/products/w3-total-cache
3089,WP Fastest Cache,https://www.wpfastestcache.com/
3103,WP Cerber,https://wpcerber.com/
3111,Woof,https://1.envato.market/kjn3Yv
3119,Hide My WP,https://1.envato.market/e4oMYZ
3163,Scrapes,https://octolooks.com/wordpress-auto-post-and-crawler-plugin-scrapes/
3167,Ajax Search Pro,https://1.envato.market/LPvq73
3177,WP Data Tables,https://1.envato.market/RyOdJa
3183,Content Egg,https://1.envato.market/4ern6M
3195,WordPress Real Media Library,https://1.envato.market/DVEg7G
3197,Yellow Pencil,https://1.envato.market/9W1P0Y
3207,Mailster,https://1.envato.market/jWE3Yb
3291,Theme X,https://1.envato.market/YgqmWm
3293,Newspaper,https://1.envato.market/MXDda3
3297,The7,https://1.envato.market/KeqdkA
3301,Jupiter,https://1.envato.market/DVbdDo
3307,Publisher,https://betterstudio.com/
3309,Rehub,https://1.envato.market/5bM0O9
3313,Eduma,https://1.envato.market/P0L97M
3325,Enfold,https://1.envato.market/x926AA
3327,Be Theme,https://1.envato.market/rnzNAQ
3341,WYZI- Business Finder,https://1.envato.market/kjn3Yx
3365,Woffice,https://1.envato.market/4eWxg3
3371,WPLMS,https://1.envato.market/NK6v21
3373,EducationPress,https://1.envato.market/MXNvgn
3389,Oxygen,https://1.envato.market/9WJj2E
3430,Thrive,https://1.envato.market/KeZvPe
3465,Bellevue,https://1.envato.market/a1W9Lo
3580,Avada,https://1.envato.market/Vy6vQM
3583,Yoast SEO,https://yoast.com/wordpress/plugins/seo/
6206,Cloudflare,https://www.cloudflare.com/
6255,cPanel,https://cpanel.net/
6408,BunnyCDN,https://bunny.net/?ref=hwp33ga9nq
6419,SiteGround,https://www.siteground.com/index.htm?afcode=141d3f76b9dc0ff488e3e8f379ef4636
6427,Bluehost,https://www.bluehost.com/
6488,Plesk,https://www.plesk.com/
6537,Plutio,https://www.plutio.com/
6622,CiuisCRM,https://1.envato.market/QOYMg6
6645,Mailchimp,https://shop.appsfomo.com/p/cWPi/r
6938,SendGrid,https://sendgrid.com/
8302,Hestia,https://themeisle.com/themes/hestia/
8314,OceanWP,https://oceanwp.org/
8336,ShopIsle,https://themeisle.com/themes/shop-isle-pro/#pricing
8340,BetterDocs,https://betterdocs.co/
8345,Generatepress,https://generatepress.com/
8405,Kadence,https://stellarwp.pxf.io/Yg5GvJ
8509,Imagely,https://www.imagely.com/pricing/
9234,Brizy,https://www.brizy.io/brizy-pro-pricing/
9530,SEOPress,https://www.seopress.org/pricing/ref/452/
9862,Elementor Pro,https://elementor.com/pro/
9880,LearnDash,https://stellarwp.pxf.io/e4oGn6
9895,Caldera Forms,https://calderaforms.com/pricing/
9904,StackSocial,https://stacksocial.com/
9911,AppSumo,https://appsumo.com/
9936,Shortpixel,https://shortpixel.com/otp/af/FCYPXYV288365
10007,WP Fluent Forms,https://wpmanageninja.com/downloads/fluentform-pro-add-on/
10059,Ora,https://ora.pm/
10060,Glorify,https://www.glorify.com?ref=appsfomo
10061,Trello,https://trello.com/home
10062,VistaCreate,https://crello.com/
10082,WP Security Ninja,https://wpsecurityninja.com/#pricing
10114,All-in-One WP Migration,https://import.wp-migration.com/
10260,TexAu,https://texau.com/
10281,Amelia,https://wpamelia.com/pricing/
10284,Advanced Custom Fields,https://www.advancedcustomfields.com/pro/
10402,RelayThat,https://www.dealify.com/relaythat/?deal=stellar
10797,Shopify,https://www.relaythat.com/pricing
11133,Magento,https://magento.com/products/pricing
11198,WordPress,https://wordpress.org/
11413,User Back,https://www.userback.io/?rc=7zpwojMDlIvv72Q
11527,7 Zip,https://www.7-zip.org/
11620,Drupal,https://www.drupal.org/
11694,WP Reset,https://shortpixel.com/pricing
11772,WebARX,https://www.webarxsecurity.com/pricing/
13015,Grammarly,https://www.grammarly.com/premium
13338,TortoiseGit,https://download.tortoisegit.org/tgit/
13461,ArticleForge,https://www.articleforge.com/?ref=021ce2
13549,Virusdie,https://virusdie.com/user/referal/?id=196793
13698,Loginpress,https://loginpress.pro/pricing/
14060,Sucuri,https://sucuri.net/website-security-platform/signup/
14737,All In One WordPress Security and Firewall Plugin,https://www.tipsandtricks-hq.com/wordpress-security-and-firewall-plugin
15653,LiveWebinar,https://app.livewebinar.com/pricing
15862,Essential Addons for Elementor,https://essential-addons.com/elementor/#pricing
16794,Cartflows,https://cartflows.com/
16916,WP Engine,https://wpengine.com/
17751,Kinsta,https://kinsta.com/
17798,Backup Guard,https://backup-guard.com/
18134,Mailpoet,https://www.mailpoet.com/
18166,Hostinger,https://www.hostinger.in/
18413,Weje,https://appsfomo.com/weje/
18590,Autoptimize,https://wordpress.org/plugins/autoptimize/
19614,WPvivid Backup,https://wpvivid.com/ref/456/
20584,Quillbot,https://try.quillbot.com/spfb9nl5f3te
21191,Crove.app,https://shop.appsfomo.com/p/3EQ3/r
21211,Chugzi,https://shop.appsfomo.com/p/hZLz/r
21454,WPSmartPay,https://wpsmartpay.com/
21491,Usetiful,https://www.usetiful.com/
21673,RemasterMedia,https://www.remastermedia.com/
21689,Biteplay,https://biteplay.com/
21763,GummySearch,https://gummysearch.com/
22024,ContentBot,https://contentbot.ai?fpr=appsfomo
22130,TrueRanker,https://trueranker.com/
22168,Trust,https://usetrust.io/
22217,NeuronWriter,https://shop.appsfomo.com/p/71yK/r
22248,Vepaar,https://vepaar.com/
22264,Scalenut,https://www.scalenut.com/
22281,Prelo,https://www.prelo.io/
22320,Xpro Addons for Elementor,https://elementor.wpxpro.com/
22336,SheerSEO,https://www.sheerseo.com/
22376,Wordplay ,https://login--wordplay.thrivecart.com/lifetime-plan-7500/
22406,WooLentor,https://woolentor.com/
22432,Microsoft Power Automate,https://shop.appsfomo.com/p/kznH/r
22458,useArtemis,https://shop.appsfomo.com/p/EyIf/r
22491,Bit Integrations,https://www.bitapps.pro/bit-integrations
22518,BackupSheep,https://backupsheep.com/?via=appsfomo
22564,Dukaan,http://shop.appsfomo.com/p/7Kke/r
22606,Heartbeat,https://www.heartbeat.chat/
22654,WP Force SSL,https://wpforcessl.com/
22670,Grab Your Reviews,https://shop.appsfomo.com/p/lKLc/r
23000,LeadRocks,https://shop.appsfomo.com/p/nCwY/r
23042,pxl.to,https://shop.appsfomo.com/p/u5aq/r
23323,Rank Math,https://rankmath.com/?ref=rohit-6407
23517,Meta API,https://www.meta-api.io/
23718,LeadRocks -- to be updated,https://shop.appsfomo.com/p/nCwY/r
23719,Boost.space,https://boost.space/
