Title,Sku,ID,Post Type,Product Type,Parent Product ID,Sale Price,Featured Image,Regular Price ($),Price Suffix,Product categories,Brand,rank_math_seo_score,Permalink,External URL,Button Text,Date,Type,Review Date,Author,Company Name,Country,Marketplace,Free Version,Initial Release,Other products,Active Installations,Wp.org Ratings,Product Type,Free Extensions,Premium Extensions,Multi lang support,Pricing options,Past LTD,Money-Back Guarantee,Appsfomo Ratings,Support System,Site Usage,Documentation,Competitor,Affiliate Program
Swift Performance,,710,product,external,0,,Done,50,/Year,Wordpress Plugins>Caching Plugin,SWTE Group Ltd,12,https://appsfomo.com/reviews/swift-performance/,https://swiftperformance.io/?ref=75,Buy Now,22-01-2021,Cache Plugin,March 2023,SWTE Plugins,SWTE Group Ltd,"Ujlengyel, Hungary",Own Site,Available on WP.org ,2015,None,10k +,4.5,Caching and Optimization,None,1 Pro Addon,Yes,Yearly,Yes,14 Days,,"Support Ticket,Social Media","1 Site,5+ Sites,100+ Sites,Unlimited Sites",Good,"WP Rocket,WP Super Cache, W3 Total Cache",Yes
WPForms,,2920,product,external,0,,Done,50,/Year,Wordpress Plugins>Forms &amp; Popups,WPForms LLC,12,https://appsfomo.com/reviews/wpforms/,https://wpforms.com/,Buy Now,10/7/2020,Contact Form,March 2023,Jared Atchison ,WPForms LLC,USA,Own Site,Available on WP.org ,2016,"WP Simple Pay, All in one SEO, OptinMonster, Easy Digital Downloads",5M +,5,,10+ Free Addons,20+ Pro Addons,Yes,Yearly,Yes,14 Days,,"Email,Support Ticket","1 Site,3+ Sites,5+ Sites,Unlimited Sites",Excellent,"Fluent Forms,Caldera Forms",Yes
Ultimate Membership Pro,,2954,product,external,0,24,Done,59, Onetime,Wordpress Plugins>Membership,Ultimate Member Group LTD,12,https://appsfomo.com/reviews/ultimate-membership-pro/,https://codecanyon.net/item/ultimate-membership-pro-wordpress-plugin/12159253,Buy Now,29-07-2020,Membership Plugin,March 2023,Alexandru Spinu,Ultimate Member Group LTD,"Glasgow, GB",Codecanyon,Available on Own Site,2015,"Ultimate Affiliate Pro, Ultimate Learning Pro",2M +,4.3,,20+ Free Addons,20+ Pro Addons,Yes,"Yearly,One-time Payment",No,14 Days,,"Email,Live Chat",Unlimited Sites,Excellent,Memberpress,No
All In One SEO,,2956,product,external,0,57,Done,50,/Year,Wordpress Plugins>SEO Plugin,Semper Plugins,11,https://appsfomo.com/reviews/all-in-one-seo/,https://wordpress.org/plugins/all-in-one-seo-pack/,Buy Now,2/7/2020,SEO Plugin and Toolkit,March 2023,Syed Balkhi,Semper Plugins,USA,Own Site,Available on WP.org ,2007,"WP Beginner, Wp Forms, Optin Monster",2M +,4.5,,None,10+ Pro Addons,Yes,Yearly,Yes,14 Days,,"Email,Support Ticket","1 Site,3+ Sites,10+ Sites,100+ Sites",Excellent,"Rankmath,Yoast SEO",Yes
Restrict Content Pro,,2958,product,external,0,,Done,99,/Year,Wordpress Plugins>Membership, StellarWP,12,https://appsfomo.com/reviews/restrict-content-pro/,https://restrictcontentpro.com/,Buy Now,2/7/2020,Membership Plugin,March 2023,Israel Barragan, StellarWP,USA,Own Site,Available on WP.org ,2010,"iThemes, Kadence, LearnDash,Give WP",10k +,3,,None,20+ Pro Addons,Yes,Yearly,Yes,N/A,,"Email,Support Ticket","1 Site,5+ Sites,Unlimited Sites",Good,Ultimate Tweaker,Yes
Squirrly SEO,,2960,product,external,0,,Done,72,/Month,Wordpress Plugins>SEO Plugin, Squirrly Limited,64,https://appsfomo.com/reviews/seo-squirrly/,https://www.squirrly.co/wordpress-seo-by-squirrly,Buy Now,6/7/2020,SEO Plugin,March 2023,Florin Muresan, Squirrly Limited,USA,Own Site,Available on WP.org ,2012,"Hide My WP Ghost, StarBox Pro, Squirrlly Social",2M +,4.5,,None,10+ Pro Addons,Yes,Monthly,Yes,N/A,,"Email,Support Ticket","5+ Sites,50+ Sites",Excellent,"SEOpress, Rankmath,Yoast SEO,All in one SEO",Yes
Site Origin,,2972,product,external,0,,Done,29, Onetime,Wordpress Plugins,Site Origin,15,https://appsfomo.com/reviews/site-origin/,https://siteorigin.com/page-builder/,Buy Now,28-07-2020,Powerful Addons,March 2023,Greg Priday,Site Origin,South Africa,Own Site,Available on WP.org ,2011,None,2M +,5,Page Builder,None,20+ Pro Addons,Yes,Yearly,No,30+ Days,,"Email,Support Ticket","1 Site,5+ Sites,Unlimited Sites",Good,"Elementor, Beaver Builder, Brizy",No
Beaver Builder,,2974,product,external,0,,Done,99,/Year,Wordpress Plugins>Page Builder,Fastline Media LLC,12,https://appsfomo.com/reviews/beaver-builder/,https://www.wpbeaverbuilder.com/?utm_expid=82857025-12.lTgZ_x1STniDBYg5MIL3JA.0,Buy Now,9/7/2020,Page Builder,March 2023,Justin Busa,Fastline Media LLC,USA,Own Site,Available on WP.org ,2014,"Beaver Themer Addon, Assistant Pro",2M +,5,Page Builder,None,10+ Pro Addons,Yes,Yearly,Yes,30 Days,,"Email,Live Chat",Unlimited Sites,Excellent,"Elementor, Site Origin, Brizy",Yes
SEMrush,,2982,product,external,0,,Done,120,/Month,Wordpress Plugins>SEO Plugin,SEMrush,12,https://appsfomo.com/reviews/semrush/,https://www.semrush.com/,Buy Now,6/7/2020,Online Marketing,March 2023,Oleg Shchegolev,SEMrush,USA,Own Site,Available on WP.org ,2008,None,5M +,3,,None,None,Yes,"Monthly,Yearly",Yes,7 Days,,"Email,Support Ticket,Forum",Unlimited Sites,Excellent,,Yes
Slider Revolution,,2986,product,external,0,,Done,109, Onetime,Wordpress Plugins>Carousel &amp; Gallery,Themepunch,12,https://appsfomo.com/reviews/slider-revolution/,https://1.envato.market/Eaye1X,Buy Now,5/7/2020,WP Slider,March 2023,Moritz Praetorius,Themepunch,Germany,Codecanyon,Not Available,2011,Essential Grid,5M +,,,None,None,Yes,"Yearly,One-time Payment",No,30+ Days,,"Email,Support Ticket",Unlimited Sites,Excellent,Smart Slider 3,Yes
Ithemes Security Pro,,2993,product,external,0,,Done,99,/Year,Wordpress Plugins>Security Plugin,StellarWP,13,https://appsfomo.com/reviews/ithemes-security-pro/,https://ithemes.com/security/,Buy Now,1/7/2020,Security plugin,March 2023,Timothy Jacobs,iThemes Media LLC,USA,Own Site,Available on WP.org ,2008,"BackupBuddy, iThemes Sync",1M +,4.5,,None,1 Pro Addon,Yes,Yearly,No,30 Days,,"Email,Support Ticket","1 Site,5+ Sites,10+ Sites",Excellent,"Wordfence,Security Ninja",Yes
Wordfence,,3001,product,external,0,,Done,119,/Year,Wordpress Plugins>Security Plugin,Defiant Inc,9,https://appsfomo.com/reviews/wordfence/,https://de.wordpress.org/plugins/wordfence/,Buy Now,2/7/2020,Security plugin,March 2023,Wfryan,Defiant Inc,USA,Own Site,Available on WP.org ,2012,None,2M +,4.6,,None,None,Yes,Yearly,No,N/A,,Support Ticket,1 Site,Good,"iThemes Security,Security Ninja",No
Akismet,,3067,product,external,0,,Done,8.33,/Month,Wordpress Plugins>Security Plugin,Automattic,12,https://appsfomo.com/reviews/akismet/,https://akismet.com/,Buy Now,20-07-2020,Security plugin,March 2023,Matt Mullenweg,Automattic,USA,Own Site,Available on WP.org ,2005,"Jetpack, Crowdsignal",5M +,4.5,,None,None,Yes,"Monthly,Yearly",No,N/A,,Live Chat,"1 Site,Unlimited Sites",Excellent,Anti-spam Pro,No
WPML,,3069,product,external,0,,Done,39,/Year,Wordpress Plugins>Social Network &amp; Translation,onTheGoSystems,12,https://appsfomo.com/reviews/wpml/,https://wpml.org/,Buy Now,22-07-2020,Multilingual Plugin,March 2023,Amir Helzer,onTheGoSystems,Hong Kong,Own Site,Available on WP.org ,2007,"Toolset, Adelance",1M +,4,,None,5+ Pro Addons,Yes,Yearly,No,30 Days,,Forum,"1 Site,3+ Sites,Unlimited Sites",Good,"Polylang, TranslatePress",No
WP Rocket,,3083,product,external,0,,Done,48,/Year,Wordpress Plugins>Caching Plugin,WP Rocket,12,https://appsfomo.com/reviews/wp-rocket/,https://wp-rocket.me/,Buy Now,15-07-2020,Cache Plugin,March 2023,Jonathan Buttigieg,WP Rocket,France,Own Site,Not Available,2013,None,2M +,,,None,None,Yes,Yearly,Yes,14 Days,,Support Ticket,"1 Site,3+ Sites,Unlimited Sites",Good,"Swift Performance, WP Super Cache, W3 Total Cache",Yes
Anti-spam Pro,,3085,product,external,0,,Todo,26,,Wordpress Plugins>Security Plugin,webvitalii,8,https://appsfomo.com/reviews/anti-spam-pro/,https://codecanyon.net/item/antispam-pro/6491169?ref=webvitalii,Buy Now,31-07-2020,,March 2023,,,,Codecanyon,,,,,,,None,None,Yes,,,,,,,,,
W3 Total Cache,,3087,product,external,0,,Done,8.25,/Month,Wordpress Plugins>Caching Plugin,BoldGrid,11,https://appsfomo.com/reviews/w3-total-cache/,https://www.w3-edge.com/products/w3-total-cache,Buy Now,25-07-2020,Cache Plugin,March 2023,Frederick Townes,BoldGrid,"Los Angeles, CA",Own Site,Available on WP.org ,2015,"Total Upkeep, Speed Coach, CRIO",1M +,4.5,,None,5+ Pro Addons,Yes,"Monthly,Yearly",No,30 Days,,Support Ticket,1 Site,Good,"WP Rocket, Swift Performance, WP Super Cache",No
WP Fastest Cache,,3089,product,external,0,,Done,49, Onetime,Wordpress Plugins>Caching Plugin,WP Fastest Cache,12,https://appsfomo.com/reviews/wp-fastest-cache/,https://www.wpfastestcache.com/,Buy Now,22-07-2020,Cache Plugin,March 2023,Emre Vona,WP Fastest Cache,USA,Own Site,Available on WP.org ,2014,None,1M +,5,,None,10+ Pro Addons,Yes,One-time Payment,No,N/A,,Support Ticket,"1 Site,3+ Sites,5+ Sites,10+ Sites",Basic,"WP Rocket, Swift Performance, WP Super Cache",No
WP Cerber,,3103,product,external,0,,Done,39,/Month,Wordpress Plugins>Security Plugin,Cerber Tech Inc,15,https://appsfomo.com/reviews/wp-cerber/,https://wpcerber.com/,Buy Now,10/7/2020,Security plugin,March 2023,Gregory,Cerber Tech Inc,USA,Own Site,Available on Own Site,2017, jetFlow.io automation plugin.,2M +,,,None,1 Pro Addon,Yes,"Half - Yearly,Yearly",No,30 Days,,Support Ticket,"1 Site,5+ Sites,Unlimited Sites",Good,"iThemes Security, Wordfence, Security Ninja",No
Woof,,3111,product,external,0,19,Done,42, Onetime,Wordpress Plugins>E-commerce,PluginUs.Net,11,https://appsfomo.com/reviews/woof/,https://codecanyon.net/item/woof-woocommerce-products-filter/11498469?s_rank=224,Buy Now,16-07-2020,product filter plugin,March 2023,Rostislav Sofronov ,PluginUs.Net,Ukraine,Codecanyon,Available on WP.org ,2012,"WOOT, BEAR, WOOCs",1M +,4.5,,None,1 Pro Addon,Yes,One-time Payment,No,N/A,,Support Ticket,1 Site,Good,Woolentor,No
Hide My WP,,3119,product,external,0,,Done,29, Onetime,Wordpress Plugins>Security Plugin,wpWave,,https://appsfomo.com/reviews/hide-my-wp/,https://codecanyon.net/item/hide-my-wp-amazing-security-plugin-for-wordpress/4177158,Buy Now,27-07-2020,Security plugin,March 2023,N/A,wpWave,N/A,Codecanyon,Available on Own Site,2013,"Detect My WP, Scan My WP",10k +,,,None,1 Pro Addon,Yes,One-time Payment,No,N/A,,"Support Ticket,Forum","1 Site,5+ Sites",Good,WP Hide,No
Scrapes https://octolooks.com/wordpress-auto-post-and-crawler-plugin-scrapes/,,3163,product,external,0,,Done,35, Onetime,Wordpress Plugins>Miscellaneous,Octolooks,,https://appsfomo.com/reviews/scrapes/,https://codecanyon.net/item/scrapes-web-scraper-plugin-for-wordpress/18918857?ref=Interstellar,Buy Now,3/7/2020,Scraper plugin,March 2023,N/A,Octolooks,Turkey,Own Site,Not Available,2008,None,10k +,,,None,1 Pro Addon,Yes,One-time Payment,No,14 Days,,"Support Ticket,Live Chat",1 Site,Good,WP Scraper,No
Ajax Search Pro,,3167,product,external,0,,Done,39, Onetime,Wordpress Plugins>Miscellaneous,WPDreams,,https://appsfomo.com/reviews/ajax-search-pro/,https://codecanyon.net/item/ajax-search-pro-for-wordpress-live-search-plugin/3357410,Buy Now,31-07-2020,Search and Filter,March 2023, Ernest Marcinko,WPDreams,N/A,Codecanyon,Available on WP.org ,2012,None,50k +,4.5,,3+ Free Addons,1 Pro Addon,Yes,One-time Payment,No,7 Days,,Support Ticket,1 Site,Good,Ajax Search,No
WP Data Tables,,3177,product,external,0,,Done,299, Onetime,Wordpress Plugins>Page Builder,tms plugins,12,https://appsfomo.com/reviews/wp-data-tables/,https://1.envato.market/RyOdJa,Buy Now,25-07-2020,Tables and Charts,March 2023,Alexander Gilmanov,tms-plugins,Belgrade,Codecanyon,Available on WP.org ,2013,Amelia,50k +,4.5,,None,1 Pro Addon,Yes,"Yearly,One-time Payment",Yes,14 Days,,Support Ticket,"1 Site,3+ Sites,Unlimited Sites",Excellent,WP jQuery DataTable,Yes
Content Egg,,3183,product,external,0,,Done,55, Onetime,Wordpress Plugins>Affiliate,Keyword Rush,13,https://appsfomo.com/reviews/content-egg/,https://1.envato.market/4ern6M,Buy Now,2/8/2020,Website builder,March 2023,N/A,Keyword Rush,N/A,Codecanyon,Available on WP.org ,2016,"Affiliate Egg, External importer, Cashback tracker",50k +,4,,None,2 Pro Addons,Yes,One-time Payment,No,14 Days,,Email,1 Site,Basic,Affiliate egg,No
WordPress Real Media Library,,3195,product,external,0,,Done,39, Onetime,Wordpress Plugins>Miscellaneous,devowl.io,61,https://appsfomo.com/reviews/wordpress-real-media-library/,https://codecanyon.net/item/wordpress-real-media-library-media-categories-folders/13155134,Buy Now,1/8/2020,Media Management,March 2023,"Matthias Gunter, Jan Karres",devowl.io ,Germany,Codecanyon,Available on WP.org ,2015,"Real Cookie banner, Real Physical media",100k +,4.5,,None,1 Pro Addon,,One-time Payment,No,N/A,,Support Ticket,"1 Site,3+ Sites,5+ Sites,10+ Sites,20+ Sites",Good,FileBird,Yes
Yellow Pencil,,3197,product,external,0,,Done,26, Onetime,Wordpress Plugins>Page Builder,Wasp Themes,11,https://appsfomo.com/reviews/yellow-pencil/,https://codecanyon.net/item/yellow-pencil-visual-css-style-editor/11322180,Buy Now,18-07-2020,Visual CSS Style Editor,March 2023,N/A,Wasp Themes,N/A,Codecanyon,Available on Own Site,2013,None,10k +,,,None,3+ Pro Addons,,One-time Payment,No,30 Days,,Support Ticket,1 Site,Good,"Elementor, Beaver Builder, Brizy",No
Mailster,,3207,product,external,0,,Done,89, Onetime,Wordpress Plugins>Social Network &amp; Translation,EverPress,11,https://appsfomo.com/reviews/mailster/,https://codecanyon.net/item/mailster-email-newsletter-plugin-for-wordpress/3078294?ref=Interstellar,Buy Now,6/7/2020,Email newsletter Plugin,March 2023,Xaver Birsak,EverPress,Germany,Codecanyon,Available on WP.org ,2010,None,10k +,5,,None,None,,"Yearly,One-time Payment",No,14 Days,,"Email,Support Ticket","1 Site,3+ Sites,10+ Sites",Good,"Mailpoet,Mailchimp",No
Yoast SEO,,3583,product,external,0,,Done,99,/Year,Wordpress Plugins>SEO Plugin,Yoast BV,15,https://appsfomo.com/reviews/yoast-seo/,https://yoast.com/wordpress/plugins/seo/,Buy Now,3/9/2020,SEO Plugin,March 2023,Joost de Valk,Yoast SEO,Netherland,Own Site,Available on WP.org ,2010,"Yoast Woocommerce SEO, Yoast SEO for Drupal",5M +,5,,10+ Free Addons,1 Pro Addon,,Yearly,No,30 Days,,"Email,Support Ticket",1 Site,Good,"SEOpress, Rankmath,Squirrly,All in one SEO",No
BetterDocs,,8340,product,external,0,,Done,55,/Year,Wordpress Plugins>Documentation,WPDeveloper,,https://appsfomo.com/reviews/betterdocs/,https://betterdocs.co/,Buy Now,6/1/2021,Documentaion and Knowledgebase plugin,March 2023,M Asif Rahman,WPDeveloper,Bangladesh,Own Site,Available on WP.org ,2011,"NotificationX, Templately, Essential addons",5M +,5,,None,1 Pro Addon,,"Yearly,One-time Payment",Yes,14 Days,,"Email,Support Ticket,Live Chat","1 Site,Unlimited Sites",Excellent,Documentor,Yes
SEOPress,,9530,product,external,0,,Done,49,/Year,Wordpress Plugins>SEO Plugin,SEO Press,,https://appsfomo.com/reviews/seopress/,https://www.seopress.org/pricing/ref/452/,Buy Now,21-01-2021,SEO Plugin,March 2023,Benjamin Denis,SEOPress,France,Own Site,Available on WP.org ,2017,SEOPress for MainWP add-on,2M +,5,,None,1 Pro Addon,,Yearly,No,14 Days,,"Email,Support Ticket,Live Chat","1 Site,Unlimited Sites",Good,"Yoast SEO, Rankmath,Squirrly,All in one SEO",Yes
Elementor Pro,,9862,product,external,0,,Done,59,/Year,Wordpress Plugins>Page Builder,Elementor Ltd,,https://appsfomo.com/reviews/elementor-pro/,https://elementor.com/pro/,Buy Now,1/3/2021,Website Builder,March 2023,Yoni Luksenberg & Ariel Klikstein ,Elementor Ltd," Ramat Gan, Israel",Own Site,Available on WP.org ,2016,"Elementor Pagebuilder,Elementor WP Hosting",5M +,5,,20+ Free Addons,20+ Pro Addons,,Yearly,Yes,30 Days,,"Email,Support Ticket,Live Chat","1 Site,3+ Sites,20+ Sites,100+ Sites",Excellent,"Beaver Builder, Brizy",Yes
LearnDash,,9880,product,external,0,,Done,49,/Year,Wordpress Plugins>LMS,Stellar WP,,https://appsfomo.com/reviews/learndash/,https://www.learndash.com/pricing-and-purchase/,Buy Now,3/3/2021,LMS Plugin,March 2023,Israel Barragan,Stellar WP,USA,Own Site,Not Available,2013,Restrict Content Pro,2M +,,,20+ Free Addons,20+ Pro Addons,,"Monthly,Yearly",Yes,N/A,,"Email,Support Ticket,Live Chat","1 Site,10+ Sites,Unlimited Sites",Good,Learnpress,Yes
Caldera Forms,,9895,product,external,0,,Todo,49,,Wordpress Plugins>Forms &amp; Popups,Caldera Labs,,https://appsfomo.com/reviews/caldera-forms/,https://calderaforms.com/pricing/,Buy Now,3/3/2021,Form Builder,March 2023,,,,Own Site,,,,"2,00,000",,,5+ Free Addons,5+ Pro Addons,,Annual subscription,,,,Support tickets,Unlimited,,"Fluent Forms,WP Forms",
Shortpixel,,9936,product,external,0,,Done,8.25,/Month,Wordpress Plugins,ShortPixel,84,https://appsfomo.com/reviews/shortpixel/,https://shortpixel.com/pricing,Buy Now,3/2/2021,Image Optimizer,March 2023,Alex Florescu,ShortPixel,Romania.,Own Site,Available on WP.org ,2014,"Adaptive Images WP Plugin, Command Line Tool",2M +,4.5,,None,3+ Pro Addons,,"Monthly,Yearly,One-time Payment",Yes,N/A,,"Email,Support Ticket,Live Chat","1 Site,5+ Sites,10+ Sites",Good,EWW Image Optimizer,Yes
WP Fluent Forms,,10007,product,external,0,,Done,41,/Year,Wordpress Plugins>Forms &amp; Popups,WpManageNinja,78,https://appsfomo.com/reviews/fluent-forms/,https://fluentforms.com/pricing/,Buy Now,5/2/2021,Form Builder,March 2023,Shahjahan Jewel,WpManageNinja,USA,Own Site,Available on WP.org ,2015,"FluentCRM, Ninja Tables, Fluent Support",100k +,5,,3+ Free Addons,3+ Pro Addons,,"Yearly,One-time Payment",Yes,14 Days,,"Email,Support Ticket,Live Chat","1 Site,5+ Sites,Unlimited Sites",Good,"Caldera Forms,WP Forms",Yes
WP Security Ninja,,10082,product,external,0,,Done,6.99,/Month,Wordpress Plugins>Security Plugin,WP Security Ninja,33,https://appsfomo.com/reviews/wp-security-ninja/,https://wpsecurityninja.com/#pricing,Buy Now,27-02-2021,Security plugin,March 2023,Lars Koudal,WP Security Ninja,USA,Own Site,Available on WP.org ,2011,Google Maps Widget,10k +,5,,None,1 Pro Addon,,"Monthly,Yearly",Yes,30 Days,,Support Ticket,"1 Site,3+ Sites,5+ Sites,10+ Sites,50+ Sites,100+ Sites",Good,"iThemes Security, Wordfence, WP Cerber",Yes
All-in-One WP Migration,,10114,product,external,0,,Done,99, Onetime,Wordpress Plugins>Security Plugin,ServMask,70,https://appsfomo.com/reviews/all-in-one-wp-migration/,https://import.wp-migration.com/,Buy Now,18-02-2021,WP Migration,March 2023,Yani Iliev,ServMask,USA,Own Site,Available on WP.org ,2013,None,5M +,4.5,,5+ Free Addons,10+ Pro Addons,Yes,One-time Payment,No,N/A,,Email,1 Site,Good,"Updraftplus,WPvivd Backups,Backupsheep",No
Amelia,,10281,product,external,0,,Done,80,/Year,Wordpress Plugins>Calendar,TMS,16,https://appsfomo.com/reviews/amelia-wordpress-appointment-booking-plugin/,https://wpamelia.com/pricing/,Buy Now,9/3/2021,Booking Plugin,March 2023,Alexander Gilmanov,TMS,Serbia,Own Site,Available on WP.org ,2014,WP Data Tables,50k +,4.5,,None,1 Pro Addon,,"Yearly,One-time Payment",Yes,14 Days,,"Support Ticket,Live Chat","1 Site,3+ Sites,Unlimited Sites",Good,"SimplyBook, Calendly, Yith Booking",Yes
Advanced Custom Fields,,10284,product,external,0,,Done,49,/Year,Wordpress Plugins>Miscellaneous,WP Engine,28,https://appsfomo.com/reviews/advanced-custom-fields/,https://www.advancedcustomfields.com/pro/,Buy Now,19-03-2021,Custom feilds plugin,March 2023,Elliot Condon,WP Engine,Texas,Own Site,Available on WP.org ,2010,"WP Migrate, WP Offload Media, WP Offload SES",2M +,5,,10+ Free Addons,20+ Pro Addons,,Yearly,No,N/A,,"Email,Support Ticket,Live Chat","1 Site,10+ Sites,Unlimited Sites",Excellent,"Jet Engine, Metabox",Yes
WP Reset,,11694,product,external,0,,Done,39,/Year,Wordpress Plugins,WebFactory LTD,84,https://appsfomo.com/reviews/wp-reset/,https://wpreset.com/,Buy Now,8/4/2021,Reset Plugin,March 2023,Susan Brown,WebFactory LTD,Europe,Own Site,Available on WP.org ,2017,"301 Redirects Plugin, Envato Elements,",100k +,5,,None,1 Pro Addon,,"Yearly,One-time Payment",No,7 Days,,Support Ticket,"1 Site,5+ Sites,100+ Sites",Good,Advanced Wordpress Reset,No
Loginpress,,13698,product,external,0,,Done,49,/Year,Wordpress Plugins>Forms &amp; Popups,WPBrigade,68,https://appsfomo.com/reviews/loginpress/,https://loginpress.pro/pricing/,Buy Now,13-05-2021,Login Plugin,March 2023,Adnan,WPBrigade,India,Own Site,Available on WP.org ,2012,Analytify,100k +,5,,3+ Free Addons,1 Pro Addon,,Yearly,Yes,14 Days,,"Email,Live Chat","1 Site,5+ Sites,50+ Sites",Good,"Custom Login Page Customizer, Nextend Social Login, WPS Hide Login",Yes
Essential Addons for Elementor,,15862,product,external,0,,Done,39.97,/Year,Wordpress Plugins>Page Builder,WPDeveloper,,https://appsfomo.com/reviews/essential-addons-for-elementor/,https://essential-addons.com/elementor/#pricing,Buy Now,15-06-2021,Addons,March 2023,M Asif Rahman,WPDeveloper,Bangladesh,Own Site,Available on WP.org ,2011,"NotificationX, Templately, Essential addons",1M +,5,,3+ Free Addons,1 Pro Addon,,"Yearly,One-time Payment",Yes,14 Days,,"Email,Support Ticket,Live Chat","1 Site,Unlimited Sites",Excellent,"Ultimate Addons for Elementor, Crocoblock, Elementskit",Yes
Cartflows,,16794,product,external,0,239,Done,79,/Year,Wordpress Plugins>E-commerce,Cartflows Inc,20,https://appsfomo.com/reviews/cartflows/,https://cartflows.com/,Buy Now,7/7/2021,Sales Funnel Builder,March 2023,Adam Preiser,Cartflows Inc,USA,Own Site,Available on WP.org ,2018,None,100k +,5,,2 Free Addons,2 Pro Addons,,Yearly,No,14 Days,,"Email,Support Ticket","1 Site,10+ Sites,20+ Sites",Good,Woofunnels,Yes
Mailpoet,,18134,product,external,0,,Done,10,/Month,Wordpress Plugins,Mailpoet,22,https://appsfomo.com/reviews/mailpoet/,https://www.mailpoet.com/,Buy Now,21-09-2021,emails and newsletters,March 2023,Tautvidas,Mailpoet,France,Own Site,Available on WP.org ,2011,None,100k +,4.5,,5+ Free Addons,1 Pro Addon,,"Monthly,Yearly",Yes,N/A,,Support Ticket,"50+ Sites,Unlimited Sites",Good,"Mailchimp,Mailster",Yes
Autoptimize,,18590,product,external,0,,Done,Free,,Wordpress Plugins>Wordpress Optimization,Optimizing Matters,,https://appsfomo.com/reviews/autoptimize/,https://wordpress.org/plugins/autoptimize/,Buy Now,11/10/2021,Web Optimization,March 2023,Frank Goossens,Optimizing Matters,Belgium,Own Site,Available on WP.org ,2013,None,1M +,4.5,,None,None,,Free,No,N/A,,Forum,Unlimited Sites,Basic,"WP Rocket, Swift Performance, WP Super Cache, W3 Total Cache",No
WPvivid Backup,,19614,product,external,0,,Done,29,/Year,Wordpress Plugins>Security Plugin,WPvivid Backup,23,https://appsfomo.com/reviews/wpvivid-backup/,https://wpvivid.com/,Buy Now,28-01-2022,Backup & Migration Plugin,March 2023,N/A,WPvivid Backup,N/A,Own Site,Available on WP.org ,2018,None,100k +,5,,None,3+ Pro Addons,,"Yearly,One-time Payment",Yes,30 Days,,"Email,Support Ticket","10+ Sites,50+ Sites,Unlimited Sites",Good,"Updraftplus,All in One WP Migration,Backupsheep",Yes
WPSmartPay,,21454,product,external,0,,Done,99,/Year,Wordpress Plugins,ThemeXpert,,https://appsfomo.com/reviews/wpsmartpay/,https://wpsmartpay.com/,Buy Now,12/9/2022,Ecommerce Store and Payment gateway,March 2023,Parvez Akther,ThemeXpert,Bangladesh,Own Site,Available on WP.org ,2020,"Joomla Templates, Notifly",1k +,5,,None,None,,Yearly,Yes,14 Days,,"Email,Support Ticket,Live Chat","1 Site,5+ Sites,Unlimited Sites",Good,Woocommrce Payments,Yes
Bit Integrations,,22491,product,external,0,,Done,19,/Year,Wordpress Plugins>Security Plugin,Bit Apps,93,https://appsfomo.com/reviews/bit-integrations/,https://www.bitapps.pro/bit-integrations,Buy Now,11/11/2022,Integration plugin,March 2023,Abdul Kaioum,Bit Apps,Bangladesh,Own Site,Available on WP.org ,2015,"Bit Assist, Bit SMTP",1k +,5,,1 Free Addon,1 Pro Addon,,Yearly,Yes,30 Days,,"Email,Support Ticket,Live Chat","1 Site,100+ Sites",Good,Uncanny Automator,Yes
WP Force SSL,,22654,product,external,0,,Done,59, Onetime,Wordpress Plugins>Security Plugin,WebFactory LTD,93,https://appsfomo.com/reviews/wp-force-ssl/,https://wpforcessl.com/,Buy Now,28-11-2022,SSL Fix,March 2023,Gordan Orlic,WebFactory LTD,Europe,Own Site,Available on WP.org ,2022,"WP Reset, WP Sticky",100k +,5,,None,1 Pro Addon,,One-time Payment,Yes,7 Days,,"Email,Support Ticket,Live Chat","1 Site,5+ Sites,100+ Sites",Good,Really Simple SSL,No
Rank Math,,23323,product,external,0,,Done,59,/Year,Wordpress Plugins>SEO Plugin,Rank Math,93,https://appsfomo.com/?post_type=product&p=23323,https://rankmath.com/,Buy Now,1/1/1970,SEO Plugin,March 2023,Bhanu Ahluwalia,RankMath,India,Own Site,Available on WP.org ,2020,None,1M +,5,,3+ Free Addons,1 Pro Addon,,Yearly,Yes,30 Days,9,"Email,Support Ticket,Live Chat","100+ Sites,Unlimited Sites",Excellent,"SEOpress, All in one SEO,Yoast SEO",Yes