ID,Title,Sku,"Post Type","Product Type","Parent Product ID","Regular Price","Sale Price","Product categories",Brand,rank_math_seo_score,Permalink,Date
710,"Swift Performance",,product,external,0,39.99,,"Wordpress Plugins>Caching Plugin","Swte Plugins",12,https://appsfomo.com/reviews/swift-performance/,2018-01-22
716,"Divi Theme",,product,external,0,89,,"Wordpress Themes>Multipurpose","Elegant Themes",,https://appsfomo.com/reviews/divi-theme/,2018-01-22
1522,"WPastra Theme",,product,external,0,59,47,"Wordpress Themes>Multipurpose","Brainstorm Force",,https://appsfomo.com/reviews/wpastra-theme/,2019-12-24
2920,WPForms,,product,external,0,39,,"Wordpress Plugins>Forms &amp; Popups",WPForms,12,https://appsfomo.com/reviews/wpforms/,2020-07-10
2923,"Ninja Forms",,product,external,0,99,49,"Wordpress Plugins>Forms &amp; Popups","Saturday Drive",12,https://appsfomo.com/reviews/ninja-forms/,2020-07-29
2924,"Gravity forms",,product,external,0,59,,"Wordpress Plugins>Forms &amp; Popups",Rocketgenius,18,https://appsfomo.com/reviews/gravity-forms/,2020-07-30
2925,"Formidable Forms",,product,external,0,99.38,,"Wordpress Plugins>Forms &amp; Popups",Startegy11,12,https://appsfomo.com/reviews/formidable-forms/,2020-07-03
2926,"Frontend Publishing Pro",,product,external,0,30,,"Wordpress Plugins>Forms &amp; Popups",Khaxan,12,https://appsfomo.com/reviews/front-end-publishing-pro/,2020-07-26
2930,"Envira Gallery",,product,external,0,19,,"Wordpress Plugins>Carousel &amp; Gallery","Envira Gallery",15,https://appsfomo.com/reviews/envira-gallery/,2020-07-14
2932,Quform,,product,external,0,29,,"Uncategorized Reviews","Theme Catcher",81,https://appsfomo.com/reviews/quform/,2020-07-31
2934,"Super Forms",,product,external,0,39,,"Wordpress Plugins>Forms &amp; Popups","Feeling 4 Design",12,https://appsfomo.com/reviews/super-forms/,2020-08-01
2936,ARForms,,product,external,0,39,,"Wordpress Plugins>Forms &amp; Popups",Reputeinfosystems,12,https://appsfomo.com/reviews/arforms/,2020-07-31
2938,"NEX forms",,product,external,0,39,19,"Wordpress Plugins>Forms &amp; Popups",Basix,15,https://appsfomo.com/reviews/nex-forms/,2020-07-16
2940,Eform,,product,external,0,39,19,"Wordpress Plugins>Forms &amp; Popups",WPQuark,15,https://appsfomo.com/reviews/eform/,2020-07-24
2942,FormCraft,,product,external,0,36,,"Wordpress Plugins>Forms &amp; Popups",,79,https://appsfomo.com/reviews/formcraft/,2020-07-27
2944,WonderPlugin,,product,external,0,99,,"Wordpress Plugins>Carousel &amp; Gallery","Magic Hills Pty Ltd",11,https://appsfomo.com/reviews/wonderplugin/,2020-07-10
2946,"Foo Gallery",,product,external,0,,,"Wordpress Plugins>Carousel &amp; Gallery",,11,https://appsfomo.com/reviews/foo-gallery/,2020-07-15
2948,"NextGEN Gallery",,product,external,0,99,,"Wordpress Plugins>Carousel &amp; Gallery",,11,https://appsfomo.com/reviews/nextgen-gallery/,2020-07-05
2950,"Justified Image Grid",,product,external,0,27,,"Wordpress Plugins>Carousel &amp; Gallery",,68,https://appsfomo.com/reviews/justified-image-grid/,2020-07-13
2952,"Awesome Gallery",,product,external,0,26,,"Wordpress Plugins>Carousel &amp; Gallery",,12,https://appsfomo.com/reviews/awesome-gallery/,2020-07-24
2954,"Ultimate Membership Pro",,product,external,0,49,24,"Wordpress Plugins>Membership",,12,https://appsfomo.com/reviews/ultimate-membership-pro/,2020-07-29
2956,"All In One SEO",,product,external,0,79,57,"Wordpress Plugins>SEO Plugin",,11,https://appsfomo.com/reviews/all-in-one-seo/,2020-07-02
2958,"Restrict Content Pro",,product,external,0,69,,"Wordpress Plugins>Membership",,12,https://appsfomo.com/reviews/restrict-content-pro/,2020-07-02
2960,"SEO by Squirrly",,product,external,0,20,,"Wordpress Plugins>SEO Plugin",,64,https://appsfomo.com/reviews/seo-squirrly/,2020-07-06
2962,"User Pro",,product,external,0,39,,"Wordpress Plugins>Membership",,11,https://appsfomo.com/reviews/user-pro/,2020-07-30
2964,"Keyword Tool",,product,external,0,,,"Wordpress Plugins>SEO Plugin",,11,https://appsfomo.com/reviews/keyword-tool/,2020-07-23
2966,"Visual Composer",,product,external,0,49,34,"Wordpress Plugins>Page Builder",,11,https://appsfomo.com/reviews/visual-composer/,2020-07-13
2968,Cornerstone,,product,external,0,19,,"Wordpress Themes>Page Builder",,11,https://appsfomo.com/reviews/cornerstone/,2020-07-05
2972,"Site Origin",,product,external,0,29,,"Wordpress Plugins",,15,https://appsfomo.com/reviews/site-origin/,2020-07-28
2974,"Beaver Builder",,product,external,0,99,,"Wordpress Plugins>Page Builder",,12,https://appsfomo.com/reviews/beaver-builder/,2020-07-09
2976,"Paid Membership Pro",,product,external,0,97,,"Wordpress Plugins>Membership",,12,https://appsfomo.com/reviews/paid-membership-pro/,2020-08-01
2980,"AccessPress Anonymous Post Pro",,product,external,0,29,,"Wordpress Plugins>Affiliate",,13,https://appsfomo.com/reviews/accesspress-anonymous-post-pro/,2020-07-06
2982,SEMrush,,product,external,0,99,,"Wordpress Plugins>SEO Plugin",,12,https://appsfomo.com/reviews/semrush/,2020-07-06
2984,"S2 Member Pro",,product,external,0,89,,"Wordpress Plugins>Membership",,11,https://appsfomo.com/reviews/s2-member-pro/,2020-07-12
2986,"Slider Revolution",,product,external,0,25,,"Wordpress Plugins>Carousel &amp; Gallery",,12,https://appsfomo.com/reviews/slider-revolution/,2020-07-05
2988,LayerSlider,,product,external,0,25,,"Wordpress Plugins>Carousel &amp; Gallery",,12,https://appsfomo.com/reviews/layerslider/,2020-07-12
2990,Soliloquy,,product,external,0,19,,"Wordpress Plugins>Carousel &amp; Gallery",,15,https://appsfomo.com/reviews/soliloquy/,2020-07-31
2992,"Meta Slider",,product,external,0,39,,"Wordpress Plugins>Carousel &amp; Gallery","Meta Slider",12,https://appsfomo.com/reviews/meta-slider/,2020-08-02
2993,"Ithemes Security Pro",,product,external,0,80,,"Wordpress Plugins>Security Plugin",,13,https://appsfomo.com/reviews/ithemes-security-pro/,2020-07-01
2995,"Wonder Slider",,product,external,0,99,,"Wordpress Plugins>Carousel &amp; Gallery",,12,https://appsfomo.com/reviews/wonder-slider/,2020-07-06
2997,Superfly,,product,external,0,29,14,"Wordpress Plugins>Page Builder",,15,https://appsfomo.com/reviews/superfly/,2020-07-04
2999,"Easy Social Share Button",,product,external,0,22,,"Wordpress Plugins>Social Network &amp; Translation",,12,https://appsfomo.com/reviews/easy-social-share-button/,2020-07-19
3001,Wordfence,,product,external,0,8.25,,"Wordpress Plugins>Security Plugin",,9,https://appsfomo.com/reviews/wordfence/,2020-07-02
3003,Monarch,,product,external,0,69,,"Wordpress Plugins>Social Network &amp; Translation",,11,https://appsfomo.com/reviews/monarch/,2020-07-14
3005,"Shield WordPress Security",,product,external,0,1,,"Wordpress Plugins>Security Plugin",,12,https://appsfomo.com/reviews/shield-wordpress-security/,2020-08-02
3007,Bookly,,product,external,0,89,,"Wordpress Plugins>Calendar",,15,https://appsfomo.com/reviews/bookly/,2020-07-22
3009,"Flow Flow",,product,external,0,39,,"Wordpress Plugins>Social Network &amp; Translation",,15,https://appsfomo.com/reviews/flow-flow/,2020-07-09
3011,Booki,,product,external,0,29,,"Wordpress Plugins>Calendar",,15,https://appsfomo.com/reviews/booki/,2020-07-10
3013,"Social Media Feather",,product,external,0,9.99,,"Wordpress Plugins>Social Network &amp; Translation",,,https://appsfomo.com/reviews/social-media-feather/,2020-07-10
3015,"Layered Popups",,product,external,0,24,,"Wordpress Plugins>Forms &amp; Popups",,,https://appsfomo.com/reviews/layered-popups/,2020-07-21
3017,"Social share buttons - social pug",,product,external,0,24,,"Wordpress Plugins>Social Network &amp; Translation",,,https://appsfomo.com/reviews/social-share-buttons-social-pug/,2020-07-04
3019,Realtyna,,product,external,0,199,,"Wordpress Plugins>Miscellaneous",,,https://appsfomo.com/reviews/realtyna/,2020-07-12
3021,ConvertPlus,,product,external,0,24,,"Wordpress Plugins>Forms &amp; Popups",,,https://appsfomo.com/reviews/convertplus/,2020-07-24
3023,Booked,,product,external,0,49,,"Wordpress Plugins>Calendar",,,https://appsfomo.com/reviews/booked/,2020-07-08
3025,"Roots Popups",,product,external,0,17,,"Wordpress Plugins>Forms &amp; Popups",,,https://appsfomo.com/reviews/roots-popups/,2020-07-21
3027,"Awesome Live Chat",,product,external,0,25,,"Wordpress Plugins>Miscellaneous",,,https://appsfomo.com/reviews/awesome-live-chat/,2020-07-12
3029,"WP Simple Booking calendar",,product,external,0,29,,"Wordpress Plugins>Miscellaneous",,,https://appsfomo.com/reviews/wp-simple-booking-calendar/,2020-07-05
3031,"Chat X",,product,external,0,25,,"Wordpress Plugins>Miscellaneous",,,https://appsfomo.com/reviews/chat-x/,2020-07-05
3033,"Web 2.0 Directory",,product,external,0,39,,"Wordpress Plugins>Miscellaneous",,,https://appsfomo.com/reviews/web-2-0-directory/,2020-07-21
3035,EventOn,,product,external,0,25,,"Wordpress Plugins>Calendar",,,https://appsfomo.com/reviews/eventon/,2020-07-07
3037,"Real Estate Pro",,product,external,0,39,,"Wordpress Plugins>Miscellaneous",,,https://appsfomo.com/reviews/real-estate-pro/,2020-07-13
3039,"Ninja Popups",,product,external,0,27,,"Wordpress Plugins>Forms &amp; Popups",ARScode,,https://appsfomo.com/reviews/ninja-popups/,2020-08-01
3043,Estatik,,product,external,0,45,,"Wordpress Plugins>Miscellaneous",,,https://appsfomo.com/reviews/estatik/,2020-07-04
3045,"Easy Property Listing",,product,external,0,97,,"Wordpress Plugins>Miscellaneous",,,https://appsfomo.com/reviews/easy-property-listing/,2020-07-22
3047,"WordPress Live Chat Plugin",,product,external,0,25,,"Wordpress Plugins>Social Network &amp; Translation",,,https://appsfomo.com/reviews/wordpress-live-chat-plugin/,2020-07-19
3049,"WP Flat Visual Chat",,product,external,0,29,,"Wordpress Plugins>Social Network &amp; Translation",,,https://appsfomo.com/reviews/wp-flat-visual-chat/,2020-07-20
3051,Templatera,,product,external,0,13,,"Wordpress Plugins>Page Builder",,,https://appsfomo.com/reviews/templatera/,2020-07-16
3053,"Interactive World Maps",,product,external,0,29,,"Wordpress Plugins>Miscellaneous",,,https://appsfomo.com/reviews/interactive-world-maps/,2020-07-11
3055,"WooCommerce Single Product Page Builder",,product,external,0,29,,"Wordpress Plugins>Miscellaneous",,,https://appsfomo.com/reviews/woocommerce-single-product-page-builder/,2020-07-14
3057,"Visual Composer Clipboard",,product,external,0,17,,"Wordpress Plugins>Miscellaneous",,,https://appsfomo.com/reviews/visual-composer-clipboard/,2020-07-10
3059,"Ultimate Addons for Visual Composer",,product,external,0,13,,"Wordpress Plugins>Miscellaneous",,,https://appsfomo.com/reviews/ultimate-addons-visual-composer/,2020-07-22
3061,"Visual Composer Extensions Addon",,product,external,0,28,,"Wordpress Plugins>Miscellaneous",,,https://appsfomo.com/reviews/visual-composer-extensions-addon/,2020-07-12
3063,"4k Icon Fonts for Visual Composer",,product,external,0,18,,"Wordpress Plugins>Miscellaneous",,,https://appsfomo.com/reviews/4k-icon-fonts-visual-composer/,2020-07-03
3065,"Ultimate Tweaker",,product,external,0,16,,"Wordpress Plugins>Security Plugin",,12,https://appsfomo.com/reviews/ultimate-tweaker/,2020-07-03
3067,Akismet,,product,external,0,8.33,,"Wordpress Plugins>Security Plugin",,12,https://appsfomo.com/reviews/akismet/,2020-07-20
3069,WPML,,product,external,0,29,,"Wordpress Plugins>Social Network &amp; Translation",,12,https://appsfomo.com/reviews/wpml/,2020-07-22
3071,"Visual Composer Extensions Addon All in One",,product,external,0,26,,"Wordpress Plugins>Miscellaneous",,13,https://appsfomo.com/reviews/visual-composer-extensions-addon-one/,2020-07-31
3073,"Easy Tables",,product,external,0,13,,"Wordpress Plugins>Forms &amp; Popups",,12,https://appsfomo.com/reviews/easy-tables/,2020-07-10
3075,Javo,,product,external,0,49,,"Wordpress Themes>Page Builder",,11,https://appsfomo.com/reviews/javo/,2020-07-25
3077,"Massive Addons for Visual Composer",,product,external,0,26,,"Wordpress Plugins>Miscellaneous",,13,https://appsfomo.com/reviews/massive-addons-visual-composer/,2020-07-20
3079,"DHVC form",,product,external,0,20,,"Wordpress Plugins>Forms &amp; Popups",,11,https://appsfomo.com/reviews/dhvc-form/,2020-07-06
3081,"Woocommerce Products Layouts",,product,external,0,16,,"Wordpress Plugins>Page Builder",,11,https://appsfomo.com/reviews/woocommerce-products-layouts/,2020-07-11
3083,"WP Rocket",,product,external,0,39,,"Wordpress Plugins>Caching Plugin",,12,https://appsfomo.com/reviews/wp-rocket/,2020-07-15
3085,"Anti-spam Pro",,product,external,0,26,,"Wordpress Plugins>Security Plugin",,8,https://appsfomo.com/reviews/anti-spam-pro/,2020-07-31
3087,"W3 Total Cache",,product,external,0,99,,"Wordpress Plugins>Caching Plugin",,11,https://appsfomo.com/reviews/w3-total-cache/,2020-07-25
3089,"WP Fastest Cache",,product,external,0,49.99,,"Wordpress Plugins>Caching Plugin",,12,https://appsfomo.com/reviews/wp-fastest-cache/,2020-07-22
3091,"Comet Cache",,product,external,0,39,,"Wordpress Plugins>Caching Plugin",,13,https://appsfomo.com/reviews/comet-cache/,2020-07-31
3095,"Anti-spam Bee",,product,external,0,0,,"Wordpress Plugins>Security Plugin",,11,https://appsfomo.com/reviews/anti-spam-bee/,2020-07-21
3099,CleanTalk,,product,external,0,9.99,,"Wordpress Plugins>Security Plugin",,15,https://appsfomo.com/reviews/cleantalk/,2020-07-04
3101,WPBruiser,,product,external,0,0,,"Wordpress Plugins>Security Plugin",,12,https://appsfomo.com/reviews/wpbruiser/,2020-07-05
3103,"WP Cerber",,product,external,0,99,,"Wordpress Plugins>Security Plugin",,15,https://appsfomo.com/reviews/wp-cerber/,2020-07-10
3105,"WordPress, BuddyPress Users Chat Plugin",,product,external,0,36,,"Wordpress Plugins>Social Network &amp; Translation",,78,https://appsfomo.com/reviews/wordpress-buddypress-users-chat-plugin/,2020-07-04
3107,"WooCommerce Amazon Affiliates",,product,external,0,49,,"Wordpress Plugins>Affiliate",,13,https://appsfomo.com/reviews/woocommerce-amazon-affiliates/,2020-07-23
3109,"Table Rate Shipping",,product,external,0,25,,"Wordpress Plugins>E-commerce",,11,https://appsfomo.com/reviews/table-rate-shipping/,2020-07-15
3111,Woof,,product,external,0,39,19,"Wordpress Plugins>E-commerce",,11,https://appsfomo.com/reviews/woof/,2020-07-16
3113,"WooCommerce Extra Product Options",,product,external,0,39,,"Wordpress Plugins>E-commerce",,12,https://appsfomo.com/reviews/woocommerce-extra-product-options/,2020-07-26
3115,"WooCommerce Shipping Tracking",,product,external,0,22,,"Wordpress Plugins>E-commerce",Vanquish,15,https://appsfomo.com/reviews/woocommerce-shipping-tracking/,2020-08-02
3117,"WooCommerce Dynamic Pricing and Discounts",,product,external,0,59,,"Wordpress Plugins>E-commerce",,12,https://appsfomo.com/reviews/woocommerce-dynamic-pricing-discounts/,2020-07-24
3119,"Hide My WP",,product,external,0,24,,"Wordpress Plugins>Security Plugin",,,https://appsfomo.com/reviews/hide-my-wp/,2020-07-27
3121,"Testimonials Showcase",,product,external,0,19,,"Wordpress Plugins>Miscellaneous",,,https://appsfomo.com/reviews/testimonials-showcase/,2020-07-24
3123,Reviewer,,product,external,0,29,,"Wordpress Plugins>Miscellaneous",,,https://appsfomo.com/reviews/reviewer/,2020-07-28
3125,"Let's Review",,product,external,0,29,,"Wordpress Plugins>Miscellaneous",,,https://appsfomo.com/reviews/lets-review/,2020-07-08
3127,Taqyeem,,product,external,0,22,,"Wordpress Plugins>Page Builder",,,https://appsfomo.com/reviews/taqyeem/,2020-07-02
3129,"Rating Form",,product,external,0,26,,"Wordpress Plugins>Miscellaneous",,,https://appsfomo.com/reviews/rating-form/,2020-07-20
3131,"Sidebar Widget Manager",,product,external,0,34,,"Wordpress Plugins>Page Builder",,,https://appsfomo.com/reviews/sidebar-widget-manager/,2020-07-04
3133,"Custom Widget Areas for WordPress",,product,external,0,12,,"Wordpress Plugins>Page Builder",RightHere,,https://appsfomo.com/reviews/custom-widget-areas-wordpress/,2020-08-02
3135,"Widget Ninja",,product,external,0,15,,"Wordpress Plugins>Page Builder",,,https://appsfomo.com/reviews/widget-ninja/,2020-07-01
3137,"Popping Sidebars and Widgets",,product,external,0,27,,"Wordpress Plugins>Page Builder",,,https://appsfomo.com/reviews/popping-sidebars-widgets/,2020-07-24
3139,"5sec Google Maps Pro",,product,external,0,20,,"Wordpress Plugins>Miscellaneous",,,https://appsfomo.com/reviews/5sec-google-maps-pro/,2020-07-26
3143,"Hero Maps Premium",,product,external,0,20,,"Wordpress Plugins>Miscellaneous",,,https://appsfomo.com/reviews/hero-maps-premium/,2020-07-16
3147,UberMenu,,product,external,0,19,,"Wordpress Plugins>Miscellaneous",,,https://appsfomo.com/reviews/ubermenu/,2020-07-26
3149,"Hero Menu",,product,external,0,20,,"Wordpress Plugins>Miscellaneous",,,https://appsfomo.com/reviews/hero-menu/,2020-07-14
3151,"Ajax Translator Revolution",,product,external,0,25,,"Wordpress Plugins>Social Network &amp; Translation",,,https://appsfomo.com/reviews/ajax-translator-revolution/,2020-07-28
3155,"The Grid",,product,external,0,25,,"Wordpress Plugins>Miscellaneous",,,https://appsfomo.com/reviews/the-grid/,2020-07-31
3157,"Instagram Feed",,product,external,0,29,,"Wordpress Plugins>Miscellaneous",,,https://appsfomo.com/reviews/instagram-feed/,2020-07-02
3159,"Elite Video Player",,product,external,0,49,,"Wordpress Plugins>Page Builder",,,https://appsfomo.com/reviews/elite-video-player/,2020-07-12
3161,"Wordpress Automatic Plugin",,product,external,0,30,,"Wordpress Plugins>Miscellaneous",,,https://appsfomo.com/reviews/wordpress-automatic-plugin/,2020-07-26
3163,Scrapes,,product,external,0,12,,"Wordpress Plugins>Miscellaneous",,,https://appsfomo.com/reviews/scrapes/,2020-07-03
3165,"Responsive flipbook",,product,external,0,36,,"Wordpress Plugins>Miscellaneous",,,https://appsfomo.com/reviews/responsive-flipbook/,2020-07-28
3167,"Ajax Search Pro",,product,external,0,29,,"Wordpress Plugins>Miscellaneous",,,https://appsfomo.com/reviews/ajax-search-pro/,2020-07-31
3169,"Go Pricing",,product,external,0,27,,"Wordpress Plugins>Miscellaneous",,,https://appsfomo.com/reviews/go-pricing/,2020-07-25
3171,"Advanced Google Maps",,product,external,0,38,11,"Wordpress Plugins>Page Builder",,,https://appsfomo.com/reviews/advanced-google-maps/,2020-07-25
3173,"Smart Image Compressor",,product,external,0,24,,"Wordpress Plugins>Wordpress Optimization",,,https://appsfomo.com/reviews/smart-image-compressor-2/,2020-07-25
3177,"WP Data Tables",,product,external,0,299,,"Wordpress Plugins>Page Builder",,12,https://appsfomo.com/reviews/wp-data-tables/,2020-07-25
3179,"WP Cost Estimation",,product,external,0,44,,"Wordpress Plugins>Forms &amp; Popups",,11,https://appsfomo.com/reviews/wp-cost-estimation/,2020-07-09
3181,"WP Timeline",,product,external,0,25,,"Wordpress Plugins>Page Builder",,11,https://appsfomo.com/reviews/wp-timeline/,2020-07-24
3183,"Content Egg",,product,external,0,68,,"Wordpress Plugins>Affiliate",WPsoul,13,https://appsfomo.com/reviews/content-egg/,2020-08-02
3185,"White Label",,product,external,0,24,,"Wordpress Plugins>Miscellaneous",,11,https://appsfomo.com/reviews/white-label/,2020-07-16
3187,"Essential Grid",,product,external,0,26,,"Wordpress Plugins>Page Builder",,12,https://appsfomo.com/reviews/essential-grid/,2020-07-04
3189,"Master Slider",,product,external,0,22,,"Wordpress Plugins>Carousel &amp; Gallery",,12,https://appsfomo.com/reviews/master-slider/,2020-07-13
3191,Kraken,,product,external,0,5,,"Wordpress Plugins>Wordpress Optimization",,11,https://appsfomo.com/reviews/kraken/,2020-07-11
3193,"Mega Menu",,product,external,0,18,,"Wordpress Plugins>Miscellaneous",,11,https://appsfomo.com/reviews/mega-menu/,2020-07-10
3195,"WordPress Real Media Library",,product,external,0,24,,"Wordpress Plugins>Miscellaneous",,61,https://appsfomo.com/reviews/wordpress-real-media-library/,2020-08-01
3197,"Yellow Pencil",,product,external,0,25,,"Wordpress Plugins>Page Builder",,11,https://appsfomo.com/reviews/yellow-pencil/,2020-07-18
3203,"Mini Go",,product,external,0,15,,"Wordpress Plugins>Affiliate",,12,https://appsfomo.com/reviews/mini-go/,2020-07-10
3205,"Image map pro",,product,external,0,39,,"Wordpress Plugins>Carousel &amp; Gallery",,11,https://appsfomo.com/reviews/image-map-pro/,2020-07-15
3207,Mailster,,product,external,0,59,,"Wordpress Plugins>Social Network &amp; Translation",,11,https://appsfomo.com/reviews/mailster/,2020-07-06
3209,Tube,,product,external,0,18,,"Wordpress Plugins>Extensions",,11,https://appsfomo.com/reviews/tube/,2020-07-15
3211,"Agile store locator",,product,external,0,25,,"Wordpress Plugins>Miscellaneous",,11,https://appsfomo.com/reviews/agile-store-locator/,2020-07-26
3215,"Album Stripes",,product,external,0,15,,"Wordpress Plugins>Carousel &amp; Gallery",,11,https://appsfomo.com/reviews/album-stripes/,2020-07-01
3217,Mycase,,product,external,0,32,,"Wordpress Plugins>Miscellaneous",,11,https://appsfomo.com/reviews/mycase/,2020-07-14
3223,"Google Analytics E-commerce",,product,external,0,10,,"Wordpress Plugins>Miscellaneous",,11,https://appsfomo.com/reviews/google-analytics-e-commerce/,2020-07-22
3225,"Woo Commerce Recover Abandoned Cart",,product,external,0,49,,"Wordpress Plugins>E-commerce",,11,https://appsfomo.com/reviews/woo-commerce-recover-abandoned-art/,2020-07-02
3227,"Popup Container adobe muse widget",,product,external,0,12,,"Wordpress Plugins",,11,https://appsfomo.com/reviews/popup-container-adobe-muse-widget/,2020-07-06
3229,"Ultratabs Magento Extension",,product,external,0,18,,"Wordpress Plugins",,11,https://appsfomo.com/reviews/ultratabs-magento-extension/,2020-07-03
3233,Powerbanners,,product,external,0,26,,"Wordpress Plugins>Extensions",,11,https://appsfomo.com/reviews/powerbanners/,2020-07-22
3235,Wunderadmin,,product,external,0,37,,"Wordpress Plugins>Extensions",,11,https://appsfomo.com/reviews/wunderadmin/,2020-07-05
3239,"Magneto installer/duplicator",,product,external,0,49,,"Wordpress Plugins>Extensions",,11,https://appsfomo.com/reviews/magneto-installer-duplicator/,2020-07-26
3241,"Newsletter popup for magneto",,product,external,0,19,,"Wordpress Plugins>Extensions",,,https://appsfomo.com/reviews/newsletter-popup-for-magneto/,2020-07-09
3291,"Theme X",,product,external,0,29,,"Wordpress Themes>Multipurpose",,,https://appsfomo.com/reviews/x-theme/,2020-07-13
3293,Newspaper,,product,external,0,59,,"Wordpress Themes>Blog / Magazine",tagDiv,,https://appsfomo.com/reviews/newspaper/,2020-07-18
3297,The7,,product,external,0,39,,"Wordpress Themes>Corporate",,,https://appsfomo.com/reviews/the7/,2020-07-06
3299,Sage,,product,external,0,59,,"Wordpress Themes>Food, Lifestyle &amp; Health",,,https://appsfomo.com/reviews/sage/,2020-07-27
3301,Jupiter,,product,external,0,59,,"Wordpress Themes>Blog / Magazine",,,https://appsfomo.com/reviews/jupiter/,2020-07-12
3305,Dreamvilla,,product,external,0,49,,"Uncategorized Reviews",,,https://appsfomo.com/reviews/dreamvilla/,2020-07-09
3307,Publisher,,product,external,0,35,,"Wordpress Themes>Blog / Magazine",,,https://appsfomo.com/reviews/publisher/,2020-07-02
3309,Rehub,,product,external,0,55,,"Wordpress Themes>Blog / Magazine",,,https://appsfomo.com/reviews/rehub/,2020-07-18
3311,Photography,,product,external,0,59,,"Wordpress Themes>Creative",,,https://appsfomo.com/reviews/photography/,2020-07-15
3313,Eduma,,product,external,0,69,,"Wordpress Themes>Education &amp; Non profit",,,https://appsfomo.com/reviews/eduma/,2020-07-25
3315,Buzzler,,product,external,0,69,,"Wordpress Themes>Page Builder",,,https://appsfomo.com/reviews/buzzler/,2020-07-29
3317,Listify,,product,external,0,69,,"Wordpress Themes>Page Builder",,,https://appsfomo.com/reviews/listify/,2020-07-30
3319,Kleo,,product,external,0,59,,"Wordpress Themes>Multipurpose",,,https://appsfomo.com/reviews/kleo/,2020-07-23
3321,Consulting,,product,external,0,59,,"Wordpress Themes>Multipurpose",,,https://appsfomo.com/reviews/consulting/,2020-07-05
3323,"WordPress Project Bidding : Sitemile",,product,external,0,99,,"Wordpress Themes>Multipurpose",,,https://appsfomo.com/reviews/wordpress-project-bidding-sitemile/,2020-07-22
3325,Enfold,,product,external,0,59,,"Wordpress Themes>Blog / Magazine",Kriesi,,https://appsfomo.com/reviews/enfold/,2020-07-31
3327,"Be Theme",,product,external,0,59,,"Wordpress Themes>Corporate",,,https://appsfomo.com/reviews/be-theme/,2020-07-09
3329,Walleto,,product,external,0,79.99,,"Wordpress Themes>e-commerce",,,https://appsfomo.com/reviews/walleto/,2020-07-29
3331,Makery,,product,external,0,29,,"Wordpress Themes>e-commerce",,,https://appsfomo.com/reviews/makery/,2020-07-17
3333,Jobify,,product,external,0,69,,"Wordpress Themes>Multipurpose",,,https://appsfomo.com/reviews/jobify/,2020-07-02
3335,Listable,,product,external,0,85,,"Wordpress Themes>e-commerce",,,https://appsfomo.com/reviews/listable/,2020-07-25
3337,Motors,,product,external,0,79,,"Wordpress Themes>Food, Lifestyle &amp; Health",,,https://appsfomo.com/reviews/motors/,2020-07-08
3341,"WYZI- Business Finder",,product,external,0,59,,"Wordpress Themes>Corporate",,,https://appsfomo.com/reviews/wyzi-business-finder/,2020-07-26
3343,"Real Places",,product,external,0,49,,"Wordpress Themes>Business Themes",,,https://appsfomo.com/reviews/real-places/,2020-07-29
3345,ApartmentWP,,product,external,0,59,,"Wordpress Themes>Business Themes",,12,https://appsfomo.com/reviews/apartmentwp/,2020-07-11
3347,"Full House",,product,external,0,75,,"Wordpress Themes>Business Themes",,12,https://appsfomo.com/reviews/full-house/,2020-07-09
3349,Residence,,product,external,0,59,,"Wordpress Themes>Business Themes",,11,https://appsfomo.com/reviews/residence/,2020-07-21
3351,"WP Rentals",,product,external,0,59,,"Wordpress Themes>Creative","Wp Estate",12,https://appsfomo.com/reviews/wp-rentals/,2020-08-02
3353,"Real Homes",,product,external,0,59,,"Wordpress Themes>Business Themes",,11,https://appsfomo.com/reviews/real-homes/,2020-07-31
3355,ROSA,,product,external,0,75,,"Wordpress Themes>Food, Lifestyle &amp; Health",,12,https://appsfomo.com/reviews/rosa/,2020-07-18
3357,Pronto,,product,external,0,64,,"Wordpress Themes>Food, Lifestyle &amp; Health",,11,https://appsfomo.com/reviews/pronto/,2020-07-04
3359,"Business Finder",,product,external,0,69,,"Wordpress Themes>e-commerce",,11,https://appsfomo.com/reviews/business-finder/,2020-07-01
3361,"Sweet Date",,product,external,0,69,,"Wordpress Themes>Food, Lifestyle &amp; Health",,11,https://appsfomo.com/reviews/sweet-date/,2020-07-16
3363,Mingle,,product,external,0,79,,"Wordpress Themes>Food, Lifestyle &amp; Health",,11,https://appsfomo.com/reviews/mingle/,2020-07-04
3365,Woffice,,product,external,0,79,,"Wordpress Themes>Corporate",,15,https://appsfomo.com/reviews/woffice/,2020-07-25
3367,Buddy,,product,external,0,199,,"Wordpress Themes>Multipurpose",,11,https://appsfomo.com/reviews/buddy/,2020-07-14
3369,Socialize,,product,external,0,199,,"Wordpress Themes>Multipurpose",,11,https://appsfomo.com/reviews/socialize/,2020-07-30
3371,WPLMS,,product,external,0,75,,"Wordpress Themes>Education &amp; Non profit",,11,https://appsfomo.com/reviews/wplms/,2020-07-17
3373,EducationPress,,product,external,0,59,,"Wordpress Themes>Education &amp; Non profit",,12,https://appsfomo.com/reviews/educationpress/,2020-07-26
3375,Academy,,product,external,0,29,,"Wordpress Themes>Education &amp; Non profit",,11,https://appsfomo.com/reviews/academy/,2020-07-21
3377,University,,product,external,0,49,,"Wordpress Themes>Education &amp; Non profit",,12,https://appsfomo.com/reviews/university/,2020-07-15
3379,LMS,,product,external,0,59,,"Wordpress Themes>Education &amp; Non profit",,12,https://appsfomo.com/reviews/lms/,2020-07-25
3381,Porto,,product,external,0,59,,"Wordpress Themes>e-commerce",,11,https://appsfomo.com/reviews/porto/,2020-07-29
3383,Blaszok,,product,external,0,47,,"Wordpress Themes>e-commerce",,11,https://appsfomo.com/reviews/blaszok/,2020-07-18
3387,Atelier,,product,external,0,53,,"Wordpress Themes>e-commerce",,11,https://appsfomo.com/reviews/atelier/,2020-07-30
3389,Oxygen,,product,external,0,59,,"Wordpress Themes>e-commerce",,12,https://appsfomo.com/reviews/oxygen/,2020-07-23
3391,Flatsome,,product,external,0,59,,"Wordpress Themes>e-commerce",,12,https://appsfomo.com/reviews/flatsome/,2020-07-10
3393,Shopkeeper,,product,external,0,59,,"Wordpress Themes>e-commerce",,15,https://appsfomo.com/reviews/shopkeeper/,2020-07-31
3395,"The Retailer",,product,external,0,59,,"Wordpress Themes>e-commerce",,11,https://appsfomo.com/reviews/the-retailer/,2020-07-16
3397,"Job Career",,product,external,0,69,,"Wordpress Themes>Corporate",,,https://appsfomo.com/reviews/job-career/,2020-07-05
3399,Fable,,product,external,0,59,,"Wordpress Themes>Education &amp; Non profit",,,https://appsfomo.com/reviews/fable/,2020-07-04
3403,Karma,,product,external,0,49,,"Wordpress Themes>Corporate",,,https://appsfomo.com/reviews/karma/,2020-07-06
3405,uDesign,,product,external,0,56,,"Wordpress Themes>Corporate",,,https://appsfomo.com/reviews/udesign/,2020-07-26
3407,"Home Villas",,product,external,0,59,,"Wordpress Themes>Business Themes",,,https://appsfomo.com/reviews/home-villas/,2020-07-16
3409,Sahifa,,product,external,0,59,,"Wordpress Themes",,,https://appsfomo.com/reviews/sahifa/,2020-07-16
3411,Gonzo,,product,external,0,49,,"Wordpress Themes>Blog / Magazine",,,https://appsfomo.com/reviews/gonzo/,2020-07-26
3413,Modesto,,product,external,0,39,,"Wordpress Themes>Creative",,,https://appsfomo.com/reviews/modesto/,2020-07-17
3415,Joker,,product,external,0,59,,"Wordpress Themes>Creative",,,https://appsfomo.com/reviews/joker/,2020-07-26
3417,Preschool,,product,external,0,59,,"Wordpress Themes>Education &amp; Non profit",Jwsthemes,,https://appsfomo.com/reviews/preschool/,2020-08-02
3419,EduCare,,product,external,0,39,,"Wordpress Themes>Education &amp; Non profit",,,https://appsfomo.com/reviews/educare/,2020-07-14
3421,Universh,,product,external,0,59,,"Wordpress Themes>Education &amp; Non profit",,,https://appsfomo.com/reviews/universh/,2020-07-31
3428,Falcons,,product,external,0,59,,"Wordpress Themes>Corporate",,,https://appsfomo.com/reviews/falcons/,2020-07-29
3430,Thrive,,product,external,0,67,,"Wordpress Themes>Multipurpose",Dunhakdis,,https://appsfomo.com/reviews/thrive/,2020-08-02
3433,NRGNetwork,,product,external,0,59,,"Wordpress Themes>Corporate",,,https://appsfomo.com/reviews/nrgnetwork/,2020-07-14
3435,Geeklove,,product,external,0,44,,"Wordpress Themes>Food, Lifestyle &amp; Health",,,https://appsfomo.com/reviews/geeklove/,2020-07-25
3439,Aimer,,product,external,0,48,,"Wordpress Themes>Food, Lifestyle &amp; Health",3jon,,https://appsfomo.com/reviews/aimer/,2020-07-20
3441,Crown,,product,external,0,60,,"Wordpress Themes>Creative",,,https://appsfomo.com/reviews/crown/,2020-07-10
3443,MediCenter,,product,external,0,59,,"Wordpress Themes>Food, Lifestyle &amp; Health",,,https://appsfomo.com/reviews/medicenter/,2020-07-09
3445,MaxHost,,product,external,0,38,,"Wordpress Themes>Creative",,,https://appsfomo.com/reviews/maxhost/,2020-07-02
3447,MedicalPress,,product,external,0,49,,"Wordpress Themes>Food, Lifestyle &amp; Health",,,https://appsfomo.com/reviews/medicalpress/,2020-07-13
3451,"Spa Lab",,product,external,0,59,,"Wordpress Themes>Food, Lifestyle &amp; Health",,,https://appsfomo.com/reviews/spa-lab/,2020-07-21
3453,"Tour Package",,product,external,0,54,,"Wordpress Themes>Business Themes",,,https://appsfomo.com/reviews/tour-package/,2020-07-23
3455,Traveler,,product,external,0,79,,"Wordpress Themes>Business Themes",,,https://appsfomo.com/reviews/traveler/,2020-07-27
3457,Travelo,,product,external,0,35,,"Wordpress Themes>Entertainment",,,https://appsfomo.com/reviews/travelo/,2020-07-13
3459,"Trendy Travel",,product,external,0,59,,"Wordpress Themes>Business Themes",,12,https://appsfomo.com/reviews/trendy-travel/,2020-07-24
3461,"Nation Hotel",,product,external,0,49,,"Wordpress Themes>Food, Lifestyle &amp; Health",,11,https://appsfomo.com/reviews/nation-hotel/,2020-07-02
3465,Bellevue,,product,external,0,59,,"Wordpress Themes>Corporate",,11,https://appsfomo.com/reviews/bellevue/,2020-07-10
3580,Avada,,product,external,0,60,,"Wordpress Themes>Creative",ThemeFusion,12,https://appsfomo.com/reviews/avada/,2020-09-02
3583,"Yoast SEO",,product,external,0,89,,"Wordpress Plugins>SEO Plugin","Yoast BV",15,https://appsfomo.com/reviews/yoast-seo/,2020-09-03
6206,Cloudflare,,product,external,0,20,,"SaaS>Hosting &amp; Cloud Services",,,https://appsfomo.com/reviews/cloudflare/,2020-11-09
6255,cPanel,,product,external,0,20,,"Web Panels",,77,https://appsfomo.com/reviews/cpanel/,2020-11-13
6408,BunnyCDN,,product,external,0,10,,"SaaS>Hosting &amp; Cloud Services",,20,https://appsfomo.com/reviews/bunnycdn/,2020-11-12
6419,SiteGround,,product,external,0,14.99,6.99,Hosting,,,https://appsfomo.com/reviews/siteground/,2020-11-12
6427,Bluehost,,product,external,0,2.97,,Hosting,,,https://appsfomo.com/reviews/bluehost/,2020-11-12
6488,Plesk,,product,external,0,9.17,8.25,"Web Panels",,16,https://appsfomo.com/reviews/plesk/,2020-11-16
6537,Plutio,,product,external,0,15,,"SaaS>Project Management",,22,https://appsfomo.com/reviews/plutio/,2020-11-17
6622,CiuisCRM,,product,external,0,45,,"PHP Scripts",SuiseSoft,,https://appsfomo.com/reviews/ciuiscrm/,2020-11-17
6645,Mailchimp,,product,external,0,9.99,,"SaaS>Marketing and Sales",Mailchimp,,https://appsfomo.com/reviews/mailchimp/,2020-11-19
6938,SendGrid,,product,external,0,14.95,,"SaaS>Marketing and Sales",SendGrid,,https://appsfomo.com/reviews/sendgrid/,2020-11-24
8302,Hestia,,product,external,0,69,,"Wordpress Themes>Multipurpose",Themeisle,,https://appsfomo.com/reviews/hestia/,2021-01-06
8314,OceanWP,8314,product,external,0,39,,"Wordpress Themes>Multipurpose",OceanWp,,https://appsfomo.com/reviews/oceanwp/,2021-01-05
8336,ShopIsle,,product,external,0,52,,"Wordpress Themes>e-commerce",Themeisle,,https://appsfomo.com/reviews/shopisle/,2021-01-06
8340,BetterDocs,,product,external,0,39,,"Wordpress Plugins>Documentation","WP developer",,https://appsfomo.com/reviews/betterdocs/,2021-01-06
8345,Generatepress,,product,external,0,59,44,"Wordpress Themes",Generatepress,,https://appsfomo.com/reviews/generatepress-lightning-speed-wordpress-theme-2021-review/,2021-01-06
8371,Neve,,product,external,0,82,,"Wordpress Themes",Themeisle,,https://appsfomo.com/reviews/neve/,2021-01-07
8379,"Zelle (Zerif)",,product,external,0,86,,"Wordpress Themes",Themeisle,,https://appsfomo.com/reviews/zelle/,2021-01-08
8393,Flexia,,product,external,0,49,,"Wordpress Themes",Codetic,,https://appsfomo.com/reviews/flexia/,2021-01-08
8405,Kadence,,product,external,0,69,56,"Wordpress Themes>Multipurpose",,,https://appsfomo.com/reviews/kadence/,2021-01-08
8509,Imagely,,product,external,0,29,,"Wordpress Themes>Creative",Imagely,,https://appsfomo.com/reviews/imagely/,2021-01-11
9234,Brizy,,product,external,0,49,,"Wordpress Themes>Page Builder",Brizy,,https://appsfomo.com/reviews/brizy/,2021-01-15
9530,SEOPress,,product,external,0,39,,"Wordpress Plugins>SEO Plugin","SEO Press",,https://appsfomo.com/reviews/seopress/,2021-01-21
9862,"Elementor Pro",,product,external,0,49,,"Wordpress Plugins>Page Builder","Elementor Ltd",,https://appsfomo.com/reviews/elementor-pro/,2021-03-01
9880,LearnDash,,product,external,0,159,,"Wordpress Plugins>LMS",LearnDash,,https://appsfomo.com/reviews/learndash/,2021-03-03
9895,"Caldera Forms",,product,external,0,49,,"Wordpress Plugins>Forms &amp; Popups","Caldera Labs",,https://appsfomo.com/reviews/caldera-forms/,2021-03-03
9904,StackSocial,,product,external,0,,,"Deals Platform",StackCommerce,,https://appsfomo.com/reviews/stacksocial/,2021-02-01
9911,AppSumo,,product,external,0,,,"Deals Platform",Appsumo,80,https://appsfomo.com/reviews/appsumo/,2021-02-01
9936,Shortpixel,,product,external,0,4.99,,"Wordpress Plugins",ShortPixel,84,https://appsfomo.com/reviews/shortpixel/,2021-02-03
9944,"Saastronaut Life",,product,external,0,,,"FB Groups",,76,https://appsfomo.com/reviews/saastronaut-life/,2021-02-02
9948,"SaaS Master",,product,external,0,,,"FB Groups",SaasMaster,16,https://appsfomo.com/reviews/saas-master/,2021-02-02
10007,"WP Fluent Forms",,product,external,0,59,,"Wordpress Plugins>Forms &amp; Popups",WpManageNinja,78,https://appsfomo.com/reviews/fluent-forms/,2021-02-05
10059,Ora,,product,external,0,6.00,4.33,"SaaS>Project Management",,11,https://appsfomo.com/reviews/ora/,2021-02-11
10060,Glorify,,product,external,0,12.99,,"SaaS>Design &amp; Collaboration",,80,https://appsfomo.com/reviews/glorify/,2021-02-12
10061,Trello,,product,external,0,9.99,,"SaaS>Project Management",,18,https://appsfomo.com/reviews/trello/,2021-02-12
10062,Crello,,product,external,0,9.99,,"SaaS>Design &amp; Collaboration",,11,https://appsfomo.com/reviews/crello/,2021-02-12
10082,"WP Security Ninja",,product,external,0,7.99,,"Wordpress Plugins>Security Plugin","WP Security Ninja",33,https://appsfomo.com/reviews/wp-security-ninja/,2021-02-27
10114,"All-in-One WP Migration",,product,external,0,69,,"Wordpress Plugins>Security Plugin",ServMask,70,https://appsfomo.com/reviews/all-in-one-wp-migration/,2021-02-18
10216,SpinRewriter,,product,external,0,47,,"SaaS>Content creation","Infinect LLC",68,https://appsfomo.com/reviews/spinrewriter/,2021-03-05
10260,TexAu,,product,external,0,12.99,,"SaaS>Business Tools",TexAu,79,https://appsfomo.com/reviews/texau/,2021-03-08
10281,Amelia,,product,external,0,59,,"Wordpress Plugins>Calendar",TMS,16,https://appsfomo.com/reviews/amelia-wordpress-appointment-booking-plugin/,2021-03-09
10284,"Advanced Custom Fields",,product,external,0,49,,"Wordpress Plugins>Miscellaneous",ACF,28,https://appsfomo.com/reviews/advanced-custom-fields/,2021-03-19
10333,Analytify,,product,external,0,39,,"Wordpress Plugins>Miscellaneous","WP Brigade",76,https://appsfomo.com/reviews/analytify/,2021-03-22
10402,RelayThat,,product,external,0,25,,"SaaS>Design &amp; Collaboration",RelayThat,76,https://appsfomo.com/reviews/relaythat/,2021-03-19
10638,Bridge,,product,external,0,59,,"Wordpress Themes>Multipurpose","Qode Interactive",,https://appsfomo.com/reviews/bridge-multipurpose-wordpress-theme/,2021-03-19
10797,Shopify,,product,external,0,25,,eCommerce,Shopify,,https://appsfomo.com/reviews/shopify/,2021-03-26
10962,MarTech,,product,external,0,,,"FB Groups","MarTech Wise",,https://appsfomo.com/reviews/martech/,2021-03-29
11028,Digitalthink,,product,external,0,,,"FB Groups","Digital think",,https://appsfomo.com/reviews/digitalthink/,2021-03-29
11031,Pitchground,,product,external,0,,,"FB Groups",,,https://appsfomo.com/reviews/pitchground/,2021-03-25
11133,Magento,,product,external,0,,,eCommerce,,,https://appsfomo.com/reviews/magento/,2021-03-29
11198,WordPress,,product,external,0,0.00,,"Content Management Systems",,,https://appsfomo.com/reviews/wordpress/,2021-03-31
11413,"User Back",,product,external,0,8,,"SaaS>Business Tools",RelayThat,,https://appsfomo.com/reviews/user-back/,2021-04-01
11527,"7 Zip",,product,external,0,,,"Apps &amp; Utilities",,,https://appsfomo.com/reviews/7-zip/,2021-04-02
11620,Drupal,,product,external,0,0.00,,"Content Management Systems",,80,https://appsfomo.com/reviews/drupal/,2021-04-07
11694,"WP Reset",,product,external,0,4.99,,"Wordpress Plugins",,84,https://appsfomo.com/reviews/wp-reset/,2021-04-08
11772,WebARX,,product,external,0,14.99,,Security,WebARX,89,https://appsfomo.com/reviews/webarx/,2021-04-09
13015,Grammarly,,product,external,0,11.66,,"SaaS>Content creation",,,https://appsfomo.com/reviews/grammarly/,2021-05-03
13338,TortoiseGit,,product,external,0,,,"Apps &amp; Utilities",,,https://appsfomo.com/reviews/tortoisegit/,2021-05-05
13461,ArticleForge,,product,external,0,57,,"SaaS>Content creation",,29,https://appsfomo.com/reviews/articleforge/,2021-05-06
13549,Virusdie,,product,external,0,15,,Security,,,https://appsfomo.com/reviews/virusdie/,2021-05-10
13634,"SaaS Mantra",,product,external,0,,,"FB Groups",,84,https://appsfomo.com/reviews/saas-mantra/,2021-05-12
13698,Loginpress,,product,external,0,39,,"Wordpress Plugins>Forms &amp; Popups",Appsumo,68,https://appsfomo.com/reviews/loginpress/,2021-05-13
14060,Sucuri,,product,external,0,9.99,,Security,,18,https://appsfomo.com/reviews/sucuri/,2021-05-17
14377,Boei,,product,external,0,10,,"Wordpress Plugins>Forms &amp; Popups",Appsumo,17,https://appsfomo.com/reviews/boei/,2021-05-19
14737,"All In One WordPress Security and Firewall Plugin",,product,external,0,0,,"Uncategorized Reviews",,76,https://appsfomo.com/reviews/all-in-one-wordpress-security-and-firewall-plugin/,2021-05-22
14747,Kalium,,product,external,0,59,,"Wordpress Themes",Themeisle,25,https://appsfomo.com/reviews/kalium/,2021-05-22
14915,Meld,,product,external,0,0,,"Apps &amp; Utilities",,33,https://appsfomo.com/reviews/meld/,2021-06-08
15511,Soledad,,product,external,0,59,,"Wordpress Themes",,23,https://appsfomo.com/reviews/soledad/,2021-06-01
15653,LiveWebinar,,product,external,0,11.99,,SaaS>Communication,RelayThat,17,https://appsfomo.com/reviews/livewebinar/,2021-06-04
15862,"Essential Addons for Elementor",,product,external,0,39.97,,"Wordpress Plugins>Page Builder","WP developer",,https://appsfomo.com/reviews/essential-addons-for-elementor/,2021-06-15
16794,Cartflows,,product,external,0,299,239,"Wordpress Plugins>E-commerce",,20,https://appsfomo.com/reviews/cartflows/,2021-07-07
16916,"WP Engine",,product,external,0,25,,"Uncategorized Reviews",,,https://appsfomo.com/reviews/wp-engine/,2021-07-20
17751,Kinsta,,product,external,0,30,,Hosting,,,https://appsfomo.com/reviews/kinsta/,2021-09-03
17798,"Backup Guard",,product,external,0,25,,"Uncategorized Reviews",,,https://appsfomo.com/reviews/backup-guard/,2021-09-06
18134,Mailpoet,,product,external,0,18,,"Wordpress Plugins",,22,https://appsfomo.com/reviews/mailpoet/,2021-09-21
18166,Hostinger,,product,external,0,1.39,,"Uncategorized Reviews",,,https://appsfomo.com/reviews/hostinger/,2021-09-20
18413,Weje,,product,external,0,4,,SaaS>Communication,RelayThat,,https://appsfomo.com/reviews/weje/,2021-09-30
18590,Autoptimize,,product,external,0,0,,"Wordpress Plugins>Wordpress Optimization",,,https://appsfomo.com/reviews/autoptimize/,2021-10-11
19614,"WPvivid Backup",,product,external,0,69,,"Wordpress Plugins>Security Plugin",,23,https://appsfomo.com/reviews/wpvivid-backup/,2022-01-28
20584,Quillbot,,product,external,0,4,,"SaaS>Content creation",Quillbot,93,https://appsfomo.com/reviews/quillbot/,2022-08-01
21191,Crove.app,,product,external,0,9,,"SaaS>Business Tools",Crove.app,22,https://appsfomo.com/reviews/crove-app/,2022-08-24
21211,Chugzi,,product,external,0,97,,"SaaS>Content creation",Chugzi™,22,https://appsfomo.com/reviews/chugzi/,2022-08-24
21454,WPSmartPay,,product,external,0,99,,"Wordpress Plugins",WPSmartPay,,https://appsfomo.com/reviews/wpsmartpay/,2022-09-12
21491,Usetiful,,product,external,0,29,,SaaS>Communication,Usetiful,,https://appsfomo.com/reviews/usetiful/,2022-09-12
21673,RemasterMedia,,product,external,0,6.50,,"SaaS>Audio|SaaS>Video &amp; Media",RemasterMedia,,https://appsfomo.com/reviews/remastermedia/,2022-10-18
21689,Biteplay,,product,external,0,99,,"SaaS>Audio|SaaS>Video &amp; Media",Biteplay,,https://appsfomo.com/reviews/biteplay/,2022-10-18
21763,GummySearch,,product,external,0,15.75,,"SaaS>Business Tools",GummySearch,,https://appsfomo.com/reviews/gummysearch/,2022-09-26
22024,ContentBot,,product,external,0,29,,"SaaS>Content creation",ContentBot,87,https://appsfomo.com/reviews/contentbot/,2022-10-18
22130,TrueRanker,,product,external,0,6.99,,"SaaS>Marketing and Sales",TrueRanker,93,https://appsfomo.com/reviews/trueranker/,2022-10-18
22168,Trust,,product,external,0,19,,"Uncategorized Reviews",Trust,87,https://appsfomo.com/reviews/trust/,2022-10-18
22217,NeuronWriter,,product,external,0,19,,"SaaS>Content creation",NeuronWriter,93,https://appsfomo.com/reviews/neuronwriter/,2022-11-03
22248,Vepaar,,product,external,0,5,,"SaaS>Business Tools",Vepaar,85,https://appsfomo.com/reviews/vepaar/,2022-10-25
22264,Scalenut,,product,external,0,29,,"SaaS>Content creation",Scalenut,91,https://appsfomo.com/reviews/scalenut/,2022-10-25
22281,Prelo,,product,external,0,23,,"SaaS>Business Tools",Prelo,87,https://appsfomo.com/reviews/prelo/,2022-10-25
22320,"Xpro Addons for Elementor",,product,external,0,37,,"Uncategorized Reviews","Xpro Elementor Addons",91,https://appsfomo.com/reviews/xpro-addons-for-elementor/,2022-11-03
22336,SheerSEO,,product,external,0,10,,"SaaS>Marketing and Sales",SheerSEO,87,https://appsfomo.com/reviews/sheerseo/,2022-11-09
22376,Wordplay ,,product,external,0,59,,"SaaS>Content creation",Wordplay,87,https://appsfomo.com/reviews/wordplay/,2022-11-09
22406,WooLentor,,product,external,0,39,,"Wordpress Themes",WooLentor,87,https://appsfomo.com/reviews/woolentor/,2022-11-09
22432,"Microsoft Power Automate",,product,external,0,15,,"SaaS>Automation and Data","Microsoft Power Automate",93,https://appsfomo.com/reviews/microsoft-power-automate/,2022-11-09
22458,useArtemis,,product,external,0,29,,"SaaS>Business Tools",useArtemis,93,https://appsfomo.com/reviews/useartemis/,2022-11-07
22491,"Bit Integrations",,product,external,0,19,,"Wordpress Plugins>Security Plugin","Bit Integrations",93,https://appsfomo.com/reviews/bit-integrations/,2022-11-11
22518,BackupSheep,,product,external,0,10,,"SaaS>Hosting &amp; Cloud Services",BackupSheep,93,https://appsfomo.com/?post_type=product&p=22518,1970-01-01
22564,Dukaan,,product,external,0,4.62,,"SaaS>Business Tools",Dukaan,87,https://appsfomo.com/?post_type=product&p=22564,1970-01-01
22606,Heartbeat,,product,external,0,29,,SaaS>Communication,Heartbeat,93,https://appsfomo.com/?post_type=product&p=22606,1970-01-01
22654,"WP Force SSL",,product,external,0,59,,"Wordpress Plugins>Security Plugin","WP Force SSL",93,https://appsfomo.com/reviews/wp-force-ssl/,2022-11-28
22670,"Grab Your Reviews",,product,external,0,29,,"SaaS>Marketing and Sales","Grab Your Reviews",93,https://appsfomo.com/?post_type=product&p=22670,1970-01-01
23000,LeadRocks,,product,external,0,29,,"SaaS>Business Tools",LeadRocks,87,https://appsfomo.com/?post_type=product&p=23000,1970-01-01
23042,pxl.to,,product,external,0,30,,"SaaS>Marketing and Sales",pxl.to,81,https://appsfomo.com/?post_type=product&p=23042,1970-01-01
