Old Title,New Title,Rank Math Focus Keyword,Short description,record_id
SaaSmantra,SaaSmantra: Best Facebook community for SaaS Entrepreneurs,saasmantra,"A thriving Facebook community of over 9000+ SaaS entrepreneurs and professionals. Get access to valuable resources, tools, and support to help grow your SaaS business and connect with like-minded professionals.",27544
PDF24 Review,PDF24: Simplify your PDF Editing with the Best Free PDF Editor,pdf editor text,Looking for a free and easy-to-use PDF editor? PDF24 has got you covered! Simplify your editing process with the most powerful open-source PDF editor.,27660
Joinsecret Review,Joinsecret: Your One-Stop Shop For Discounted Software Products,joinsecret,Joinsecret is an online platform that helps businesses find deals and discounts on software products. It provides detailed reviews and ratings to help customers make informed decisions before making a purchase.,27317
Linguix Review,Linguix: Improve Your Writing With the AI Writing Assistant,linguix,"Linguix is a writing assistant that uses artificial intelligence (AI) to help you write better. It offers a range of features to help you improve your writing, including grammar check, spell checking, and formatting suggestions. Additionally, it has a voice input feature that allows you to record your own voice commands to help you improve your writing productivity.",27346
EWWW Image Optimizer Review,EWWW Image Optimizer: Say Goodbye To Slow Loading Images in Wordpress,ewww,EWWW Image Optimizer is a powerful plugin that helps to optimize images quickly and efficiently without compromising the quality of the images.,27005
Systeme.io Review, Systeme.io: Maximizing Your Online Marketing Potential With Automation,systeme.io,"Systeme.io is an online marketing platform designed to make creating and running online businesses easier and faster. Its features include functionalities such as clickfunnels alternative, email automation, A/B testing, event-triggered emails, drip campaigns, and click-through tracking. Its all-in-one platform makes it perfect for anyone looking to create or grow their business with ease.",26705
WHMCS Review,WHMCS: 5 Key Features Of For Effective Web Hosting,whmcs,"WHMCS is a web hosting automation tool that allows businesses to manage their website’s hosting and content easily. Some of the features this application offers include: online billing, email marketing, contact forms, live chat support, and more.",26858
Hetzner Review,"Hetzner Cloud VPS Hosting: Scalable, Redundant, And Cost-Effective",hetzner,"Hetzner Cloud VPS Hosting is a cloud service that provides users with scalable, redundant, and cost-effective virtual private servers (VPSs). These servers allow you to deploy your own applications and websites on top of them without having to worry about any underlying infrastructure or management tasks",26985
Pipio Review,Pipio: Create Stunning Videos In Minutes With AI Technology,pipio,Pipio is an AI-powered video creation platform that helps businesses and individuals create high-quality videos quickly and easily.,26712
WP Shifty Review,WP Shifty: Boost Your Website Speed And Efficiency,wp shifty,"WP Shifty is a Web Speed Optimization tool, which manages all your WordPress plugins and improves work efficiency.",26941
ZeroWork Review,ZeroWork: No-Code Solution For Automated Web Tasks,zerowork,"\nZeroWork Creator App is a no-code solution that lets you build TaskBots and sell them in their marketplace. If you're looking for a way to automate your web tasks without spending hours coding, then ZeroWork Creator App is the perfect solution! \n",26852
Outscraper Review,Outscraper: The Ultimate Tool For Efficient Web Scraping and Data Extraction,outscraper,"Outscraper is a powerful web scraping tool that helps teams access data from various sources, such as Google Maps, SERP, Google Play Store. It is capable of accessing data from any website via its powerful technologies.",26623
Serpstat Review,Serpstat: Maximizing Your Online Presence With Comprehensive SEO Toolkit,serpstat,"Serpstat is an all-in-one SEO platform that offers features such as keyword research, backlink analysis, and rank tracking.",26488
ContextMinds Review,ContextMinds: Streamline Your Content Creation and Management,contextminds,"ContextMinds is an online platform that helps users create and manage content ideas for their website, blog or other digital marketing channels",26639
DigitalOcean Review,"DigitalOcean: Simplify Your Cloud Infrastructure, Scalable and Flexible",digitalocean,"DigitalOcean is a cloud computing platform that provides users with the ability to quickly spin up virtual servers, deploy popular applications in one-click, customize their security settings with dedicated firewalls, and take advantage of optimized performance.",26530
Depositphotos Review,Depositphotos: Find The Perfect Image from Huge Stock Image Library,depositphotos,"Depositphotos is an online stock photography, vector images, and videos marketplace. It provides a wide variety of royalty-free content from over 75 million images and videos. The platform features unique collections from photographers, illustrators, videographers, and designers all over the world. ",26479
SalesRobot Review,SalesRobot: How Can it Help Boost Your Lead Generation Efforts,salesrobot,\nSalesRobot is an Automation Tool that helps Sales Development Reps and Marketing Agencies do effective cold outreach on LinkedIn.\n,26635
SuperOkay Review,SuperOkay: Customizable Client Portal for Easy Project Sharing,superokay,"SuperOkay is a customizable client portal that enables teams to share project information, assets, and tasks with clients.",26588
Hide My WP Ghost Review,Hide My WP: Easiest way to hide WordPress from Hackers,hide my wp,"Hide my wp ghost plugin is a security plugin that hides your WordPress site from bots and hackers. It offers security features to help you avoid SQL injection attacks and website vulnerabilities, which can be harmful for your site’s security.",26265
Cwicly Review,Cwicly Builder: Flexible and Advanced Gutenberg WordPress Blocks,cwicly,"Cwicly Builder is a fully optimized no-code WordPress tool designed for speed, flexibility, and performance.",26515
BHuman AI Review,Bhuman AI: Create Personalized Videos at Scale with the help of AI,bhuman ai,"BHuman AI Studio is a video creation tool that can be used by small businesses and individual users. It offers basic features for creating customized videos with facial likeness and voice, but it does not offer advanced editing tools or templates. The software can be scaled up by purchasing additional features or storage space.",26532
Creating Conversational Chatbots Using Typebot.,Typebot: Maximizing Customer Engagement with Personalized Chatbots,typebot,"Typebot is an artificial intelligence-powered chatbot platform that enables users to create conversational chatbots for websites, applications, and messaging services. It provides a simple drag-and-drop interface to create bots that are robust, scalable, and secure.",26262
Social Snap Review,Social Snap: How to Boost Your Social Media Presence in Wordpress,social snap,"Social Snap is a social media WordPress plugin that offers various tools such as social logins, boost old posts and auto-scheduling content to share.",26029
MonSpark Review,"Monspark: Uptime Monitoring for your Website, Server, or Application",monspark,"With MonSpark, you can easily monitor any website, server, or application—no programming or complicated setup required!",26384
HelloScribe Review,HelloScribe: The Smart Tool for Creating Quality Content at Scale,helloscribe,"HelloScribe is an AI-based writing assistant used by professionals to brainstorm, draft articles, create headlines, ads, summaries, messaging, and more - in seconds. ",26371
Outranking Review,"Outranking: Best AI-Powered Content Research, Writing, and Optimization Tool ",outranking,"Outranking.io is an AI-powered tool that helps to research, write and optimize content for higher organic traffic quickly and efficiently.",26263
HyperHost Review,HyperHost: Best Lifetime Web Hosting Provider for Your Website,hyperhost,"Hyper Host is a seamless cloud hosting solution that enables organizations to host their number of websites and broadcast businesses online, easily.",26157
Notion Review,Notion: the Only Productivity App You'll Ever Need for your Team,notion,"\nNotion is an app that helps you take notes, manage tasks, create wikis, and databases. It serves as an all-in-one workspace for note-taking, task management, and project management. The app can be accessed via most web browsers.\n",26087
pCloud: The Best Online Backup Solution?,pCloud: The Best Lifetime Cloud Storage Service,pcloud,"pCloud is a cloud storage service that provides users with secure, reliable, and easy-to-use online backup solutions. It offers features such as file sharing, collaboration tools, and digital asset management. pCloud also offers zero knowledge encryption for added security and privacy. With its intuitive user interface, pCloud makes it easy for users to store, manage, and share their data in the cloud.\n&nbsp;",26053
Shopia Review,Shopia: The AI-Powered Content Writing Assistant for Teams,Shopia,"Shopia is a content writing assistant that makes the process of creating content easier for teams. The AI-powered tool helps content marketers to focus on the creative aspects of writing, while automating the tedious tasks.",25959
Geru Review,Geru: The Ultimate Tool for Planning Your Marketing Strategy,geru,"Geru is a sales funnel tool that helps online businesses automate their sales process. It provides email marketing, social media management, lead capture forms and content optimization tools to streamline the customer journey.",25809
Integrately Review,Automate Your Business with Integrately's Advanced Workflow Builder,integrately,Integrately is a one-stop solution for all your automation needs. It seamlessly connects all your business tools to each other and automates complicated workflows without any hassle.,25980
LiquidPoll Review,LiquidPoll: Creating Engaging Surveys with Advanced Features,liquidpoll,Liquidpoll is the fastest way to get customer feedback. It is the ultimate WordPress plugin for creating Advanced polls for your brands.,25837
Elai Review,Elai.io: Create Video Content with Real Human Narrators from Text,elai,Elai.io is a leading text-to-video platform that allows users to generate video content with real human narrators from just text.\n ,25795
Shopper Review,Shopper.com: Maximizing Your Affliate earning from 25000 Stores,shopper,"Shopper is an affiliate marketing platform that helps businesses get started with affiliate marketing. Through Shopper’s affiliate programs, businesses can promote their products and services and earn income from sales generated by affiliate marketing.",25753
Katteb Review,Katteb: Fact-Checked Writing Platform for Producing High-Quality Content,katteb,"Katteb is user-friendly platform helps writers write faster and with less effort, which helps them produce high-quality content.",25727
Jasper Review,Jasper: The AI Content Generator for Creating Original Content Faster,jasper,"\nJasper is the AI Content Generator that helps you and your team break through creative blocks to create amazing, original content 10X faster.\n",25687
Sucuri Review,Sucuri: The Ultimate Tool for Securing Your Website from Cyber Attacks,sucuri,"The days of getting hacked and losing personal information are over. With security software like Sucuri, you can rest easy knowing that your website is always protected from malicious threats.",25436
Make Review,Make: The Visual Platform for Building and Automating Anything,make,"\nMake is a visual platform that helps businesses of all sizes design, build, and automate anything, from tasks and workflows to apps and systems\n",25514
Steve.AI Review,steve.ai: Revolutionize Your Video Creation with the best AI-Powered Platform,steve.ai,"Steve.AI is a patented artificial intelligence (AI) tool that enables anyone to create videos and animation. It’s designed to save time for video makers, marketers, and salespeople to create video campaigns faster than ever before.\n ",25474
SEOcrawl Review,SEOcrawl: Grow your SEO and Improve Your Website's Ranking,seocrawl,"SEOcrawl is designed to boost your SEO ranking using a powerful data warehouse, custom-made dashboards, and actionable reports.",25427
Succuri,Sucuri: The Only WordPress Security Plugin you want to fight Attackers,sucuri,&lt;short description&gt;,25438
MasterStudy LMS Review,MasterStudy LMS: The Ultimate Tool for Creating Your Own eLearning Platform,masterstudy lms,MasterStudy LMS is a learning management system (LMS) that helps you build and sell courses on your WordPress site.,25343
Blackbox Review,"Blackbox: The Best OCR Ever for Copying Text from Videos, Images, PDFs",blackbox,"Blackbox is the best OCR ever! for Browser, Windows, and Mac. It is the fastest way to copy text from videos, images, PDFs, and anything... ever",25257
Pabbly Connect Review,Pabbly Connect: Streamlining Your Workflow with Advanced Automation Features,pabbly connect,\nPabbly Connect is an integration application that connects multiple applications together so that you can send data from one of your applications to another and sync your data across multiple applications.\n,24990
Sessions Review,Sessions:Maximizing Your Productivity with User-Friendly Meeting Platform,sessions,"Sessions is the easy and effective way to run meetings online. It's very simple, yet powerful SaaS solution for hosting webinars, online meetings and events on your own website or third-party platforms..",24723
Instantly.AI Review,Instantly: The AI-Powered Cold Email Campaign Management Platform,instantly ai,Instantly is an AI-powered cold email campaign management platform that boosts deliverability and response through automated account warmup and smart sending features.,24051
Meta API Review,"Meta API: The Open API Platform for Accelerating Code, Authentication & Deployment",Meta API,"Meta API is an open API platform that lets you accelerate your code, authentication, deployment, and monitoring processes.",23517
RankMath Review,RankMath: The Ultimate Tool for Optimizing Your Wordpress Website's SEO,Rankmath,"Do you want to improve your WordPress website's ranking? Then you'll want to check out RankMath, an SEO plugin that promises to help you rank higher in search engines. Read our full review to find out if Rankmath is worth the investment.",23323
Boost.space Review,Boost.space: The Best Platform to Sync Data between Applications,Boost.space,"Boost.space is a central cloud platform for businesses. Centralize company data from various sources to the central space and amazing tools to work with it. Provide Modules which helps to boost sales, project management, remote collaboration and analytics.",23719
Grab Your Reviews Review,Grab Your Reviews: Maximizing Your Online Reputation with Reviews,Grab Your Reviews,Grab Your Reviews is a comprehensive platform for online reputation management. lets you collect and showcase reviews from multiple sites to boost your SERP rankings and improve your brand reputation.,22670
BackupSheep Review,Backupsheep: The Best Backup and Recovery Solution for Your Business,backupsheep,"BackupSheep is a no-code backup automation tool that lets you delegate backups for cloud servers, databases, and file servers.",22518
LeadRocks Review,LeadRocks: The Best Lead Generation Tool for Your Business,LeadRocks,"LeadRocks is a reliable B2B contact database with 100M+ records, emails, phone numbers and LinkedIn profiles. High-quality leads for your hyper-targeted outreach are just a few clicks away! ",23000
pxl.to Review,Pxl.to: The URL Shortener with No Downtime or Click limitations,pxl.to,"pxl.to is a URL Shortener created with server-less technology, To help you grow without the threat of downtime or click limitations.",23042
Heartbeat Review,Heartbeat: The Online Community Management Software,Heartbeat,"Heartbeat is an online community management software where you can bring you community together by hosting events, content and more on your own domain.",22606
Dukaan Review,Dukaan: Creating a Successful Online Store with User-Friendly Features,Dukaan,"Dukaan is a cloud-based, fully hosted ecommerce platform that lets you build an ecommerce store in minutes and manage it effortlessly. They have pre-built thousands of designs that you can customize to create your own stores",22564
WP Force SSL Review,WP Force SSL: All in one Plugin to Fix SSL Problems in Wordpress,WP Force SSL,WP Force SSL fixes SSL problems &amp; monitor the site in real-time to improve SEO &amp; user experience.,22654
Bit Integrations Review,Bit Integrations: Integrating Popular Apps with WordPress,Bit Integrations,"Bit Integrations is a simple integration plugin for WordPress. Integrate your desired plugins with popular applications like Google sheet, MailChimp and Zoho CRM using this tool.",22491
Wordplay  Review,Wordplay: The Plagiarism-Free Writing Tool for SEO Content,wordplay,"Wordplay is a AI writing tool for long-form content that can potentially rank high on Google, as it SEO optimized and plagiarism free.",22376
SheerSEO Review,SheerSEO: The All-in-One SEO Platform for Site Analysis,sheerseo,"SheerSEO is an all-in-one SEO platform that helps you to analyze and optimize your keyword and backlink strategies, as well as monitor your site health.",22336
Microsoft Power Automate Review,Microsoft Power Automate: Automate Your Windows PC,Microsoft power Automate,"Microsoft power automate is an automation tool powered by the Microsoft power ingot, which helps in automating repetitive tasks and processes. It is Robotic process automation solution that helps businesses automate repetitive or rules-based tasks such as approvals for vacation.",22432
WooLentor Review,Woolentor: The Best Woocommerce Page Builder Addon for Elementor,WooLentor,"Woolentor is a Woocommerce Elementor plugin that allows you to create beautiful, fully customizable WordPress themes. It is advanced page builder Elementor addon that helps you build stunning online stores quickly and easily.",22406
useArtemis Review,useArtemis: Cold Outreach Made Easy by Automating Email Marketing,useArtemis,"useArtemis is a powerful, affordable lead generation software designed for business owners and professionals. It helps you to get the best of email marketing automation as well as to track leads and convert them into sales by giving full control over your cold outreach efforts.",22458
Xpro Addons for Elementor Review,Xpro Addons for Elemetor: Advanced widgets for Elementor,xpro,"It is the best Elementor Addons to create beautiful websites within minutes. It comes with 120+ widgets, 300+ page templates, 15+ free Elementor extensions, and more. The Elementor powerhouse comes with a free theme builder for Elementor that lets you customize default theme templates.",22320
NeuronWriter Review,NeuronWriter: Get Superior SEO Content with Copywriting Tool,neuronwriter,"NeuronWriter is a powerful SEO copywriting tool . It generates superior and more optimized material, as well as ranking higher on Google SERP, by bringing all the essential statistics and competitor data.",22217
Prelo Review,Prelo: Lead Management Made Easy and Simple for Early Stage Startups,prelo,Prelo is Lead Management System for early stage B2B companies &amp; startups. This product helps startups or B2B companies to expand marketing &amp; sales analytics in a simple way by interacting with experts based on the sector you choose.,22281
Vepaar Review,Vepaar: Tools to Quickly Build and Boost a Successful eCommerce Business,vepaar,All in one solution for Online Business Management. It allows you to semi-automate your business workflow and engage with your customers in a much more interactive way with ease. It is CRM and Social selling platform for WhatsApp.,22248
Scalenut Review,Scalenut: AI-Driven Content Research and Creation for Content Writers,scalenut,"Scalenut is a new AI-driven content creation platform. It helps you create engaging, persuasive and scalable content that gets results. Create engaging and high-quality content while paying less, saving time, and collaborating in real-time.",22264
Biteplay Review,Biteplay: Find Monetized Videos and Boost Your Marketing Performance,biteplay," \nBiteplay is All in one YouTube Marketing tool for Youtube ads and video marketing performance. Also finds monetized videos to create targeted ads, influencers, viral videos, analytics, and more.",21689
RemasterMedia Review,Remastermedia: Optimizing Your Audio and Video Content,remastermedia," \nReMasterMedia is a cloud-based video and audio optimization service that seamlessly converts your clips to have superior sound quality. This service enables you to optimize your content in just three steps: upload, review, and download. ReMasterMedia's proprietary technology removes excess noise, enhances audio clarity and volume, and normalizes the overall sound of your clips.",21673
ContentBot Review,ContentBot: Creating High-Quality Content from Scratch Made Easy,contentbot," \nContentBot is the most advanced tool for content marketing and blogging. It generates unique and engaging full-length articles in a flash, allowing you to easily create high-quality content from scratch. This can be used to generate blog posts, blog topic ideas, intros, bullet point expansion, tone changer, rewriter, and so much more!",22024
TrueRanker Review,TrueRanker: Analyze and Monitor Your Keyword Rankings,trueranker,"TrueRanker is the most accurate and reliable SEO Google Rank Tracker for keyword rankings. It has powerful and advanced tool which allows you to analyze, check by country, province or city and monitor the real rankings of your projects on Google search engine.\n ",22130
Trust Review,Trust: How to Collect and Manage Testimonials Effectivelly,trust,"Trust gives you a platform to easily collect, manage and display testimonials. It is not just about getting reviews with the help of trust but also making it easier for your customers to write their feedback on your products or services. With this application, you can get more users and win the trust of other potential buyers.",22168
GummySearch Review,GummySearch: Discovering Potential Customers and Their Pain Points,gummysearch," \nGummySearch is conducting audience research on Reddit. Discover potential customers' pain spots, the solutions they require, and the services they are willing to pay for.",21763
Usetiful Review,Usetiful: Creating Guided Tours of Your Digital Products Made Easy,usetiful review," \nUsetiful is a tool that helps us create product tours with just few clicks. Create a guided tour of your app, website or any other digital solution in minutes. It's an effective tool for both new users and experienced ones.",21491
WPSmartPay Review,WPSmartPay: Maximizing Your WordPress Website's Payment Options,wpsmartpay review," \n\nWPSmartPay is the ultimate WordPress plugin for selling digital and physical products, offering subscriptions and donations, collecting contest entries, and accepting one-time payments.\n",21454
Crove.app Review,Crove.app Review: Create and Automate Documents Like Never Before,crove.app review," \nCrove.app is a powerful document automation platform that enables you to create and automate documents like never before. You can connect with other apps and services to automate your workflows, thereby saving time and effort in carrying out repetitive tasks.",21191
Chugzi Review,"Chugzi: Paraphrase, Enhance and Rewrite Articles with AI",chugzi review," \nChugzi enhances and rewrites articles, sentences and paragraphs using AI. This tool allows also to spin a single article into dozens, or even hundreds of articles.",21211
Quillbot Review,Quillbot: Paraphrase Sentences and Phrases with Advanced AI Tools,quillbot,"Quillbot allows you to paraphrase sentences and phrases using an advanced algorithm. It rewrites your sentences using synonyms, which will make your writing easier to understand. You can also use our paraphrasing tool for your SEO needs.",20584
WPvivid Backup Review,WPvivid Backup: Best Free Backup Plugin for Wordpress,wpvivid backup review,"WPvivid WordPress Plugin is Free to use , its has good amount of features. This Plugin easy your jon of taking backup also helps your schedule your backups and it will run for every day week or hours as you set up the Backup Scheduler.",19614
Autoptimize Review,Autoptimize: A Plugin to Speed Up Your Wordpress Website,autoptimize review,Autoptimze will speed your website its easy to understand and has easy user interface.,18590
Weje Review,"Weje: Best Online Whiteboard for Drawing, Brainstorming, and Collaborating",Weje,"Weje is an online whiteboard that is free, accessible, and easy to use. You can create a free account and start drawing, brainstorming, or collaborating on the web with anyone in the world. You can even annotate PDFs, images, and videos.",18413
Mailpoet Review,Mailpoet: Best Wordpress Plugin to Automate Your Email Marketing,mailpoet review,"Mailpoet is a powerful tool designed specifically for automating your email campaigns. It allows you to create sequences of emails automatically triggered by events such as when someone subscribes or unsubscribes from your list, sends their first message, makes a purchase, etc.",18134
Hostinger Review,Hostinger Web Hosting: Most Affordable Website Hosting for Wordpress,hostinger review,Getting your website live is as simple as a click of a button. ,18166
Backup Guard Review,BackupGuard: A Backup Plugin for Secure Website Protection,backupguard review,"The best backup plugin that will keep your website protected from hackers, human errors, with secure backing up process &amp; one click restoring.",17798
Kinsta Review,Kinsta: What is Managed Wordpress Hosting and How it Works,kinsta hosting review,Kinsta uses the google cloud platform which makes it different from other hosting providers.\n\n&nbsp;\n\n&nbsp;,17751
WP Engine Review,WP Engine: Quality WordPress Hosting with Outstanding Uptime,wp engine,"WP Engine is an excellent quality host that flaunts outstanding uptime, and WordPress-specific protection. It is a website hosting provider aimed at providing managed hosting solutions specifically for websites using the popular CMS WordPress. ",16916
Cartflows Review,Cartflows: Create Stunning Sales Funnels in Wordpress with Elementor,cartflows,"Cartflows is an all-in-one in-one sales funnel builder that claims to help you create stunning sales funnels in minutes. It offers a wide range of features, includes drag and drop interface for creating custom sales funnels, variety of templates to customize your funnel, automatic email opt-in builder, Integrated analytics to track the effectiveness of your funnel, blog subscription module to nurture your leads and much more!",16794
Essential Addons for Elementor Review,Essential Addons for Elementor: Advanced Elementor Widgets,essential addons for elementor review,Essential Addons is the addon plugin for the Elementor it will enhance the capacity of the widgets and adds some features using extensions.,15862
LiveWebinar Review,Live Webinar: The most Advanced Webinar and Online Meeting Tool,LiveWebinar,Livewebinar is advanced webinar and online meeting tool with option to stream your webinar on different platforms at a time.,15653
All In One WordPress Security and Firewall Plugin Review,All In One WP Security and Firewall: A Plugin to Protect Your Wordpress Site,security,All In One WP Security and Firewall also makes use of an extraordinary security factors rating system to measure how well you are protecting your site based on the security and security features you have actually activated.,14737
Loginpress Review,Loginpress: Customizable Layouts for Your WordPress Login Page,login form,LoginPress holds a lot of customization areas to change the layout of the login page of WordPress. You can modify the look and feel of the login web page completely. ,13698
Virusdie Review,"Virusdie: All-in-One Platform for Website Security, Firewall and More",protection,Virusdie is helpful to provide security for the different websites in one platform and which supports all the CMS platforms.,13549
ArticleForge Review,Articleforge: Generate Unique Articles with Advanced Deep Learning,ArticleForge,Article forge with advanced deep learning methods it learns thousands of articles with respect to the keyword you entered and generate one unique article.,13461
TortoiseGit Review,TortoiseGit: Manage GitHub Files Visually with Ease on Windows ,tortoisegit,TortoiseGit is open-source windows explorer extension using that you can easily manage the files in the GitHub repository.,13338
Grammarly Review,"Grammarly: Find Grammar, Spelling, and Plagiarism Errors in Your Content",grammarly,"Grammarly is best option to find the grammar, spelling and plagiarism errors in your content ",13015
WebARX Review,WebARX: Protect Your Website from Malicious Visitors,webarx,WebARX is all in one tool to protect your website from malicious visitors and vulnerabilities causing by other plugins.,11772
WP Reset Review,WP Reset Plugin: One Click Wordpress Reset & Clean Up Plugin,wp reset,"Intend to get back to the state of fresh WordPress installation? This plugin can do your job with a few clicks, without the need to go for a complicated re-installation process.",11694
Drupal Review,Drupal: The Advanced CMS with Rich Features in Core Installation,drupal,Drupal is an advanced CMS system that gives more features in core installation but if you go with other CMS you need to install many plugins.,11620
7 Zip Review,7-Zip: The Open-Source Tool for Efficient File Compression and Extraction,7zip tool review,7 zip is an open-source compression tool that compresses the large files to .7z format and extracts the archive file from a different format.,11527
User Back Review,"Userback: Feedback Tool with Screenshots, Videos, and Comments",userback,"Userback is a customer-friendly feedback tool that can report a bug, issues easily with annotated screenshots, videos, and comments.",11413
WordPress Review,Wordpress: Create Your Dream Website with the World's Most Popular CMS,wordpress,"WordPress is basically an Open source Content management system (CMS), almost more than 39% of the websites used WordPress as the platform.",11198
Magento Review,Magento: The Open Source E-Commerce Script with Adobe Backing,magento marketplace,"Magneto is an Open Source script backed by Adobe, mostly used by companies with big budgets and needs for a lot of customizations. Magento requires a steep learning curve and requires a strong knowledge of web technologies for customizations and maintenance.",11133
Shopify Review,Shopify: Set Up Your Retail Shop Online with A Wide Range of Features,shopify,Shopify gives an online platform to place your retail shop on the internet with a huge variety of features .,10797
RelayThat Review,RelayThat: Streamline Your Social Media Design Process,relaythat,"RelayThat is an automation design tool, You can design any kind of post, banner, ads to your social media platform using predefined templates.",10402
Advanced Custom Fields Review,ACF Pro: The Best Plugin for Building Custom WordPress Site,acf pro,"ACF is the best plugin for beginners to start with building their own website and take control over the ""look and feel"" of their website, using the free version you can have limited access to fields.",10284
Amelia Review,Amelia: The Best WordPress Plugin for Event and Appointment Booking,event booking plugin wordpress,Amelia is the best WordPress plugin for Event and Appointments booking with Stripe and PayPal Integration,10281
TexAu Review,TexAu Maximize Your Business Growth with the Ultimate Automation Tool,texau,TexAu gives the option to scrapes data from different social media in each possible way. Using this automation you can grow your business to next level,10260
LearnDash Review,Learndash: The Leading WordPress Learning Management System,learndash,"LearnDash is a WordPress learning management system (LMS) trusted by companies, universities, training organizations, and entrepreneurs worldwide for creating (and selling) their online courses.",9880
Caldera Forms Review,Caldera Forms: Build Powerful WordPress Forms with Ease,caldera forms,Caldera Forms is a powerful and simple form builder with more features in the free version.,9895
Elementor Pro Review,Elementor: Best Page Builder for Wordpress with Theme Builder Features,elementor pro,Elementor Pro is an add-on to the free version of elementor page builder it will give extra features to design advanced custom layout and templates for the websites.,9862
WP Security Ninja Review,Security Ninja: Secure Your WordPress Site with this Security Plugin,wp security ninja,"Security Ninja comes in the free version as well as the pro version, first, it was in codecanyone then moved to wordpress.org. With the help of this plugin, you can test the site from simple to complex things and fix the issues there itself.",10082
All-in-One WP Migration Review,All in One WP Migration: The Most Reliable Backup Solution for WordPress,all in one wp migration,"Export, Import, and Backup made easy with All in one WP Migration",10114
Trello Review,Trello: The All-in-One Real-Time Workspace for Teams,trello,"An all-in-one real-time work space for teams. It has whatever your team might need to be efficient. Project &amp; task management, kanban, scrum, time tracking, chat and more",10061
VistaCreate Review,Vistacreate: Create Stunning Graphic and Video Designs Online,Crello,Crello is a graphic and video clip design software program that aids everyone to build professional-looking styles in nearly a couple of clicks making use of prefabricated developer themes or makes styles from scrape using several design devices as well as outlines.,10062
Glorify Review,Glorify: Design Software for Marketing and Advertising,glorify,Glorify is a great cloud-based design software that helps you create amazing visuals as well as advertising and marketing content for your items.,10060
Ora Review,Ora: Boost Your Task Management and Productivity,task management tool,"Ora has everything you need to be productive. Project and task management, kanban, scrum, time tracking, chat, reports on tasks, and overall performance. It is effective yet easy to use.",10059
WP Fluent Forms Review,Fluent Forms: Free Templates to Build Forms Quickly and Easily,fluent forms,"With Fluent Form's wide range of free templates, you can build a form in several minutes.",10007
Shortpixel Review,Shortpixel: Compress and Optimize Images in Wordpress,shortpixel,"Shortpixel will help you in this scenario you can compress any kind of images that is in different formats, when you upload any images on site then only this plugin compresses that image and you can compress bulk images at a time.",9936
StackSocial Review,"Stacksocial: Save Big on SaaS Applications, Courses, and More",stacksocial deals review,"StackSocial is a deal platform that offers pretty much everything from SAAs applications to courses, gadgets, stuff for everyday use, and much more.",9904
AppSumo Review,AppSumo: Explore Exclusive SaaS and Software Deals and Discounts,appsumo,AppSumo is a daily offers site for electronically distributed products and on the internet services.AppSumo was founded in March 2010 by Noah Kagan.,9911
SEOPress Review,SEOPress: Boost Your Search Engine Visibility in Wordpress,seopress review,SEOPress helps to present your site on search engines by doing on-page and on-site SEO in few clicks.,9530
Brizy Review,Brizy: Build Fast and Responsive Landing Pages in Wordpress ,brizy review,"Brizy is a website and landing page builder that helps you create fast, high-quality websites to collect leads and convert more clients.",9234
Imagely Review,Imagely: The Best Photographic WordPress Theme for Your Website,imagely theme review,Imagely: Photographic WordPress Theme that gives modern day look to your website with phallocentric effect.,8509
Kadence Review,Kadence Theme: Build Modern Wordpress Website with Gutenberg,kadence theme,"Kadence is simple, effective, and lightweight WordPress theme is rather hard. Among the new developers on the block now, Kadence is the most popular and trending WordPress theme. It boasts top quality functions that make it rather very easy for you to design a style a website.",8405
Generatepress Review,Generatepress: Fast Loading Multi-Purpose WordPress Theme for Blogs,generatepress theme review,"GeneratePress is a fast loading multi-purpose WordPress theme. GeneratePress has an emphasis on efficiency, the site that you build will be fast as a base.",8345
BetterDocs Review,BetterDocs: Provide Faster Support with Wordpress Documentation Plugin,betterdocs,BetterDocs will help you to produce &amp; arrange your documentation page in a beautiful way that will certainly make your site visitors locate any type of assistance article conveniently. It will facilitate your client to make faster choices as well as obtain help instantly by self-servicing rather than preventing the prolonged discussion.,8340
ShopIsle Review,ShopIsle: Premium WooCommerce Theme for Your Webshop,shopisle theme review,"ShopIsle Pro is a costs WooCommerce WordPress theme appropriate for on-line product shops. It is coded and launched by people at ThemeIsle that understands whatever regarding best WordPress coding. This motif needs to be adjusted by every one who is believing to release internet store to sell fabrics, and also other items items.",8336
Hestia Review,Hestia: Best One-Page Theme Compatible with Major Page Builders,hestia theme review,"Hestia is a popular WordPress theme established by ThemeIsle. It is a one-page style with large modification functions, developed with page builder compatibility in mind. Hestia is compatible with all major page builders on the market such as Elementor, Divi, Beaver Builder and so on.",8302
OceanWP Review,OceanWP: Responsive and Customizable WordPress Theme,oceanwp,"Out of package OceanWP is Responsive, Fast and also extremely Customizable WordPress theme with great deal of fantastic performance, and also its attributes can additionally be boosted by a collection of totally free plugins.",8314
SendGrid Review,SendGrid: Email Marketing Application. Is it Worth the Hype?,sendgrid review,,6938
Mailchimp Review,Mailchimp: Is this Popular Email Marketing Tool Right for Your Business?,mailchimp review,,6645
CiuisCRM Review,CiuisCRM: All-In-One CRM Solution for Small Businesses,ciuiscrm review,"One of the most significant difficulties that a local business owner encounters is managing their multiple jobs and also tasks. Likewise, they need to track customer as well as team tasks, strategy upcoming events, as and many more. One solution for all these is CiuisCRM",6622
Plutio Review,Plutio : All-In-One Workspace for Teams,plutio review,"Seamlessly manage projects, tasks and files in one place. With Plutio, you'll have everything you need at your fingertips so you can focus on getting your work done.",6537
Plesk Review,Plesk: Most User friendly Control Panel to Simplify Your Web Hosting,plesk review,Plesk was founded in early 2001. Plesk is a commercial webhosting and also web server information center automation software with a control board established for Linux as well as Windows-based retail hosting provider.,6488
cPanel Review,cPanel: Control Panel to Manage Your Hosting Easily,cpanel review,cPanel is a user interface for customizing and making changes to your hosting account. cPanel is a Linux-based control panel that provides users with a control panel that allows them to manage a range of components on their website.,6255
Bluehost Review,Bluehost Web Hosting: Affordable & Reliable Wordpress Hosting,bluehost review,,6427
SiteGround Review,SiteGround Web Hosting: Fastest and Reliable Wordpress Hosting,siteground review,,6419
BunnyCDN Review,BunnyCDN: Most Affordable Content Delivery Network Starting at $1,bunnycdn,"BunnyCDN is a content delivery network (CDN) that was created with the goal of providing users with an improved user experience. Their focus on speed, affordability, and ease of use has made them one of the leading CDNs in the industry.",6408
Cloudflare Review,Cloudflare: Free Global CDN and Security for your website,Cloudflare,,6206
Yoast SEO Review,Yoast SEO: The Ultimate SEO Plugin for WordPress,yoast seo review,"Yoast SEO does everything in its power to please both visitors and search engine spiders. A dedicated team of developers, testers, architects and SEO experts work daily to improve the plugin with every release.",3583
Avada Review,Avada Theme: Design and Build Custom Websites in Wordpress,avada theme review,Avada: Website Builder. Design Anything Build Everything.,3580
Content Egg Review,Content Egg: Create Comparison Sites in Wordpress with Ease,content egg review,Content Creator helps Creating such comparison sites without spending thousands of dollars.,3183
Thrive Review,Thrive Theme Builder: Creating a Customized WordPress Site,thrive theme review,Thrive has been designed as the ultimate foundation for your collaborative online community.,3430
WordPress Real Media Library Review,WordPress Real Media Library: Organize Your Media Library into Folders,wordpress real media library,Turn your WordPress media library to the next level with folders / categories.,3195
Enfold Review,Enfold: Multi-Purpose Theme to Design Your Dream Website,enfold theme review,"Enfold is a multi purpose theme which comes with more than hundred pages, posts and products.",3325
Ajax Search Pro Review,Ajax Search Pro: The Best Live Ajax Search Plugin for WordPress,ajax search pro,Ajax search pro is the best live search engine plugin for WordPress.,3167
Anti-spam Pro Review,Anti-Spam Pro: Plugin to Eliminate Spam in Wordpress Comments,anti-spam pro review,Anti-spam Pro = no spam in comments and no captcha,3085
Ultimate Membership Pro Review,Ultimate Membership Plugin - Create Exclusive Access to Your Website,ultimate membership pro review,The Ultimate Membership Pro plugin allow users to work with multi-level exclusive access to websites as we can restrict some amount of data from users.,2954
Site Origin Review,SiteOrigin Page Builder: Create Stunning Websites Easily,site origin review,Simple content creation interface. Instantly recognizable. Astonishingly different.,2972
Hide My WP Review,Hide My WP Plugin: Secure Your WordPress Site from hackers,hide my wp review,You can change and hide WordPress Admin and Login URLs to increases your WP security against hackers.,3119
WYZI- Business Finder Review,WYZI Business Finder: Create Your Online Directory,wyzi- business finder theme review,WYZI Service Business Finder WordPress Theme is an advanced Social Business &amp; Service Multi-Store Directory theme.,3341
EducationPress Review,EducationPress: Best Wordpress Theme for Learning and Course Management ,educationpress theme review,"EducationPress theme is highly suitable for colleges, universities, coaching, academies, and all such institutions which need a powerful learning and course management system.",3373
WP Data Tables Review,WP Datatables: The Best Tool for Displaying Your Data Tables in Wordpress,wp data tables review,"WP DataTables is a powerful responsive Tables, Spreadsheets and Charts Data Manager.",3177
Eduma Review,Eduma: The Best eLearning and LMS Theme for Wordpress,eduma theme review,"Eduma is one of the best education WordPress themes around, containing all the strength of eLearning WP but with a better UI/UX.",3313
Woffice Review,Woffice: Unleashing the Full Potential of Your WordPress Site,woffice theme review,"Woffice is the wordpress theme built with the highest standards of coding, and is fully Responsive.",3365
W3 Total Cache Review,W3 Total Cache: The Key to Boosting Your Website's Performance,w3 total cache review,"Search Engine (SEO) &amp; Performance Optimization (WPO) via caching. Integrated caching: CDN, Minify, Page, Object, Fragment, Database support.",3087
Oxygen Review,Oxygen: Take Your Woocommerce Shop to the Next Level,oxygen theme review,"Oxygen is a Woo Commerce business theme, built exclusively for online shopping.",3389
WP Fastest Cache Review,WP Fastest Cache: Best Caching and Performance Plugin for Wordpress,wp fastest cache review,The simplest and fastest WP Cache system.\n\nIt is a great and really fast cache plugin to improve site performance and speed.,3089
WPML Review,WPML: Breaking the Language Barrier in Wordpress with Multilingual Website,wpml review,WPML comes with over 40 languages,3069
Akismet Review,Akismet: Secure Your Site from spam comments.,akismet review,Akismet plugin helps us protect our data and content and checks against spam.,3067
Newspaper Review,Newspaper: Most Favourite Theme for Your News and Magazine Websites ,newspaper theme review,"The Newspaper theme is excellent for a news, newspaper, magazine, publishing or review site.",3293
Yellow Pencil Review,Yellow Pencil: Revolutionizing Website Design with CSS Editor Plugin,yellow pencil review,Yellow Pencil is a WordPress CSS style editor plugin which allow you edit the website design in real-time.,3197
Rehub Review,REHub: The Best Wordpress Theme for Affiliate Marketing,rehub theme review,REHub is a modern multipurpose hybrid theme.,3309
WPLMS Review,WPLMS: Transform Your Wordpress Site into a Learning Management System,wplms theme review,"WPLMS is a Learning Management System for WordPress. It is suitable for Educational Training Centers, Corporate trainings, Coaching centres, etc.",3371
Woof Review,WOOF: Woocommerce Product Filtering Made Easy,woof review,"WOOF is a powerful, flexible, easy and robust WooCommerce Products Filter Plugin",3111
WP Rocket Review,WP Rocket: The Ultimate Plugin for Site Optimization,wp rocket review,"Thanks to Our Plugin, WordPress has never been so Efficient.",3083
Theme X Review,ThemeX: The Ultimate Theme at an Affordable Price,theme x theme review,Theme X is one of the most incredible themes at the most affordable price.,3291
Jupiter Review,Jupiter: The Fastest and Lightest Multi-Purpose Theme,jupiter theme review,Jupiter is the fastest and the lightest multi purpose theme,3301
Bellevue Review,Buvelle: The Best Wordpress Theme for Automating the Booking Process,bellevue theme review,Bellevue WordPress theme will help you simplify and automate the booking process.,3465
WPForms Review,WPForms: The most Advanced Solution for Creating Forms in Wordpress,wpforms review,,2920
WP Cerber Review,Protecting Your Site with WP Cerber: A Detailed Review,wp cerber review,Professional grade WordPress security plugin,3103
Be Theme Review,Be Theme: The Best Multi-Purpose Theme for Your Wordpress Site,be theme theme review,Be Theme is one of the best multi purpose wordpress themes available in the market.,3327
Beaver Builder Review,Beaver Builder: Create a Design System for Your Wordpress Site,beaver builder plugin review,Beaver builder is just not a plugin but a complete design system that includes a page builder plugin as well as a framework theme.,2974
SEMrush Review,SEMrush: Get Ahead of the Competition with this WordPress SEO Plugin,semrush review,"SEMrush plugin is a widely used plugin which is a little difficult to install but once done, works efficiently.",2982
SEO by Squirrly Review,SEO by Squirrly: Optimize Your WordPress Site SEO with Breeze,seo-squirrly,"Even SEO Experts like Neil Patel use this WordPress SEO Plugin, so you'll know you're in good company.",2960
The7 Review,The7: Create a Stunning Business Site from Large template Library,the7 theme review,The7 is the most customizable business theme in the market with the availability of pre built dummy websites that can be used.,3297
Mailster Review,Mailster: Maximize Your Email Marketing with this Email Marketing Plugin,mailster review,Mailster is the email newsletter plugin for wordpress,3207
Slider Revolution Review,Slider Revolution: Most Advanced WordPress Slider and Carousel Plugin,slider revolution review,Slider Revolution is the easy and quick plugin that displays the content in a much organized and creative way.,2986
Scrapes Review,Scrapes: Automate Content Creation and Scraping Plugin for Wordpress,scrapes review,Scrapes is a WordPress plugin that copies contents from a website to your WordPress website.,3163
Publisher Review,Publisher: Build Your Online Magazine with this WordPress Theme,publisher theme review,"Publisher theme is a blog theme used to create news website, online magazine or personal blog.",3307
Restrict Content Pro Review,Restrict Content Pro: Secure Your Wordpress Content and Give Exclusive Access,restrict content pro review,Restrict content Pro is a clean membership plugin that hides the content from the users and gives access only to the valuable customers.,2958
All In One SEO Review,All in One SEO: Boost Your SEO Efforts and Rank Higher,all in one seo review,One of the most downloaded WordPress plugins (over 30 million downloads since 2007).,2956
Wordfence Review,Protect Your Site with Wordfence WordPress Security Plugin,wordfence review,"Secure your website with the most comprehensive WordPress security plugin. Firewall, malware scan, blocking, live traffic, login security &amp; more.",3001
iThemes Security Pro Review,iThemes Security Pro: Best Security Plugin for Wordpress,ithemes security pro, iThemes Security Pro makes it easy to secure &amp; protect your WordPress website. It protects your WordPress site from all security threats and provides you with peace of mind. It’s simple and user-friendly; you can use it easily even if you’re a beginner.,2993
WPastra Theme Review,Astra: Most Popular Lightweight Multipupose Wordpress Theme,astra theme review,"Astra is a totally free WordPress Theme developed by Brainstorm Force. It is unbelievably light-weight and loads in much less than half a second, extremely simple to tailor as well as has actually grown to an energetic mount base of more than 300,000 in less than 1 year with an ordinary 5-star rating.",1522
Divi Theme Review,Divi Theme: Create Custom Wordpress Websites using Theme Builder,divi theme,"Divi Theme is a flagship WordPress theme from Elegant Themes, providing users with a powerful, versatile, and highly customizable platform for creating beautiful websites. ",716
Swift Performance Review,Swift Performance: Get your Wordpress Website Lightning-Fast Site Speed,swift performance review,This is Section with Sidebar Product Layout which you can choose in Product Layout option.,710