ID,Title,Permalink,External Product URL,
2926,Frontend Publishing Pro,https://appsfomo.com/reviews/front-end-publishing-pro/,https://codecanyon.net/item/frontend-publishing-pro/8517990,1.envato.market/jWn6xv
2932,Quform,https://appsfomo.com/reviews/quform/,https://codecanyon.net/item/quform-wordpress-form-builder/706149,1.envato.market/a1xGvb
2934,Super Forms,https://appsfomo.com/reviews/super-forms/,https://codecanyon.net/item/super-forms-drag-drop-form-builder/13979866,1.envato.market/15Ddna
2938,NEX forms,https://appsfomo.com/reviews/nex-forms/,"https://www.google.co.in/url?sa=t&rct=j&q=&esrc=s&source=web&cd=1&cad=rja&uact=8&ved=0ahUKEwjqgqzco67RAhUHSo8KHU_SB8oQFggZMAA&url=https%3A%2F%2Fcodecanyon.net%2Fitem%2Fnexforms-the-ultimate-wordpress-form-builder%2F7103891&usg=AFQjCNH3q45sKObnCztemLuZdaa9aQ8pEw&sig2=wof7y6W76OGuOgBkXwUsmQ&bvm=bv.142059868,d.c2I",1.envato.market/JrLd5r
2940,Eform,https://appsfomo.com/reviews/eform/,https://codecanyon.net/item/eform-wordpress-form-builder/3180835?s_rank=3,1.envato.market/gbAXyO
2942,FormCraft,https://appsfomo.com/reviews/formcraft/,https://formcraft-wp.com/,https://formcraft-wp.com/
2986,Slider Revolution,https://appsfomo.com/reviews/slider-revolution/,https://revolution.themepunch.com/,https://revolution.themepunch.com/
2988,LayerSlider,https://appsfomo.com/reviews/layerslider/,https://layerslider.kreaturamedia.com/?platform=wordpress,https://layerslider.kreaturamedia.com/?platform=wordpress
3015,Layered Popups,https://appsfomo.com/reviews/layered-popups/,https://codecanyon.net/item/layered-popups-for-wordpress/5978263,1.envato.market/oeX6Qn
3021,ConvertPlus,https://appsfomo.com/reviews/convertplus/,https://codecanyon.net/item/popup-plugin-for-wordpress-convertplug/14058953?s_rank=2,1.envato.market/0JxK0P
3025,Roots Popups,https://appsfomo.com/reviews/roots-popups/,https://codecanyon.net/item/roots-popups/8746258?s_rank=5,https://codecanyon.net/item/roots-popups/8746258?s_rank=6
3039,Ninja Popups,https://appsfomo.com/reviews/ninja-popups/,https://codecanyon.net/item/ninja-popups-for-wordpress/3476479,1.envato.market/b3D1RP
3115,WooCommerce Shipping Tracking,https://appsfomo.com/reviews/woocommerce-shipping-tracking/,https://codecanyon.net/item/woocommerce-shipping-tracking/11363158?s_rank=225,1.envato.market/OR9dGz
3133,Custom Widget Areas for WordPress,https://appsfomo.com/reviews/custom-widget-areas-wordpress/,https://codecanyon.net/item/custom-widget-areas-for-wordpress/130941,https://codecanyon.net/item/custom-widget-areas-for-wordpress/130942
3177,WP Data Tables,https://appsfomo.com/reviews/wp-data-tables/,https://codecanyon.net/item/wpdatatables-tables-and-charts-manager-for-wordpress/3958969?ref=Interstellar,1.envato.market/RyOdJa
3179,WP Cost Estimation,https://appsfomo.com/reviews/wp-cost-estimation/,https://codecanyon.net/item/wp-cost-estimation-payment-forms-builder/7818230?ref=Interstellar,1.envato.market/vn46eO
3183,Content Egg,https://appsfomo.com/reviews/content-egg/,https://codecanyon.net/item/content-egg-all-in-one-plugin-for-affiliate-comparison-deal-sites/19195707?ref=Interstellar,1.envato.market/4ern6M
3203,Mini Go,https://appsfomo.com/reviews/mini-go/,https://codecanyon.net/item/minigo-uber-minimal-flat-coming-soon-wp-plugin/6709886?s_rank=27?ref=Interstellar,https://codecanyon.net/item/minigo-uber-minimal-flat-coming-soon-wp-plugin/6709886?s_rank=27?ref=Interstellar
3291,Theme X,https://appsfomo.com/reviews/x-theme/,https://themeforest.net/item/x-the-theme/5871901,1.envato.market/YgqmWm
3293,Newspaper,https://appsfomo.com/reviews/newspaper/,https://themeforest.net/item/newspaper/5489609,1.envato.market/MXDda3
3297,The7,https://appsfomo.com/reviews/the7/,https://themeforest.net/item/the7-responsive-multipurpose-wordpress-theme/5556590,1.envato.market/KeqdkA
3299,Sage,https://appsfomo.com/reviews/sage/,https://themeforest.net/item/sage-premium-restaurant-wordpress-theme/13575696,1.envato.market/mgXyxq
3301,Jupiter,https://appsfomo.com/reviews/jupiter/,https://themeforest.net/item/jupiter-multipurpose-responsive-theme/5177775,1.envato.market/DVbdDo
3305,Dreamvilla,https://appsfomo.com/reviews/dreamvilla/,https://themeforest.net/item/dreamvilla-real-estate-wordpress-theme/14438889,1.envato.market/rnzNj5
3309,Rehub,https://appsfomo.com/reviews/rehub/,https://themeforest.net/item/rehub-directory-multi-vendor-shop-coupon-affiliate-theme/7646339,1.envato.market/5bM0O9
3311,Photography,https://appsfomo.com/reviews/photography/,https://themeforest.net/item/photography-responsive-photography-theme/13304399,1.envato.market/kja2Ln
3325,Enfold,https://appsfomo.com/reviews/enfold/,https://themeforest.net/item/enfold-responsive-multipurpose-theme/4519990,1.envato.market/x926AA
3327,Be Theme,https://appsfomo.com/reviews/be-theme/,https://themeforest.net/item/betheme-responsive-multipurpose-wordpress-theme/7758048,1.envato.market/rnzNAQ
3333,Jobify,https://appsfomo.com/reviews/jobify/,https://themeforest.net/item/jobify-wordpress-job-board-theme/5247604,1.envato.market/P0rd2z
3351,WP Rentals,https://appsfomo.com/reviews/wp-rentals/,https://themeforest.net/item/wp-rentals-booking-accommodation-wordpress-theme/12921802,1.envato.market/b3mrjM
3355,ROSA,https://appsfomo.com/reviews/rosa/,https://themeforest.net/item/rosa-an-exquisite-restaurant-wordpress-theme/7920093?s_rank=1,1.envato.market/3Pdqmn
3365,Woffice,https://appsfomo.com/reviews/woffice/,https://themeforest.net/item/woffice-intranetextranet-wordpress-theme/11671924?s_rank=5,1.envato.market/4eWxg3
3371,WPLMS,https://appsfomo.com/reviews/wplms/,https://themeforest.net/item/wplms-learning-management-system/6780226?s_rank=1,1.envato.market/NK6v21
3373,EducationPress,https://appsfomo.com/reviews/educationpress/,https://themeforest.net/item/educationpress-complete-education-wordpress-theme/15701654?s_rank=25,1.envato.market/MXNvgn
3377,University,https://appsfomo.com/reviews/university/,https://themeforest.net/item/university-education-event-and-course-theme/8412116?s_rank=6,1.envato.market/KeZvge
3379,LMS,https://appsfomo.com/reviews/lms/,https://themeforest.net/item/lms-learning-management-system-education-lms-wordpress-theme/7867581?s_rank=8,1.envato.market/x9NjOy
3389,Oxygen,https://appsfomo.com/reviews/oxygen/,https://themeforest.net/item/oxygen-woocommerce-wordpress-theme/7851484?s_rank=95,1.envato.market/9WJj2E
3391,Flatsome,https://appsfomo.com/reviews/flatsome/,https://themeforest.net/item/flatsome-multipurpose-responsive-woocommerce-theme/5484319?s_rank=1,1.envato.market/5b7DK1
3393,Shopkeeper,https://appsfomo.com/reviews/shopkeeper/,https://themeforest.net/item/shopkeeper-ecommerce-wp-theme-for-woocommerce/9553045?s_rank=2,1.envato.market/e4A5aQ
3399,Fable,https://appsfomo.com/reviews/fable/,https://themeforest.net/item/fable-children-kindergarten-wordpress-theme/9294431?s_rank=13,1.envato.market/Zdyvqz
3403,Karma,https://appsfomo.com/reviews/karma/,https://themeforest.net/item/karma-responsive-wordpress-theme/168737?s_rank=7,1.envato.market/BX2VBJ
3405,uDesign,https://appsfomo.com/reviews/udesign/,https://themeforest.net/item/udesign-responsive-wordpress-theme/253220?s_rank=6,1.envato.market/za25RG
3407,Home Villas,https://appsfomo.com/reviews/home-villas/,https://themeforest.net/item/home-villa-real-estate-wordpress-theme/19446059,1.envato.market/WDGvge
3409,Sahifa,https://appsfomo.com/reviews/sahifa/,https://themeforest.net/item/sahifa-responsive-wordpress-news-magazine-newspaper-theme/2819356?s_rank=2,1.envato.market/n12ZgM
3411,Gonzo,https://appsfomo.com/reviews/gonzo/,https://themeforest.net/item/gonzo-clean-responsive-wp-magazine/2415788?s_rank=7,1.envato.market/ORmvzP
3413,Modesto,https://appsfomo.com/reviews/modesto/,https://themeforest.net/item/modesto-portfolio-photography-agency-powerful-wordpress-theme/16964965?s_rank=17,1.envato.market/vnZ9WL
3415,Joker,https://appsfomo.com/reviews/joker/,https://themeforest.net/item/joker-photo-video-portfolio-wordpress-theme/15432331?s_rank=33,1.envato.market/do7Pe2
3417,Preschool,https://appsfomo.com/reviews/preschool/,https://themeforest.net/item/preschool-multipurpose-business-wordpress-theme-for-infants-nurseries-and-play-school/16259973?s_rank=4,1.envato.market/NK6vX1
3419,EduCare,https://appsfomo.com/reviews/educare/,https://themeforest.net/item/educare-learning-academy-wordpress-theme/19192982?s_rank=1,1.envato.market/yRmPWG
3428,Falcons,https://appsfomo.com/reviews/falcons/,https://themeforest.net/item/falcons-directory-for-lawyers-law-firms/16570999?s_rank=5,1.envato.market/YgyvLr
3430,Thrive,https://appsfomo.com/reviews/thrive/,https://themeforest.net/item/thrive-intranet-community-wordpress-theme/12275020?s_rank=5,1.envato.market/KeZvPe
3435,Geeklove,https://appsfomo.com/reviews/geeklove/,https://themeforest.net/item/geeklove-a-responsive-wordpress-wedding-theme/4163509?s_rank=3,1.envato.market/mg2JaO
3439,Aimer,https://appsfomo.com/reviews/aimer/,https://themeforest.net/item/aimer-wedding-wordpress-theme-for-lovers/12667151?s_rank=5?ref=interstellar,1.envato.market/LPZy50
3441,Crown,https://appsfomo.com/reviews/crown/,https://themeforest.net/item/crown-app-showcase-responsive-theme/11582282?s_rank=3?ref=interstellar,
3443,MediCenter,https://appsfomo.com/reviews/medicenter/,https://themeforest.net/item/medicenter-responsive-medical-wordpress-theme/4718613?s_rank=1?ref=interstellar,
3445,MaxHost,https://appsfomo.com/reviews/maxhost/,https://themeforest.net/item/maxhost-web-hosting-whmcs-and-corporate-business-wordpress-theme-with-woocommerce/15827691?s_rank=1?ref=1nterstellar,
3447,MedicalPress,https://appsfomo.com/reviews/medicalpress/,https://themeforest.net/item/medicalpress-health-and-medical-wordpress-theme/7789703?s_rank=3?ref=Interstellar,
3453,Tour Package,https://appsfomo.com/reviews/tour-package/,https://themeforest.net/item/tour-package-wordpress-traveltour-theme/5360508?s_rank=2?ref=Interstellar,
3455,Traveler,https://appsfomo.com/reviews/traveler/,https://themeforest.net/item/traveler-traveltourbooking-wordpress-theme/10822683?s_rank=9?ref=Interstellar,
3457,Travelo,https://appsfomo.com/reviews/travelo/,https://themeforest.net/item/travelo-traveltour-booking-wordpress-theme/9806696?s_rank=10?ref=Interstellar,
3459,Trendy Travel,https://appsfomo.com/reviews/trendy-travel/,https://themeforest.net/item/trendy-travel-tour-travel-travel-agency-theme/8414684?s_rank=17?ref=Interstellar,
3465,Bellevue,https://appsfomo.com/reviews/bellevue/,https://themeforest.net/item/bellevue-hotel-bed-breakfast-booking-theme/12482898?s_rank=8?ref=Interstellar,
3580,Avada,https://appsfomo.com/reviews/avada/,https://themeforest.net/item/avada-responsive-multipurpose-theme/2833226,
6622,CiuisCRM,https://appsfomo.com/reviews/ciuiscrm/,https://codecanyon.net/item/ciuis-crm/20473489,
10638,Bridge,https://appsfomo.com/reviews/bridge-multipurpose-wordpress-theme/,https://themeforest.net/item/bridge-creative-multipurpose-wordpress-theme/7315054,
