"ID","Title","External Product URL","Parent Product ID","Sku"
"2926","Frontend Publishing Pro","http://1.envato.market/jWn6xv","0",""
"2932","Quform","http://1.envato.market/a1xGvb","0",""
"2934","Super Forms","http://1.envato.market/15Ddna","0",""
"2938","NEX forms","http://1.envato.market/JrLd5r","0",""
"2940","Eform","http://1.envato.market/gbAXyO","0",""
"2942","FormCraft","https://formcraft-wp.com/","0",""
"2986","Slider Revolution","https://1.envato.market/Eaye1X","0",""
"2988","LayerSlider","https://layerslider.kreaturamedia.com/","0",""
"3015","Layered Popups","http://1.envato.market/oeX6Qn","0",""
"3021","ConvertPlus","http://1.envato.market/0JxK0P","0",""
"3025","Roots Popups","https://1.envato.market/5bnZoo","0",""
"3039","Ninja Popups","http://1.envato.market/b3D1RP","0",""
"3115","WooCommerce Shipping Tracking","http://1.envato.market/OR9dGz","0",""
"3133","Custom Widget Areas for WordPress","https://1.envato.market/P0bV7M","0",""
"3177","WP Data Tables","http://1.envato.market/RyOdJa","0",""
"3179","WP Cost Estimation","http://1.envato.market/vn46eO","0",""
"3183","Content Egg","http://1.envato.market/4ern6M","0",""
"3203","Mini Go","https://1.envato.market/Rybnq7","0",""
"6622","CiuisCRM","https://1.envato.market/QOYMg6","0",""
"3441","Crown","https://1.envato.market/WDNd7O","0",""
"3443","MediCenter","https://1.envato.market/9WJj9E","0",""
"3445","MaxHost","https://1.envato.market/P06vAR","0",""
"3447","MedicalPress","https://1.envato.market/e4A5QQ","0",""
"3453","Tour Package","https://1.envato.market/QO6vGx","0",""
"3455","Traveler","https://travelerwp.com/","0",""
"3457","Travelo","https://1.envato.market/5b7Dq3","0",""
"3459","Trendy Travel","https://1.envato.market/e4A5QX","0",""
"3465","Bellevue","https://1.envato.market/a1W9Lo","0",""
"3580","Avada","https://1.envato.market/Vy6vQM","0",""
"10638","Bridge","https://1.envato.market/BX2VGW","0",""
