ID,Title,Sku,"Post Type","Product Type","Parent Product ID","Regular Price","Sale Price","Product categories",Brand,rank_math_seo_score,Permalink,Date,"External Product URL","Button Text"
710,"Swift Performance",,product,external,0,39.99,,"Wordpress Plugins>Caching Plugin","Swte Plugins",12,https://appsfomo.com/reviews/swift-performance/,2018-01-22,https://swiftperformance.io/?ref=75,"Buy Now"
716,"Divi Theme",,product,external,0,89,,"Wordpress Themes>Multipurpose","Elegant Themes",,https://appsfomo.com/reviews/divi-theme/,2018-01-22,https://www.elegantthemes.com/gallery/divi/,"Buy Now"
1522,"WPastra Theme",,product,external,0,59,47,"Wordpress Themes>Multipurpose","Brainstorm Force",,https://appsfomo.com/reviews/wpastra-theme/,2019-12-24,https://wpastra.com/,"Buy Now"
2920,WPForms,,product,external,0,39,,"Wordpress Plugins>Forms &amp; Popups",WPForms,12,https://appsfomo.com/reviews/wpforms/,2020-07-10,https://wpforms.com/,"Buy Now"
2954,"Ultimate Membership Pro",,product,external,0,49,24,"Wordpress Plugins>Membership",,12,https://appsfomo.com/reviews/ultimate-membership-pro/,2020-07-29,https://codecanyon.net/item/ultimate-membership-pro-wordpress-plugin/12159253,"Buy Now"
2956,"All In One SEO",,product,external,0,79,57,"Wordpress Plugins>SEO Plugin",,11,https://appsfomo.com/reviews/all-in-one-seo/,2020-07-02,https://wordpress.org/plugins/all-in-one-seo-pack/,"Buy Now"
2958,"Restrict Content Pro",,product,external,0,69,,"Wordpress Plugins>Membership",,12,https://appsfomo.com/reviews/restrict-content-pro/,2020-07-02,https://restrictcontentpro.com/,"Buy Now"
2960,"SEO by Squirrly",,product,external,0,20,,"Wordpress Plugins>SEO Plugin",,64,https://appsfomo.com/reviews/seo-squirrly/,2020-07-06,https://www.squirrly.co/wordpress-seo-by-squirrly,"Buy Now"
2972,"Site Origin",,product,external,0,29,,"Wordpress Plugins",,15,https://appsfomo.com/reviews/site-origin/,2020-07-28,https://siteorigin.com/page-builder/,"Buy Now"
2974,"Beaver Builder",,product,external,0,99,,"Wordpress Plugins>Page Builder",,12,https://appsfomo.com/reviews/beaver-builder/,2020-07-09,https://www.wpbeaverbuilder.com/?utm_expid=82857025-12.lTgZ_x1STniDBYg5MIL3JA.0,"Buy Now"
2982,SEMrush,,product,external,0,99,,"Wordpress Plugins>SEO Plugin",,12,https://appsfomo.com/reviews/semrush/,2020-07-06,https://www.semrush.com/,"Buy Now"
2986,"Slider Revolution",,product,external,0,25,,"Wordpress Plugins>Carousel &amp; Gallery",,12,https://appsfomo.com/reviews/slider-revolution/,2020-07-05,https://1.envato.market/Eaye1X,"Buy Now"
2993,"Ithemes Security Pro",,product,external,0,80,,"Wordpress Plugins>Security Plugin",,13,https://appsfomo.com/reviews/ithemes-security-pro/,2020-07-01,https://ithemes.com/security/,"Buy Now"
3001,Wordfence,,product,external,0,8.25,,"Wordpress Plugins>Security Plugin",,9,https://appsfomo.com/reviews/wordfence/,2020-07-02,https://de.wordpress.org/plugins/wordfence/,"Buy Now"
3067,Akismet,,product,external,0,8.33,,"Wordpress Plugins>Security Plugin",,12,https://appsfomo.com/reviews/akismet/,2020-07-20,https://akismet.com/,"Buy Now"
3069,WPML,,product,external,0,29,,"Wordpress Plugins>Social Network &amp; Translation",,12,https://appsfomo.com/reviews/wpml/,2020-07-22,https://wpml.org/,"Buy Now"
3083,"WP Rocket",,product,external,0,39,,"Wordpress Plugins>Caching Plugin",,12,https://appsfomo.com/reviews/wp-rocket/,2020-07-15,https://wp-rocket.me/,"Buy Now"
3085,"Anti-spam Pro",,product,external,0,26,,"Wordpress Plugins>Security Plugin",,8,https://appsfomo.com/reviews/anti-spam-pro/,2020-07-31,https://codecanyon.net/item/antispam-pro/6491169?ref=webvitalii,"Buy Now"
3087,"W3 Total Cache",,product,external,0,99,,"Wordpress Plugins>Caching Plugin",,11,https://appsfomo.com/reviews/w3-total-cache/,2020-07-25,https://www.w3-edge.com/products/w3-total-cache,"Buy Now"
3089,"WP Fastest Cache",,product,external,0,49.99,,"Wordpress Plugins>Caching Plugin",,12,https://appsfomo.com/reviews/wp-fastest-cache/,2020-07-22,https://www.wpfastestcache.com/,"Buy Now"
3103,"WP Cerber",,product,external,0,99,,"Wordpress Plugins>Security Plugin",,15,https://appsfomo.com/reviews/wp-cerber/,2020-07-10,https://wpcerber.com/,"Buy Now"
3111,Woof,,product,external,0,39,19,"Wordpress Plugins>E-commerce",,11,https://appsfomo.com/reviews/woof/,2020-07-16,https://codecanyon.net/item/woof-woocommerce-products-filter/11498469?s_rank=224,"Buy Now"
3119,"Hide My WP",,product,external,0,24,,"Wordpress Plugins>Security Plugin",,,https://appsfomo.com/reviews/hide-my-wp/,2020-07-27,https://codecanyon.net/item/hide-my-wp-amazing-security-plugin-for-wordpress/4177158,"Buy Now"
3163,Scrapes,,product,external,0,12,,"Wordpress Plugins>Miscellaneous",,,https://appsfomo.com/reviews/scrapes/,2020-07-03,https://codecanyon.net/item/scrapes-web-scraper-plugin-for-wordpress/18918857?ref=Interstellar,"Buy Now"
3167,"Ajax Search Pro",,product,external,0,29,,"Wordpress Plugins>Miscellaneous",,,https://appsfomo.com/reviews/ajax-search-pro/,2020-07-31,https://codecanyon.net/item/ajax-search-pro-for-wordpress-live-search-plugin/3357410,
3177,"WP Data Tables",,product,external,0,299,,"Wordpress Plugins>Page Builder",,12,https://appsfomo.com/reviews/wp-data-tables/,2020-07-25,https://1.envato.market/RyOdJa,"Buy Now"
3183,"Content Egg",,product,external,0,68,,"Wordpress Plugins>Affiliate",WPsoul,13,https://appsfomo.com/reviews/content-egg/,2020-08-02,https://1.envato.market/4ern6M,"Buy Now"
3195,"WordPress Real Media Library",,product,external,0,24,,"Wordpress Plugins>Miscellaneous",,61,https://appsfomo.com/reviews/wordpress-real-media-library/,2020-08-01,https://codecanyon.net/item/wordpress-real-media-library-media-categories-folders/13155134,
3197,"Yellow Pencil",,product,external,0,25,,"Wordpress Plugins>Page Builder",,11,https://appsfomo.com/reviews/yellow-pencil/,2020-07-18,https://codecanyon.net/item/yellow-pencil-visual-css-style-editor/11322180,
3207,Mailster,,product,external,0,59,,"Wordpress Plugins>Social Network &amp; Translation",,11,https://appsfomo.com/reviews/mailster/,2020-07-06,https://codecanyon.net/item/mailster-email-newsletter-plugin-for-wordpress/3078294?ref=Interstellar,"Buy Now"
3291,"Theme X",,product,external,0,29,,"Wordpress Themes>Multipurpose",,,https://appsfomo.com/reviews/x-theme/,2020-07-13,https://1.envato.market/YgqmWm,"Buy Now"
3293,Newspaper,,product,external,0,59,,"Wordpress Themes>Blog / Magazine",tagDiv,,https://appsfomo.com/reviews/newspaper/,2020-07-18,https://1.envato.market/MXDda3,"Buy Now"
3297,The7,,product,external,0,39,,"Wordpress Themes>Corporate",,,https://appsfomo.com/reviews/the7/,2020-07-06,https://1.envato.market/KeqdkA,"Buy Now"
3301,Jupiter,,product,external,0,59,,"Wordpress Themes>Blog / Magazine",,,https://appsfomo.com/reviews/jupiter/,2020-07-12,https://1.envato.market/DVbdDo,"Buy Now"
3307,Publisher,,product,external,0,35,,"Wordpress Themes>Blog / Magazine",,,https://appsfomo.com/reviews/publisher/,2020-07-02,https://betterstudio.com/,
3309,Rehub,,product,external,0,55,,"Wordpress Themes>Blog / Magazine",,,https://appsfomo.com/reviews/rehub/,2020-07-18,https://1.envato.market/5bM0O9,"Buy Now"
3313,Eduma,,product,external,0,69,,"Wordpress Themes>Education &amp; Non profit",,,https://appsfomo.com/reviews/eduma/,2020-07-25,https://themeforest.net/item/education-wordpress-theme-education-wp/14058034,"Buy Now"
3325,Enfold,,product,external,0,59,,"Wordpress Themes>Blog / Magazine",Kriesi,,https://appsfomo.com/reviews/enfold/,2020-07-31,https://1.envato.market/x926AA,"Buy Now"
3327,"Be Theme",,product,external,0,59,,"Wordpress Themes>Corporate",,,https://appsfomo.com/reviews/be-theme/,2020-07-09,https://1.envato.market/rnzNAQ,"Buy Now"
3341,"WYZI- Business Finder",,product,external,0,59,,"Wordpress Themes>Corporate",,,https://appsfomo.com/reviews/wyzi-business-finder/,2020-07-26,https://themeforest.net/item/wyzi-social-business-finder-wordpress-theme/18850856,"Buy Now"
3365,Woffice,,product,external,0,79,,"Wordpress Themes>Corporate",,15,https://appsfomo.com/reviews/woffice/,2020-07-25,https://1.envato.market/4eWxg3,"Buy Now"
3371,WPLMS,,product,external,0,75,,"Wordpress Themes>Education &amp; Non profit",,11,https://appsfomo.com/reviews/wplms/,2020-07-17,https://1.envato.market/NK6v21,"Buy Now"
3373,EducationPress,,product,external,0,59,,"Wordpress Themes>Education &amp; Non profit",,12,https://appsfomo.com/reviews/educationpress/,2020-07-26,https://1.envato.market/MXNvgn,"Buy Now"
3389,Oxygen,,product,external,0,59,,"Wordpress Themes>e-commerce",,12,https://appsfomo.com/reviews/oxygen/,2020-07-23,https://1.envato.market/9WJj2E,"Buy Now"
3430,Thrive,,product,external,0,67,,"Wordpress Themes>Multipurpose",Dunhakdis,,https://appsfomo.com/reviews/thrive/,2020-08-02,https://1.envato.market/KeZvPe,"Buy Now"
3465,Bellevue,,product,external,0,59,,"Wordpress Themes>Corporate",,11,https://appsfomo.com/reviews/bellevue/,2020-07-10,https://1.envato.market/a1W9Lo,"Buy Now"
3580,Avada,,product,external,0,60,,"Wordpress Themes>Creative",ThemeFusion,12,https://appsfomo.com/reviews/avada/,2020-09-02,https://1.envato.market/Vy6vQM,"Buy Now"
3583,"Yoast SEO",,product,external,0,89,,"Wordpress Plugins>SEO Plugin","Yoast BV",15,https://appsfomo.com/reviews/yoast-seo/,2020-09-03,https://yoast.com/wordpress/plugins/seo/,"Buy Now"
6206,Cloudflare,,product,external,0,20,,"SaaS>Hosting &amp; Cloud Services",,84,https://appsfomo.com/reviews/cloudflare/,2020-11-09,https://www.cloudflare.com/,"Sign Up Today"
6255,cPanel,,product,external,0,20,,"Web Panels",,77,https://appsfomo.com/reviews/cpanel/,2020-11-13,https://cpanel.net/,
6408,BunnyCDN,,product,external,0,1,,"SaaS>Hosting &amp; Cloud Services",,20,https://appsfomo.com/reviews/bunnycdn/,2020-11-12,http://bunny.net/,"Sign Up Today"
6419,SiteGround,,product,external,0,14.99,6.99,Hosting,,,https://appsfomo.com/reviews/siteground/,2020-11-12,https://www.siteground.com/,"Buy Now"
6427,Bluehost,,product,external,0,2.97,,Hosting,,,https://appsfomo.com/reviews/bluehost/,2020-11-12,https://www.bluehost.com/,"Buy Now"
6488,Plesk,,product,external,0,9.17,8.25,"Web Panels",,16,https://appsfomo.com/reviews/plesk/,2020-11-16,https://www.plesk.com/,"Buy Now"
6537,Plutio,,product,external,0,19,,"SaaS>Project Management",,26,https://appsfomo.com/reviews/plutio/,2020-11-17,https://www.plutio.com/,"Sign Up Today"
6622,CiuisCRM,,product,external,0,45,,"PHP Scripts",SuiseSoft,,https://appsfomo.com/reviews/ciuiscrm/,2020-11-17,https://1.envato.market/QOYMg6,"Buy Now"
6645,Mailchimp,,product,external,0,9,,"SaaS>Marketing and Sales",Mailchimp,25,https://appsfomo.com/reviews/mailchimp/,2020-11-19,https://shop.appsfomo.com/p/cWPi/r,"Sign Up Today"
6938,SendGrid,,product,external,0,19.95,,"SaaS>Marketing and Sales",SendGrid,,https://appsfomo.com/reviews/sendgrid/,2020-11-24,https://sendgrid.com/,"Sign Up Today"
8302,Hestia,,product,external,0,69,,"Wordpress Themes>Multipurpose",Themeisle,,https://appsfomo.com/reviews/hestia/,2021-01-06,https://themeisle.com/themes/hestia/,"Buy Now"
8314,OceanWP,8314,product,external,0,39,,"Wordpress Themes>Multipurpose",OceanWp,,https://appsfomo.com/reviews/oceanwp/,2021-01-05,https://oceanwp.org/,"Buy Now"
8336,ShopIsle,,product,external,0,52,,"Wordpress Themes>e-commerce",Themeisle,,https://appsfomo.com/reviews/shopisle/,2021-01-06,https://themeisle.com/themes/shop-isle-pro/#pricing,"Buy Now"
8340,BetterDocs,,product,external,0,39,,"Wordpress Plugins>Documentation","WP developer",,https://appsfomo.com/reviews/betterdocs/,2021-01-06,https://betterdocs.co/,"Buy Now"
8345,Generatepress,,product,external,0,59,44,"Wordpress Themes",Generatepress,,https://appsfomo.com/reviews/generatepress-lightning-speed-wordpress-theme-2021-review/,2021-01-06,https://generatepress.com/,"Buy Now"
8405,Kadence,,product,external,0,69,56,"Wordpress Themes>Multipurpose",,,https://appsfomo.com/reviews/kadence/,2021-01-08,https://kadence-theme.com/,"Buy Now"
8509,Imagely,,product,external,0,29,,"Wordpress Themes>Creative",Imagely,,https://appsfomo.com/reviews/imagely/,2021-01-11,https://www.imagely.com/pricing/,"Buy Now"
9234,Brizy,,product,external,0,49,,"Wordpress Themes>Page Builder",Brizy,,https://appsfomo.com/reviews/brizy/,2021-01-15,https://www.brizy.io/brizy-pro-pricing/,"Buy Now"
9530,SEOPress,,product,external,0,39,,"Wordpress Plugins>SEO Plugin","SEO Press",,https://appsfomo.com/reviews/seopress/,2021-01-21,https://www.seopress.org/pricing/ref/452/,"Buy Now"
9862,"Elementor Pro",,product,external,0,49,,"Wordpress Plugins>Page Builder","Elementor Ltd",,https://appsfomo.com/reviews/elementor-pro/,2021-03-01,https://elementor.com/pro/,"Buy Now"
9880,LearnDash,,product,external,0,159,,"Wordpress Plugins>LMS",LearnDash,,https://appsfomo.com/reviews/learndash/,2021-03-03,https://www.learndash.com/pricing-and-purchase/,"Buy Now"
9895,"Caldera Forms",,product,external,0,49,,"Wordpress Plugins>Forms &amp; Popups","Caldera Labs",,https://appsfomo.com/reviews/caldera-forms/,2021-03-03,https://calderaforms.com/pricing/,"Buy Now"
9904,StackSocial,,product,external,0,,,"Deals Platform",StackCommerce,,https://appsfomo.com/reviews/stacksocial/,2021-02-01,https://stacksocial.com/,"Buy Now"
9911,AppSumo,,product,external,0,,,"Deals Platform",Appsumo,80,https://appsfomo.com/reviews/appsumo/,2021-02-01,https://appsumo.com/,"Buy Now"
9936,Shortpixel,,product,external,0,4.99,,"Wordpress Plugins",ShortPixel,84,https://appsfomo.com/reviews/shortpixel/,2021-02-03,https://shortpixel.com/pricing,"Buy Now"
10007,"WP Fluent Forms",,product,external,0,59,,"Wordpress Plugins>Forms &amp; Popups",WpManageNinja,78,https://appsfomo.com/reviews/fluent-forms/,2021-02-05,https://wpmanageninja.com/downloads/fluentform-pro-add-on/,"Buy Now"
10059,Ora,,product,external,0,10,4.33,"SaaS>Project Management",,11,https://appsfomo.com/reviews/ora/,2021-02-11,https://ora.pm/,"Sign Up Today"
10060,Glorify,,product,external,0,29.99,,"SaaS>Design &amp; Collaboration",Glorify,92,https://appsfomo.com/reviews/glorify/,2021-02-12,https://www.glorifyapp.com/pricing/,"Sign Up Today"
10061,Trello,,product,external,0,5,,"SaaS>Project Management",Trello,89,https://appsfomo.com/reviews/trello/,2021-02-12,https://trello.com/home,"Sign Up Today"
10062,VistaCreate,,product,external,0,10,,"SaaS>Design &amp; Collaboration",VistaCreate,89,https://appsfomo.com/reviews/crello/,2021-02-12,https://crello.com/,"Sign Up Today"
10082,"WP Security Ninja",,product,external,0,7.99,,"Wordpress Plugins>Security Plugin","WP Security Ninja",33,https://appsfomo.com/reviews/wp-security-ninja/,2021-02-27,https://wpsecurityninja.com/#pricing,"Buy Now"
10114,"All-in-One WP Migration",,product,external,0,69,,"Wordpress Plugins>Security Plugin",ServMask,70,https://appsfomo.com/reviews/all-in-one-wp-migration/,2021-02-18,https://import.wp-migration.com/,"Buy Now"
10260,TexAu,,product,external,0,29,,"SaaS>Business Tools",TexAu,86,https://appsfomo.com/reviews/texau/,2021-03-08,https://texau.com/,"Sign Up Today"
10281,Amelia,,product,external,0,59,,"Wordpress Plugins>Calendar",TMS,16,https://appsfomo.com/reviews/amelia-wordpress-appointment-booking-plugin/,2021-03-09,https://wpamelia.com/pricing/,"Buy Now"
10284,"Advanced Custom Fields",,product,external,0,49,,"Wordpress Plugins>Miscellaneous",ACF,28,https://appsfomo.com/reviews/advanced-custom-fields/,2021-03-19,https://www.advancedcustomfields.com/pro/,"Buy Now"
10402,RelayThat,,product,external,0,15,,"SaaS>Design &amp; Collaboration",RelayThat,87,https://appsfomo.com/reviews/relaythat/,2021-03-19,https://www.dealify.com/relaythat/?deal=stellar,"Sign Up Today"
10797,Shopify,,product,external,0,25,,eCommerce,Shopify,,https://appsfomo.com/reviews/shopify/,2021-03-26,https://www.relaythat.com/pricing,"Buy Now"
11133,Magento,,product,external,0,,,eCommerce,,,https://appsfomo.com/reviews/magento/,2021-03-29,https://magento.com/products/pricing,"Buy Now"
11198,WordPress,,product,external,0,0.00,,"Content Management Systems",,,https://appsfomo.com/reviews/wordpress/,2021-03-31,https://wordpress.org/,"Download Now"
11413,"User Back",,product,external,0,79,,"SaaS>Business Tools","User Back",81,https://appsfomo.com/reviews/user-back/,2021-04-01,https://www.userback.io/pricing,"Sign Up Today"
11527,"7 Zip",,product,external,0,,,"Apps &amp; Utilities",,,https://appsfomo.com/reviews/7-zip/,2021-04-02,https://www.7-zip.org/,"Install Now"
11620,Drupal,,product,external,0,0.00,,"Content Management Systems",,80,https://appsfomo.com/reviews/drupal/,2021-04-07,https://www.drupal.org/,"Download Now"
11694,"WP Reset",,product,external,0,4.99,,"Wordpress Plugins",,84,https://appsfomo.com/reviews/wp-reset/,2021-04-08,https://shortpixel.com/pricing,"Buy Now"
11772,WebARX,,product,external,0,14.99,,Security,WebARX,89,https://appsfomo.com/reviews/webarx/,2021-04-09,https://www.webarxsecurity.com/pricing/,"Buy Now"
13015,Grammarly,,product,external,0,12,,"SaaS>Content creation",Grammarly,87,https://appsfomo.com/reviews/grammarly/,2021-05-03,https://www.grammarly.com/premium,"Sign Up Today"
13338,TortoiseGit,,product,external,0,,,"Apps &amp; Utilities",,,https://appsfomo.com/reviews/tortoisegit/,2021-05-05,https://download.tortoisegit.org/tgit/,"Install Now"
13461,ArticleForge,,product,external,0,27,,"SaaS>Content creation",,79,https://appsfomo.com/reviews/articleforge/,2021-05-06,https://www.articleforge.com/?ref=021ce2,"Sign Up Today"
13549,Virusdie,,product,external,0,15,,Security,,,https://appsfomo.com/reviews/virusdie/,2021-05-10,https://virusdie.com/user/referal/?id=196793,"Buy Now"
13698,Loginpress,,product,external,0,39,,"Wordpress Plugins>Forms &amp; Popups",Appsumo,68,https://appsfomo.com/reviews/loginpress/,2021-05-13,https://loginpress.pro/pricing/,"Buy Now"
14060,Sucuri,,product,external,0,9.99,,Security,,18,https://appsfomo.com/reviews/sucuri/,2021-05-17,https://sucuri.net/website-security-platform/signup/,"Buy Now"
14737,"All In One WordPress Security and Firewall Plugin",,product,external,0,0,,"Uncategorized Reviews",,76,https://appsfomo.com/reviews/all-in-one-wordpress-security-and-firewall-plugin/,2021-05-22,https://www.tipsandtricks-hq.com/wordpress-security-and-firewall-plugin,"Buy Now"
15653,LiveWebinar,,product,external,0,17.99,,SaaS>Communication,LiveWebinar,87,https://appsfomo.com/reviews/livewebinar/,2021-06-04,https://app.livewebinar.com/pricing,"Sign Up Today"
15862,"Essential Addons for Elementor",,product,external,0,39.97,,"Wordpress Plugins>Page Builder","WP developer",,https://appsfomo.com/reviews/essential-addons-for-elementor/,2021-06-15,https://essential-addons.com/elementor/#pricing,"Buy Now"
16794,Cartflows,,product,external,0,299,239,"Wordpress Plugins>E-commerce",,20,https://appsfomo.com/reviews/cartflows/,2021-07-07,https://cartflows.com/,"Buy Now"
16916,"WP Engine",,product,external,0,25,,"Uncategorized Reviews",,,https://appsfomo.com/reviews/wp-engine/,2021-07-20,https://wpengine.com/,"Buy Now"
17751,Kinsta,,product,external,0,30,,Hosting,,,https://appsfomo.com/reviews/kinsta/,2021-09-03,https://kinsta.com/,"Buy Now"
17798,"Backup Guard",,product,external,0,25,,"Uncategorized Reviews",,,https://appsfomo.com/reviews/backup-guard/,2021-09-06,https://backup-guard.com/,"Buy Now"
18134,Mailpoet,,product,external,0,18,,"Wordpress Plugins",,22,https://appsfomo.com/reviews/mailpoet/,2021-09-21,https://www.mailpoet.com/,"Buy Now"
18166,Hostinger,,product,external,0,1.39,,"Uncategorized Reviews",,,https://appsfomo.com/reviews/hostinger/,2021-09-20,https://www.hostinger.in/,"Buy Now"
18413,Weje,,product,external,0,10,,SaaS>Communication,Weje,88,https://appsfomo.com/reviews/weje/,2021-09-30,https://appsfomo.com/weje/,"Sign Up Today"
18590,Autoptimize,,product,external,0,0,,"Wordpress Plugins>Wordpress Optimization",,,https://appsfomo.com/reviews/autoptimize/,2021-10-11,https://wordpress.org/plugins/autoptimize/,"Buy Now"
19614,"WPvivid Backup",,product,external,0,69,,"Wordpress Plugins>Security Plugin",,23,https://appsfomo.com/reviews/wpvivid-backup/,2022-01-28,https://wpvivid.com/,"Buy Now"
20584,Quillbot,,product,external,0,4,,"SaaS>Content creation",Quillbot,93,https://appsfomo.com/reviews/quillbot/,2022-08-01,https://quillbot.com/,"Sign Up Today"
21191,Crove.app,,product,external,0,9,,"SaaS>Business Tools",Crove.app,27,https://appsfomo.com/reviews/crove-app/,2022-08-24,https://shop.appsfomo.com/p/3EQ3/r,"Sign Up Today"
21211,Chugzi,,product,external,0,97,,"SaaS>Content creation",Chugzi™,27,https://appsfomo.com/reviews/chugzi/,2022-08-24,https://shop.appsfomo.com/p/hZLz/r,"Sign Up Today"
21454,WPSmartPay,,product,external,0,99,,"Wordpress Plugins",WPSmartPay,,https://appsfomo.com/reviews/wpsmartpay/,2022-09-12,https://wpsmartpay.com/,"Buy Now"
21491,Usetiful,,product,external,0,29,,SaaS>Communication,Usetiful,27,https://appsfomo.com/reviews/usetiful/,2022-09-12,https://www.usetiful.com/,"Sign Up Today"
21673,RemasterMedia,,product,external,0,6.5,,"SaaS>Audio|SaaS>Video &amp; Media",RemasterMedia,27,https://appsfomo.com/reviews/remastermedia/,2022-10-18,https://www.remastermedia.com/,"Sign Up Today"
21689,Biteplay,,product,external,0,99,,"SaaS>Audio|SaaS>Video &amp; Media",Biteplay,27,https://appsfomo.com/reviews/biteplay/,2022-10-18,https://biteplay.com/,"Sign Up Today"
21763,GummySearch,,product,external,0,29,,"SaaS>Business Tools",GummySearch,27,https://appsfomo.com/reviews/gummysearch/,2022-09-26,https://gummysearch.com/,"Sign Up Today"
22024,ContentBot,,product,external,0,29,,"SaaS>Content creation",ContentBot,87,https://appsfomo.com/reviews/contentbot/,2022-10-18,https://contentbot.ai/,"Sign Up Today"
22130,TrueRanker,,product,external,0,6.99,,"SaaS>Marketing and Sales",TrueRanker,85,https://appsfomo.com/reviews/trueranker/,2022-10-18,https://trueranker.com/,"Sign Up Today"
22168,Trust,,product,external,0,19,,"Uncategorized Reviews",Trust,87,https://appsfomo.com/reviews/trust/,2022-10-18,https://usetrust.io/,"Buy Now"
22217,NeuronWriter,,product,external,0,19,,"SaaS>Content creation",NeuronWriter,93,https://appsfomo.com/reviews/neuronwriter/,2022-11-03,https://shop.appsfomo.com/p/71yK/r,"Sign Up Today"
22248,Vepaar,,product,external,0,5,,"SaaS>Business Tools",Vepaar,85,https://appsfomo.com/reviews/vepaar/,2022-10-25,https://vepaar.com/,"Sign Up Today"
22264,Scalenut,,product,external,0,29,,"SaaS>Content creation",Scalenut,93,https://appsfomo.com/reviews/scalenut/,2022-10-25,https://www.scalenut.com/,"Sign Up Today"
22281,Prelo,,product,external,0,23,,"SaaS>Business Tools",Prelo,87,https://appsfomo.com/reviews/prelo/,2022-10-25,https://www.prelo.io/,"Sign Up Today"
22320,"Xpro Addons for Elementor",,product,external,0,37,,"Uncategorized Reviews","Xpro Elementor Addons",91,https://appsfomo.com/reviews/xpro-addons-for-elementor/,2022-11-03,https://elementor.wpxpro.com/,"Buy Now"
22336,SheerSEO,,product,external,0,10,,"SaaS>Marketing and Sales",SheerSEO,87,https://appsfomo.com/reviews/sheerseo/,2022-11-09,https://www.sheerseo.com/,"Sign Up Today"
22376,Wordplay ,,product,external,0,35,,"SaaS>Content creation",Wordplay,87,https://appsfomo.com/reviews/wordplay/,2022-11-09,https://shop.appsfomo.com/p/OKk0/r,"Sign Up Today"
22406,WooLentor,,product,external,0,39,,"Wordpress Themes",WooLentor,87,https://appsfomo.com/reviews/woolentor/,2022-11-09,https://woolentor.com/,"Buy Now"
22432,"Microsoft Power Automate",,product,external,0,15,,"SaaS>Automation and Data","Microsoft Power Automate",87,https://appsfomo.com/reviews/microsoft-power-automate/,2022-11-09,https://shop.appsfomo.com/p/kznH/r,"Sign Up Today"
22458,useArtemis,,product,external,0,29,,"SaaS>Business Tools",useArtemis,87,https://appsfomo.com/reviews/useartemis/,2022-11-07,https://shop.appsfomo.com/p/EyIf/r,"Sign Up Today"
22491,"Bit Integrations",,product,external,0,19,,"Wordpress Plugins>Security Plugin","Bit Integrations",93,https://appsfomo.com/reviews/bit-integrations/,2022-11-11,https://www.bitapps.pro/bit-integrations,"Buy Now"
22518,BackupSheep,,product,external,0,10,,"SaaS>Hosting &amp; Cloud Services",BackupSheep,93,https://appsfomo.com/reviews/backupsheep/,2022-12-08,https://backupsheep.com/,"Sign Up Today"
22564,Dukaan,,product,external,0,4.62,,"SaaS>Business Tools",Dukaan,87,https://appsfomo.com/reviews/dukaan/,2022-11-30,http://shop.appsfomo.com/p/7Kke/r,"Sign Up Today"
22606,Heartbeat,,product,external,0,29,,SaaS>Communication,Heartbeat,93,https://appsfomo.com/reviews/heartbeat/,2022-12-08,https://www.heartbeat.chat/,"Sign Up Today"
22654,"WP Force SSL",,product,external,0,59,,"Wordpress Plugins>Security Plugin","WP Force SSL",93,https://appsfomo.com/reviews/wp-force-ssl/,2022-11-28,https://wpforcessl.com/,"Buy Now"
22670,"Grab Your Reviews",,product,external,0,29,,"SaaS>Marketing and Sales","Grab Your Reviews",93,https://appsfomo.com/reviews/grab-your-reviews/,2022-12-12,https://shop.appsfomo.com/p/lKLc/r,"Sign Up Today"
23000,LeadRocks,,product,external,0,29,,"SaaS>Business Tools",LeadRocks,87,https://appsfomo.com/reviews/leadrocks/,2022-12-08,https://shop.appsfomo.com/p/nCwY/r,"Sign Up Today"
23042,pxl.to,,product,external,0,30,,"SaaS>Marketing and Sales",pxl.to,81,https://appsfomo.com/reviews/pxl-to/,2022-12-08,https://shop.appsfomo.com/p/u5aq/r,"Sign Up Today"
23323,"Rank Math",,product,external,0,59,,"Wordpress Plugins>SEO Plugin","Rank Math",93,https://appsfomo.com/?post_type=product&p=23323,1970-01-01,https://rankmath.com/,"Sign Up Today"
