ID,Title,Sku,"Post Type","Product Type","Parent Product ID","Regular Price","Sale Price","Product categories",Brand,rank_math_seo_score
710,"Swift Performance",,product,external,0,39.99,,"Wordpress Plugins>Caching Plugin","Swte Plugins",12
716,"Divi Theme",,product,external,0,89,,"Wordpress Themes>Multipurpose","Elegant Themes",
1522,"WPastra Theme",,product,external,0,59,47,"Wordpress Themes>Multipurpose","Brainstorm Force",
2920,WPForms,,product,external,0,39,,"Wordpress Plugins>Forms &amp; Popups",WPForms,12
2923,"Ninja Forms",,product,external,0,99,49,"Wordpress Plugins>Forms &amp; Popups","Saturday Drive",12
2924,"Gravity forms",,product,external,0,59,,"Wordpress Plugins>Forms &amp; Popups",Rocketgenius,18
2925,"Formidable Forms",,product,external,0,99.38,,"Wordpress Plugins>Forms &amp; Popups",Startegy11,12
2926,"Frontend Publishing Pro",,product,external,0,30,,"Wordpress Plugins>Forms &amp; Popups",Khaxan,12
2930,"Envira Gallery",,product,external,0,19,,"Wordpress Plugins>Carousel &amp; Gallery","Envira Gallery",15
2932,Quform,,product,external,0,29,,"Uncategorized Reviews","Theme Catcher",81
2934,"Super Forms",,product,external,0,39,,"Wordpress Plugins>Forms &amp; Popups","Feeling 4 Design",12
2936,ARForms,,product,external,0,39,,"Wordpress Plugins>Forms &amp; Popups",Reputeinfosystems,12
2938,"NEX forms",,product,external,0,39,19,"Wordpress Plugins>Forms &amp; Popups",Basix,15
2940,Eform,,product,external,0,39,19,"Wordpress Plugins>Forms &amp; Popups",WPQuark,15
2942,FormCraft,,product,external,0,36,,"Wordpress Plugins>Forms &amp; Popups",,79
2944,WonderPlugin,,product,external,0,99,,"Wordpress Plugins>Carousel &amp; Gallery","Magic Hills Pty Ltd",11
2946,"Foo Gallery",,product,external,0,,,"Wordpress Plugins>Carousel &amp; Gallery",,11
2948,"NextGEN Gallery",,product,external,0,99,,"Wordpress Plugins>Carousel &amp; Gallery",,11
2950,"Justified Image Grid",,product,external,0,27,,"Wordpress Plugins>Carousel &amp; Gallery",,68
2952,"Awesome Gallery",,product,external,0,26,,"Wordpress Plugins>Carousel &amp; Gallery",,12
2954,"Ultimate Membership Pro",,product,external,0,49,24,"Wordpress Plugins>Membership",,12
2956,"All In One SEO",,product,external,0,79,57,"Wordpress Plugins>SEO Plugin",,11
2958,"Restrict Content Pro",,product,external,0,69,,"Wordpress Plugins>Membership",,12
2960,"SEO by Squirrly",,product,external,0,20,,"Wordpress Plugins>SEO Plugin",,64
2962,"User Pro",,product,external,0,39,,"Wordpress Plugins>Membership",,11
2964,"Keyword Tool",,product,external,0,,,"Wordpress Plugins>SEO Plugin",,11
2966,"Visual Composer",,product,external,0,49,34,"Wordpress Plugins>Page Builder",,11
2968,Cornerstone,,product,external,0,19,,"Wordpress Themes>Page Builder",,11
2972,"Site Origin",,product,external,0,29,,"Wordpress Plugins",,15
2974,"Beaver Builder",,product,external,0,99,,"Wordpress Plugins>Page Builder",,12
2976,"Paid Membership Pro",,product,external,0,97,,"Wordpress Plugins>Membership",,12
2980,"AccessPress Anonymous Post Pro",,product,external,0,29,,"Wordpress Plugins>Affiliate",,13
2982,SEMrush,,product,external,0,99,,"Wordpress Plugins>SEO Plugin",,12
2984,"S2 Member Pro",,product,external,0,89,,"Wordpress Plugins>Membership",,11
2986,"Slider Revolution",,product,external,0,25,,"Wordpress Plugins>Carousel &amp; Gallery",,12
2988,LayerSlider,,product,external,0,25,,"Wordpress Plugins>Carousel &amp; Gallery",,12
2990,Soliloquy,,product,external,0,19,,"Wordpress Plugins>Carousel &amp; Gallery",,15
2992,"Meta Slider",,product,external,0,39,,"Wordpress Plugins>Carousel &amp; Gallery","Meta Slider",12
2993,"Ithemes Security Pro",,product,external,0,80,,"Wordpress Plugins>Security Plugin",,13
2995,"Wonder Slider",,product,external,0,99,,"Wordpress Plugins>Carousel &amp; Gallery",,12
2997,Superfly,,product,external,0,29,14,"Wordpress Plugins>Page Builder",,15
2999,"Easy Social Share Button",,product,external,0,22,,"Wordpress Plugins>Social Network &amp; Translation",,12
3001,Wordfence,,product,external,0,8.25,,"Wordpress Plugins>Security Plugin",,9
3003,Monarch,,product,external,0,69,,"Wordpress Plugins>Social Network &amp; Translation",,11
3005,"Shield WordPress Security",,product,external,0,1,,"Wordpress Plugins>Security Plugin",,12
3007,Bookly,,product,external,0,89,,"Wordpress Plugins>Calendar",,15
3009,"Flow Flow",,product,external,0,39,,"Wordpress Plugins>Social Network &amp; Translation",,15
3011,Booki,,product,external,0,29,,"Wordpress Plugins>Calendar",,15
3013,"Social Media Feather",,product,external,0,9.99,,"Wordpress Plugins>Social Network &amp; Translation",,
3015,"Layered Popups",,product,external,0,24,,"Wordpress Plugins>Forms &amp; Popups",,
3017,"Social share buttons - social pug",,product,external,0,24,,"Wordpress Plugins>Social Network &amp; Translation",,
3019,Realtyna,,product,external,0,199,,"Wordpress Plugins>Miscellaneous",,
3021,ConvertPlus,,product,external,0,24,,"Wordpress Plugins>Forms &amp; Popups",,
3023,Booked,,product,external,0,49,,"Wordpress Plugins>Calendar",,
3025,"Roots Popups",,product,external,0,17,,"Wordpress Plugins>Forms &amp; Popups",,
3027,"Awesome Live Chat",,product,external,0,25,,"Wordpress Plugins>Miscellaneous",,
3029,"WP Simple Booking calendar",,product,external,0,29,,"Wordpress Plugins>Miscellaneous",,
3031,"Chat X",,product,external,0,25,,"Wordpress Plugins>Miscellaneous",,
3033,"Web 2.0 Directory",,product,external,0,39,,"Wordpress Plugins>Miscellaneous",,
3035,EventOn,,product,external,0,25,,"Wordpress Plugins>Calendar",,
3037,"Real Estate Pro",,product,external,0,39,,"Wordpress Plugins>Miscellaneous",,
3039,"Ninja Popups",,product,external,0,27,,"Wordpress Plugins>Forms &amp; Popups",ARScode,
3043,Estatik,,product,external,0,45,,"Wordpress Plugins>Miscellaneous",,
3045,"Easy Property Listing",,product,external,0,97,,"Wordpress Plugins>Miscellaneous",,
3047,"WordPress Live Chat Plugin",,product,external,0,25,,"Wordpress Plugins>Social Network &amp; Translation",,
3049,"WP Flat Visual Chat",,product,external,0,29,,"Wordpress Plugins>Social Network &amp; Translation",,
3051,Templatera,,product,external,0,13,,"Wordpress Plugins>Page Builder",,
3053,"Interactive World Maps",,product,external,0,29,,"Wordpress Plugins>Miscellaneous",,
3055,"WooCommerce Single Product Page Builder",,product,external,0,29,,"Wordpress Plugins>Miscellaneous",,
3057,"Visual Composer Clipboard",,product,external,0,17,,"Wordpress Plugins>Miscellaneous",,
3059,"Ultimate Addons for Visual Composer",,product,external,0,13,,"Wordpress Plugins>Miscellaneous",,
3061,"Visual Composer Extensions Addon",,product,external,0,28,,"Wordpress Plugins>Miscellaneous",,
3063,"4k Icon Fonts for Visual Composer",,product,external,0,18,,"Wordpress Plugins>Miscellaneous",,
3065,"Ultimate Tweaker",,product,external,0,16,,"Wordpress Plugins>Security Plugin",,12
3067,Akismet,,product,external,0,8.33,,"Wordpress Plugins>Security Plugin",,12
3069,WPML,,product,external,0,29,,"Wordpress Plugins>Social Network &amp; Translation",,12
3071,"Visual Composer Extensions Addon All in One",,product,external,0,26,,"Wordpress Plugins>Miscellaneous",,13
3073,"Easy Tables",,product,external,0,13,,"Wordpress Plugins>Forms &amp; Popups",,12
3075,Javo,,product,external,0,49,,"Wordpress Themes>Page Builder",,11
3077,"Massive Addons for Visual Composer",,product,external,0,26,,"Wordpress Plugins>Miscellaneous",,13
3079,"DHVC form",,product,external,0,20,,"Wordpress Plugins>Forms &amp; Popups",,11
3081,"Woocommerce Products Layouts",,product,external,0,16,,"Wordpress Plugins>Page Builder",,11
3083,"WP Rocket",,product,external,0,39,,"Wordpress Plugins>Caching Plugin",,12
3085,"Anti-spam Pro",,product,external,0,26,,"Wordpress Plugins>Security Plugin",,8
3087,"W3 Total Cache",,product,external,0,99,,"Wordpress Plugins>Caching Plugin",,11
3089,"WP Fastest Cache",,product,external,0,49.99,,"Wordpress Plugins>Caching Plugin",,12
3091,"Comet Cache",,product,external,0,39,,"Wordpress Plugins>Caching Plugin",,13
3095,"Anti-spam Bee",,product,external,0,0,,"Wordpress Plugins>Security Plugin",,11
3099,CleanTalk,,product,external,0,9.99,,"Wordpress Plugins>Security Plugin",,15
3101,WPBruiser,,product,external,0,0,,"Wordpress Plugins>Security Plugin",,12
3103,"WP Cerber",,product,external,0,99,,"Wordpress Plugins>Security Plugin",,15
3105,"WordPress, BuddyPress Users Chat Plugin",,product,external,0,36,,"Wordpress Plugins>Social Network &amp; Translation",,78
3107,"WooCommerce Amazon Affiliates",,product,external,0,49,,"Wordpress Plugins>Affiliate",,13
3109,"Table Rate Shipping",,product,external,0,25,,"Wordpress Plugins>E-commerce",,11
3111,Woof,,product,external,0,39,19,"Wordpress Plugins>E-commerce",,11
3113,"WooCommerce Extra Product Options",,product,external,0,39,,"Wordpress Plugins>E-commerce",,12
3115,"WooCommerce Shipping Tracking",,product,external,0,22,,"Wordpress Plugins>E-commerce",Vanquish,15
3117,"WooCommerce Dynamic Pricing and Discounts",,product,external,0,59,,"Wordpress Plugins>E-commerce",,12
3119,"Hide My WP",,product,external,0,24,,"Wordpress Plugins>Security Plugin",,
3121,"Testimonials Showcase",,product,external,0,19,,"Wordpress Plugins>Miscellaneous",,
3123,Reviewer,,product,external,0,29,,"Wordpress Plugins>Miscellaneous",,
3125,"Let's Review",,product,external,0,29,,"Wordpress Plugins>Miscellaneous",,
3127,Taqyeem,,product,external,0,22,,"Wordpress Plugins>Page Builder",,
3129,"Rating Form",,product,external,0,26,,"Wordpress Plugins>Miscellaneous",,
3131,"Sidebar Widget Manager",,product,external,0,34,,"Wordpress Plugins>Page Builder",,
3133,"Custom Widget Areas for WordPress",,product,external,0,12,,"Wordpress Plugins>Page Builder",RightHere,
3135,"Widget Ninja",,product,external,0,15,,"Wordpress Plugins>Page Builder",,
3137,"Popping Sidebars and Widgets",,product,external,0,27,,"Wordpress Plugins>Page Builder",,
3139,"5sec Google Maps Pro",,product,external,0,20,,"Wordpress Plugins>Miscellaneous",,
3143,"Hero Maps Premium",,product,external,0,20,,"Wordpress Plugins>Miscellaneous",,
3147,UberMenu,,product,external,0,19,,"Wordpress Plugins>Miscellaneous",,
3149,"Hero Menu",,product,external,0,20,,"Wordpress Plugins>Miscellaneous",,
3151,"Ajax Translator Revolution",,product,external,0,25,,"Wordpress Plugins>Social Network &amp; Translation",,
3155,"The Grid",,product,external,0,25,,"Wordpress Plugins>Miscellaneous",,
3157,"Instagram Feed",,product,external,0,29,,"Wordpress Plugins>Miscellaneous",,
3159,"Elite Video Player",,product,external,0,49,,"Wordpress Plugins>Page Builder",,
3161,"Wordpress Automatic Plugin",,product,external,0,30,,"Wordpress Plugins>Miscellaneous",,
3163,Scrapes,,product,external,0,12,,"Wordpress Plugins>Miscellaneous",,
3165,"Responsive flipbook",,product,external,0,36,,"Wordpress Plugins>Miscellaneous",,
3167,"Ajax Search Pro",,product,external,0,29,,"Wordpress Plugins>Miscellaneous",,
3169,"Go Pricing",,product,external,0,27,,"Wordpress Plugins>Miscellaneous",,
3171,"Advanced Google Maps",,product,external,0,38,11,"Wordpress Plugins>Page Builder",,
3173,"Smart Image Compressor",,product,external,0,24,,"Wordpress Plugins>Wordpress Optimization",,
3177,"WP Data Tables",,product,external,0,299,,"Wordpress Plugins>Page Builder",,12
3179,"WP Cost Estimation",,product,external,0,44,,"Wordpress Plugins>Forms &amp; Popups",,11
3181,"WP Timeline",,product,external,0,25,,"Wordpress Plugins>Page Builder",,11
3183,"Content Egg",,product,external,0,68,,"Wordpress Plugins>Affiliate",WPsoul,13
3185,"White Label",,product,external,0,24,,"Wordpress Plugins>Miscellaneous",,11
3187,"Essential Grid",,product,external,0,26,,"Wordpress Plugins>Page Builder",,12
3189,"Master Slider",,product,external,0,22,,"Wordpress Plugins>Carousel &amp; Gallery",,12
3191,Kraken,,product,external,0,5,,"Wordpress Plugins>Wordpress Optimization",,11
3193,"Mega Menu",,product,external,0,18,,"Wordpress Plugins>Miscellaneous",,11
3195,"WordPress Real Media Library",,product,external,0,24,,"Wordpress Plugins>Miscellaneous",,61
3197,"Yellow Pencil",,product,external,0,25,,"Wordpress Plugins>Page Builder",,11
3203,"Mini Go",,product,external,0,15,,"Wordpress Plugins>Affiliate",,12
3205,"Image map pro",,product,external,0,39,,"Wordpress Plugins>Carousel &amp; Gallery",,11
3207,Mailster,,product,external,0,59,,"Wordpress Plugins>Social Network &amp; Translation",,11
3209,Tube,,product,external,0,18,,"Wordpress Plugins>Extensions",,11
3211,"Agile store locator",,product,external,0,25,,"Wordpress Plugins>Miscellaneous",,11
3215,"Album Stripes",,product,external,0,15,,"Wordpress Plugins>Carousel &amp; Gallery",,11
3217,Mycase,,product,external,0,32,,"Wordpress Plugins>Miscellaneous",,11
3223,"Google Analytics E-commerce",,product,external,0,10,,"Wordpress Plugins>Miscellaneous",,11
3225,"Woo Commerce Recover Abandoned Cart",,product,external,0,49,,"Wordpress Plugins>E-commerce",,11
3227,"Popup Container adobe muse widget",,product,external,0,12,,"Wordpress Plugins",,11
3229,"Ultratabs Magento Extension",,product,external,0,18,,"Wordpress Plugins",,11
3233,Powerbanners,,product,external,0,26,,"Wordpress Plugins>Extensions",,11
3235,Wunderadmin,,product,external,0,37,,"Wordpress Plugins>Extensions",,11
3239,"Magneto installer/duplicator",,product,external,0,49,,"Wordpress Plugins>Extensions",,11
3241,"Newsletter popup for magneto",,product,external,0,19,,"Wordpress Plugins>Extensions",,
3291,"Theme X",,product,external,0,29,,"Wordpress Themes>Multipurpose",,
3293,Newspaper,,product,external,0,59,,"Wordpress Themes>Blog / Magazine",tagDiv,
3297,The7,,product,external,0,39,,"Wordpress Themes>Corporate",,
3299,Sage,,product,external,0,59,,"Wordpress Themes>Food, Lifestyle &amp; Health",,
3301,Jupiter,,product,external,0,59,,"Wordpress Themes>Blog / Magazine",,
3305,Dreamvilla,,product,external,0,49,,"Uncategorized Reviews",,
3307,Publisher,,product,external,0,35,,"Wordpress Themes>Blog / Magazine",,
3309,Rehub,,product,external,0,55,,"Wordpress Themes>Blog / Magazine",,
3311,Photography,,product,external,0,59,,"Wordpress Themes>Creative",,
3313,Eduma,,product,external,0,69,,"Wordpress Themes>Education &amp; Non profit",,
3315,Buzzler,,product,external,0,69,,"Wordpress Themes>Page Builder",,
3317,Listify,,product,external,0,69,,"Wordpress Themes>Page Builder",,
3319,Kleo,,product,external,0,59,,"Wordpress Themes>Multipurpose",,
3321,Consulting,,product,external,0,59,,"Wordpress Themes>Multipurpose",,
3323,"WordPress Project Bidding : Sitemile",,product,external,0,99,,"Wordpress Themes>Multipurpose",,
3325,Enfold,,product,external,0,59,,"Wordpress Themes>Blog / Magazine",Kriesi,
3327,"Be Theme",,product,external,0,59,,"Wordpress Themes>Corporate",,
3329,Walleto,,product,external,0,79.99,,"Wordpress Themes>e-commerce",,
3331,Makery,,product,external,0,29,,"Wordpress Themes>e-commerce",,
3333,Jobify,,product,external,0,69,,"Wordpress Themes>Multipurpose",,
3335,Listable,,product,external,0,85,,"Wordpress Themes>e-commerce",,
3337,Motors,,product,external,0,79,,"Wordpress Themes>Food, Lifestyle &amp; Health",,
3341,"WYZI- Business Finder",,product,external,0,59,,"Wordpress Themes>Corporate",,
3343,"Real Places",,product,external,0,49,,"Wordpress Themes>Business Themes",,
3345,ApartmentWP,,product,external,0,59,,"Wordpress Themes>Business Themes",,12
3347,"Full House",,product,external,0,75,,"Wordpress Themes>Business Themes",,12
3349,Residence,,product,external,0,59,,"Wordpress Themes>Business Themes",,11
3351,"WP Rentals",,product,external,0,59,,"Wordpress Themes>Creative","Wp Estate",12
3353,"Real Homes",,product,external,0,59,,"Wordpress Themes>Business Themes",,11
3355,ROSA,,product,external,0,75,,"Wordpress Themes>Food, Lifestyle &amp; Health",,12
3357,Pronto,,product,external,0,64,,"Wordpress Themes>Food, Lifestyle &amp; Health",,11
3359,"Business Finder",,product,external,0,69,,"Wordpress Themes>e-commerce",,11
3361,"Sweet Date",,product,external,0,69,,"Wordpress Themes>Food, Lifestyle &amp; Health",,11
3363,Mingle,,product,external,0,79,,"Wordpress Themes>Food, Lifestyle &amp; Health",,11
3365,Woffice,,product,external,0,79,,"Wordpress Themes>Corporate",,15
3367,Buddy,,product,external,0,199,,"Wordpress Themes>Multipurpose",,11
3369,Socialize,,product,external,0,199,,"Wordpress Themes>Multipurpose",,11
3371,WPLMS,,product,external,0,75,,"Wordpress Themes>Education &amp; Non profit",,11
3373,EducationPress,,product,external,0,59,,"Wordpress Themes>Education &amp; Non profit",,12
3375,Academy,,product,external,0,29,,"Wordpress Themes>Education &amp; Non profit",,11
3377,University,,product,external,0,49,,"Wordpress Themes>Education &amp; Non profit",,12
3379,LMS,,product,external,0,59,,"Wordpress Themes>Education &amp; Non profit",,12
3381,Porto,,product,external,0,59,,"Wordpress Themes>e-commerce",,11
3383,Blaszok,,product,external,0,47,,"Wordpress Themes>e-commerce",,11
3387,Atelier,,product,external,0,53,,"Wordpress Themes>e-commerce",,11
3389,Oxygen,,product,external,0,59,,"Wordpress Themes>e-commerce",,12
3391,Flatsome,,product,external,0,59,,"Wordpress Themes>e-commerce",,12
3393,Shopkeeper,,product,external,0,59,,"Wordpress Themes>e-commerce",,15
3395,"The Retailer",,product,external,0,59,,"Wordpress Themes>e-commerce",,11
3397,"Job Career",,product,external,0,69,,"Wordpress Themes>Corporate",,
3399,Fable,,product,external,0,59,,"Wordpress Themes>Education &amp; Non profit",,
3403,Karma,,product,external,0,49,,"Wordpress Themes>Corporate",,
3405,uDesign,,product,external,0,56,,"Wordpress Themes>Corporate",,
3407,"Home Villas",,product,external,0,59,,"Wordpress Themes>Business Themes",,
3409,Sahifa,,product,external,0,59,,"Wordpress Themes",,
3411,Gonzo,,product,external,0,49,,"Wordpress Themes>Blog / Magazine",,
3413,Modesto,,product,external,0,39,,"Wordpress Themes>Creative",,
3415,Joker,,product,external,0,59,,"Wordpress Themes>Creative",,
3417,Preschool,,product,external,0,59,,"Wordpress Themes>Education &amp; Non profit",Jwsthemes,
3419,EduCare,,product,external,0,39,,"Wordpress Themes>Education &amp; Non profit",,
3421,Universh,,product,external,0,59,,"Wordpress Themes>Education &amp; Non profit",,
3428,Falcons,,product,external,0,59,,"Wordpress Themes>Corporate",,
3430,Thrive,,product,external,0,67,,"Wordpress Themes>Multipurpose",Dunhakdis,
3433,NRGNetwork,,product,external,0,59,,"Wordpress Themes>Corporate",,
3435,Geeklove,,product,external,0,44,,"Wordpress Themes>Food, Lifestyle &amp; Health",,
3439,Aimer,,product,external,0,48,,"Wordpress Themes>Food, Lifestyle &amp; Health",3jon,
3441,Crown,,product,external,0,60,,"Wordpress Themes>Creative",,
3443,MediCenter,,product,external,0,59,,"Wordpress Themes>Food, Lifestyle &amp; Health",,
3445,MaxHost,,product,external,0,38,,"Wordpress Themes>Creative",,
3447,MedicalPress,,product,external,0,49,,"Wordpress Themes>Food, Lifestyle &amp; Health",,
3451,"Spa Lab",,product,external,0,59,,"Wordpress Themes>Food, Lifestyle &amp; Health",,
3453,"Tour Package",,product,external,0,54,,"Wordpress Themes>Business Themes",,
3455,Traveler,,product,external,0,79,,"Wordpress Themes>Business Themes",,
3457,Travelo,,product,external,0,35,,"Wordpress Themes>Entertainment",,
3459,"Trendy Travel",,product,external,0,59,,"Wordpress Themes>Business Themes",,12
3461,"Nation Hotel",,product,external,0,49,,"Wordpress Themes>Food, Lifestyle &amp; Health",,11
3465,Bellevue,,product,external,0,59,,"Wordpress Themes>Corporate",,11
3580,Avada,,product,external,0,60,,"Wordpress Themes>Creative",ThemeFusion,12
3583,"Yoast SEO",,product,external,0,89,,"Wordpress Plugins>SEO Plugin","Yoast BV",15
6206,Cloudflare,,product,external,0,20,,"SaaS>Hosting &amp; Cloud Services",,
6255,cPanel,,product,external,0,20,,"Web Panels",,77
6408,BunnyCDN,,product,external,0,10,,"SaaS>Hosting &amp; Cloud Services",,20
6419,SiteGround,,product,external,0,14.99,6.99,Hosting,,
6427,Bluehost,,product,external,0,2.97,,Hosting,,
6488,Plesk,,product,external,0,9.17,8.25,"Web Panels",,16
6537,Plutio,,product,external,0,15,,"SaaS>Project Management",,22
6622,CiuisCRM,,product,external,0,45,,"PHP Scripts",SuiseSoft,
6645,Mailchimp,,product,external,0,9.99,,"SaaS>Marketing and Sales",Mailchimp,
6938,SendGrid,,product,external,0,14.95,,"SaaS>Marketing and Sales",SendGrid,
8302,Hestia,,product,external,0,69,,"Wordpress Themes>Multipurpose",Themeisle,
8314,OceanWP,8314,product,external,0,39,,"Wordpress Themes>Multipurpose",OceanWp,
8336,ShopIsle,,product,external,0,52,,"Wordpress Themes>e-commerce",Themeisle,
8340,BetterDocs,,product,external,0,39,,"Wordpress Plugins>Documentation","WP developer",
8345,Generatepress,,product,external,0,59,44,"Wordpress Themes",Generatepress,
8371,Neve,,product,external,0,82,,"Wordpress Themes",Themeisle,
8379,"Zelle (Zerif)",,product,external,0,86,,"Wordpress Themes",Themeisle,
8393,Flexia,,product,external,0,49,,"Wordpress Themes",Codetic,
8405,Kadence,,product,external,0,69,56,"Wordpress Themes>Multipurpose",,
8509,Imagely,,product,external,0,29,,"Wordpress Themes>Creative",Imagely,
9234,Brizy,,product,external,0,49,,"Wordpress Themes>Page Builder",Brizy,
9530,SEOPress,,product,external,0,39,,"Wordpress Plugins>SEO Plugin","SEO Press",
9862,"Elementor Pro",,product,external,0,49,,"Wordpress Plugins>Page Builder","Elementor Ltd",
9880,LearnDash,,product,external,0,159,,"Wordpress Plugins>LMS",LearnDash,
9895,"Caldera Forms",,product,external,0,49,,"Wordpress Plugins>Forms &amp; Popups","Caldera Labs",
9904,StackSocial,,product,external,0,,,"Deals Platform",StackCommerce,
9911,AppSumo,,product,external,0,,,"Deals Platform",Appsumo,80
9936,Shortpixel,,product,external,0,4.99,,"Wordpress Plugins",ShortPixel,84
9944,"Saastronaut Life",,product,external,0,,,"FB Groups",,76
9948,"SaaS Master",,product,external,0,,,"FB Groups",SaasMaster,16
10007,"WP Fluent Forms",,product,external,0,59,,"Wordpress Plugins>Forms &amp; Popups",WpManageNinja,78
10059,Ora,,product,external,0,6.00,4.33,"SaaS>Project Management",,11
10060,Glorify,,product,external,0,12.99,,"SaaS>Design &amp; Collaboration",,80
10061,Trello,,product,external,0,9.99,,"SaaS>Project Management",,18
10062,Crello,,product,external,0,9.99,,"SaaS>Design &amp; Collaboration",,11
10082,"WP Security Ninja",,product,external,0,7.99,,"Wordpress Plugins>Security Plugin","WP Security Ninja",33
10114,"All-in-One WP Migration",,product,external,0,69,,"Wordpress Plugins>Security Plugin",ServMask,70
10216,SpinRewriter,,product,external,0,47,,"SaaS>Content creation","Infinect LLC",68
10260,TexAu,,product,external,0,12.99,,"SaaS>Business Tools",TexAu,79
10281,Amelia,,product,external,0,59,,"Wordpress Plugins>Calendar",TMS,16
10284,"Advanced Custom Fields",,product,external,0,49,,"Wordpress Plugins>Miscellaneous",ACF,28
10333,Analytify,,product,external,0,39,,"Wordpress Plugins>Miscellaneous","WP Brigade",76
10402,RelayThat,,product,external,0,25,,"SaaS>Design &amp; Collaboration",RelayThat,76
10638,Bridge,,product,external,0,59,,"Wordpress Themes>Multipurpose","Qode Interactive",
10797,Shopify,,product,external,0,25,,eCommerce,Shopify,
10962,MarTech,,product,external,0,,,"FB Groups","MarTech Wise",
11028,Digitalthink,,product,external,0,,,"FB Groups","Digital think",
11031,Pitchground,,product,external,0,,,"FB Groups",,
11133,Magento,,product,external,0,,,eCommerce,,
11198,WordPress,,product,external,0,0.00,,"Content Management Systems",,
11413,"User Back",,product,external,0,8,,"SaaS>Business Tools",RelayThat,
11527,"7 Zip",,product,external,0,,,"Apps &amp; Utilities",,
11620,Drupal,,product,external,0,0.00,,"Content Management Systems",,80
11694,"WP Reset",,product,external,0,4.99,,"Wordpress Plugins",,84
11772,WebARX,,product,external,0,14.99,,Security,WebARX,89
13015,Grammarly,,product,external,0,11.66,,"SaaS>Content creation",,
13338,TortoiseGit,,product,external,0,,,"Apps &amp; Utilities",,
13461,ArticleForge,,product,external,0,57,,"SaaS>Content creation",,29
13549,Virusdie,,product,external,0,15,,Security,,
13634,"SaaS Mantra",,product,external,0,,,"FB Groups",,84
13698,Loginpress,,product,external,0,39,,"Wordpress Plugins>Forms &amp; Popups",Appsumo,68
14060,Sucuri,,product,external,0,9.99,,Security,,18
14377,Boei,,product,external,0,10,,"Wordpress Plugins>Forms &amp; Popups",Appsumo,17
14737,"All In One WordPress Security and Firewall Plugin",,product,external,0,0,,"Uncategorized Reviews",,76
14747,Kalium,,product,external,0,59,,"Wordpress Themes",Themeisle,25
14915,Meld,,product,external,0,0,,"Apps &amp; Utilities",,33
15511,Soledad,,product,external,0,59,,"Wordpress Themes",,23
15653,LiveWebinar,,product,external,0,11.99,,SaaS>Communication,RelayThat,17
15862,"Essential Addons for Elementor",,product,external,0,39.97,,"Wordpress Plugins>Page Builder","WP developer",
16794,Cartflows,,product,external,0,299,239,"Wordpress Plugins>E-commerce",,20
16916,"WP Engine",,product,external,0,25,,"Uncategorized Reviews",,
17751,Kinsta,,product,external,0,30,,Hosting,,
17798,"Backup Guard",,product,external,0,25,,"Uncategorized Reviews",,
18134,Mailpoet,,product,external,0,18,,"Wordpress Plugins",,22
18166,Hostinger,,product,external,0,1.39,,"Uncategorized Reviews",,
18413,Weje,,product,external,0,4,,SaaS>Communication,RelayThat,
18590,Autoptimize,,product,external,0,0,,"Wordpress Plugins>Wordpress Optimization",,
19614,"WPvivid Backup",,product,external,0,69,,"Wordpress Plugins>Security Plugin",,23
20584,Quillbot,,product,external,0,4,,"SaaS>Content creation",Quillbot,93
21191,Crove.app,,product,external,0,9,,"SaaS>Business Tools",Crove.app,22
21211,Chugzi,,product,external,0,97,,"SaaS>Content creation",Chugzi™,22
21454,WPSmartPay,,product,external,0,99,,"Wordpress Plugins",WPSmartPay,
21491,Usetiful,,product,external,0,29,,SaaS>Communication,Usetiful,
21673,RemasterMedia,,product,external,0,6.50,,"SaaS>Audio|SaaS>Video &amp; Media",RemasterMedia,
21689,Biteplay,,product,external,0,99,,"SaaS>Audio|SaaS>Video &amp; Media",Biteplay,
21763,GummySearch,,product,external,0,15.75,,"SaaS>Business Tools",GummySearch,
22024,ContentBot,,product,external,0,29,,"SaaS>Content creation",ContentBot,87
22130,TrueRanker,,product,external,0,6.99,,"SaaS>Marketing and Sales",TrueRanker,93
22168,Trust,,product,external,0,19,,"Uncategorized Reviews",Trust,87
22217,NeuronWriter,,product,external,0,19,,"SaaS>Content creation",NeuronWriter,93
22248,Vepaar,,product,external,0,5,,"SaaS>Business Tools",Vepaar,85
22264,Scalenut,,product,external,0,29,,"SaaS>Content creation",Scalenut,91
22281,Prelo,,product,external,0,23,,"SaaS>Business Tools",Prelo,87
22320,"Xpro Addons for Elementor",,product,external,0,37,,"Uncategorized Reviews","Xpro Elementor Addons",91
22336,SheerSEO,,product,external,0,10,,"SaaS>Marketing and Sales",SheerSEO,87
22376,Wordplay ,,product,external,0,59,,"SaaS>Content creation",Wordplay,87
22406,WooLentor,,product,external,0,39,,"Wordpress Themes",WooLentor,87
22432,"Microsoft Power Automate",,product,external,0,15,,"SaaS>Automation and Data","Microsoft Power Automate",93
22458,useArtemis,,product,external,0,29,,"SaaS>Business Tools",useArtemis,93
22491,"Bit Integrations",,product,external,0,19,,"Wordpress Plugins>Security Plugin","Bit Integrations",93
22518,BackupSheep,,product,external,0,10,,"SaaS>Hosting &amp; Cloud Services",BackupSheep,93
22564,Dukaan,,product,external,0,4.62,,"SaaS>Business Tools",Dukaan,87
22606,Heartbeat,,product,external,0,29,,SaaS>Communication,Heartbeat,93
22654,"WP Force SSL",,product,external,0,59,,"Wordpress Plugins>Security Plugin","WP Force SSL",93
22670,"Grab Your Reviews",,product,external,0,29,,"SaaS>Marketing and Sales","Grab Your Reviews",93
23000,LeadRocks,,product,external,0,29,,"SaaS>Business Tools",LeadRocks,87
23042,pxl.to,,product,external,0,30,,"SaaS>Marketing and Sales",pxl.to,81
