Title,ID,Sku,Product Type,Parent Product ID,rank_math_title,rank_math_description,rank_math_focus_keyword,rank_math_focus_keyword
Swift Performance,710,,external,0,"Swift Performance Plugin Features, reviews and Pricing | Appsfomo",Read the full review of Swift Performance Wordpress plugin. A powerful plugin for caching and performance optimization.,Swift Performance Review,swift performance review
Divi Theme,716,,external,0,"Divi Theme Features, Reviews and Pricing | Appsfomo",Read the full review of Divi Theme. A light weight and powerfull theme for Wordpress.,Divi Theme Review,divi theme review
WPastra Theme,1522,,external,0,"Astra Wordpress Theme Features, Reviews and Pricing | Appsfomo",Read the full review of Astra Wordpress Theme. A highly customizable wordpress multipurpose theme.,Astra theme review,astra theme review
WPForms,2920,,external,0,"WPForms Plugin Features, reviews and Pricing | Appsfomo",Read the full review of WPForms. WPForms is a popular and powerful plugin for custom forms for your WordPress website.,WPForms Review,wpforms review
Ninja Forms,2923,,external,0,"Ninja Forms Plugin Features, reviews and Pricing | Appsfomo","Ninja Forms is the form creation tool available at almost zero cost. It is simple, quick, and intuitive user interface and requires no coding skills.",Ninja Forms Review,ninja forms review
Gravity forms,2924,,external,0,"Gravity forms Plugin Features, reviews and Pricing | Appsfomo",Read the full review of Gravity forms Review. Gravity Forms is a contact form plugin for providing an intuitive UI for your WordPress website.,Gravity forms Review,gravity forms review
Formidable Forms,2925,,external,0,"Formidable Forms Plugin Features, reviews and Pricing | Appsfomo",Read the full review of Formidable-Forms. It is a flexible form builder plugin for building complex forms for your WordPress website.,Formidable Forms Review,formidable forms review
Frontend Publishing Pro,2926,,external,0,Frontend Publishing Pro Plugin - 2021 Review | Appsfomo,Read the full review of Front-end-Publishing-Pro. It is a versatile and lightweight plugin for managing content of your WordPress website.,Frontend Publishing Pro Review,frontend publishing pro review
Envira Gallery,2930,,external,0,"Envira Gallery Plugin Features, reviews and Pricing | Appsfomo","Read the review of Envira Gallery. Through Envira Gallery, one can craft the gallery carefully which works on the mobile as well.",Envira Gallery Review,envira gallery review
Quform,2932,,external,0,"Quform Plugin Features, Reviews and Pricing | Appsfomo ",Read the full review of Quform Plugins. Quform is a reliable and advanced plugin for adding forms quick and easy for your WordPress website.,Quform,quform
Super Forms,2934,,external,0,"Super Forms Plugin Features, reviews and Pricing | Appsfomo",Read the full review of Super-Forms. Super Forms is a form builder plugin with column/grid system and organization for your WordPress website.,Super Forms Review,super forms review
ARForms,2936,,external,0,"ARForms Plugin Features, reviews and Pricing | Appsfomo",Read the full review of ARforms. It is a form builder plugin for building efficient forms with organized features for your WordPress website.,ARForms Review,arforms review
NEX forms,2938,,external,0,"NEX forms Plugin Features, reviews and Pricing | Appsfomo",Read the full review of Nex-forms. It is a high-quality drag&amp;drop form-builder plugin for making convenient forms for your WordPress website.,NEX forms Review,nex forms review
Eform,2940,,external,0,"Eform Plugin Features, reviews and Pricing | Appsfomo",Read the full review of Eform. Eform is a detailed form builder plugin for creative customization with flexibility for your WordPress website.,Eform Review,eform review
FormCraft,2942,,external,0,"FormCraft Plugin Features, Reviews and Pricing | Appsfomo ","Read the full review of FormCraft. It&#039;s a contact form plugin for building faster, smoother, scalable, quick forms for your WordPress website.",FormCraft,formcraft
WonderPlugin,2944,,external,0,"WonderPlugin Plugin Features, reviews and Pricing | Appsfomo",Read the full review of WonderPlugin. WonderPlugin is a photo&amp;video gallery plugin for creating customized gallery for your WordPress website.,WonderPlugin Review,wonderplugin review
Foo Gallery,2946,,external,0,"Foo Gallery Plugin Features, reviews and Pricing | Appsfomo",Read the full review of Foo-Gallery. Foo-Gallery is a gallery plugin for intuitive and extensible gallery creation for your WordPress website.,Foo Gallery Review,foo gallery review
NextGEN Gallery,2948,,external,0,"NextGEN Gallery Plugin Features, reviews and Pricing | Appsfomo",Read the full review of NextGEN-Gallery. It is an exclusive and premium gallery plugin for managing the gallery for your WordPress website.,NextGEN Gallery Review,nextgen gallery review
Justified Image Grid,2950,,external,0,"Justified-Image-Grid Plugin Features, reviews and Pricing | Appsfomo",Read the full review of Justified-Image-Grid. It is a powerful gallery plugin for organizing your images uniquely for your WordPress website.,Justified-Image-Grid,justified-image-grid
Awesome Gallery,2952,,external,0,"Awesome Gallery Plugin Features, reviews and Pricing | Appsfomo",Read the full review of Awesome-Gallery. It is an exclusive gallery plugin for displaying your images creatively for your WordPress website.,Awesome Gallery Review,awesome gallery review
Ultimate Membership Pro,2954,,external,0,"Ultimate Membership Pro Plugin Features, reviews and Pricing | Appsfomo",Read the full review of Ultimate-Membership-Pro. It is a popular membership plugin for multilevel exclusive access for your WordPress website.,Ultimate Membership Pro Review,ultimate membership pro review
All In One SEO,2956,,external,0,"All In One SEO Plugin Features, reviews and Pricing | Appsfomo",Read the full review of . &quot;plugin name&quot; is a &quot;attributes of plugin&quot; plugin for &quot;what the plugin does&quot; for your WordPress website.,All In One SEO Review,all in one seo review
Restrict Content Pro,2958,,external,0,"Restrict Content Pro Plugin Features, reviews and Pricing | Appsfomo",Read the full review of Restrict-Content-Pro. It is a quick and clean membership plugin for hiding content access of your WordPress website.,Restrict Content Pro Review,restrict content pro review
SEO by Squirrly,2960,,external,0,"SEO-Squirrly Plugin Features, reviews and Pricing | Appsfomo",Read the full review of SEO-Squirrly. SEO Squirrly is a SEO plugin for improving traffic and rankings of contents for your WordPress website.,SEO-Squirrly,seo-squirrly
User Pro,2962,,external,0,"User Pro Plugin Features, reviews and Pricing | Appsfomo",Read the full review of User-Pro. User Pro is a hybrid membership plugin to restrict content and to create forms for your WordPress website.,User Pro Review,user pro review
Keyword Tool,2964,,external,0,"Keyword Tool Plugin Features, reviews and Pricing | Appsfomo",Read the full review of Keyword-Tool. It&#039;s a keyword planner plugin for research of new keywords for high traffic for your WordPress website.,Keyword Tool Review,keyword tool review
Visual Composer,2966,,external,0,"Visual Composer Plugin Features, reviews and Pricing | Appsfomo",Read the full review of Visual-Composer. Visual Composer is a WordPress website plugin for front/back end editing for your WordPress website.,Visual Composer Review,visual composer review
Cornerstone,2968,,external,0,"Cornerstone Theme Features, Reviews and Pricing | Appsfomo",Read the full review of Cornerstone. Cornerstone - a custom plugin for a full operative content management system for your WordPress website.,Cornerstone Theme Review,cornerstone theme review
Site Origin,2972,,external,0,"Site Origin Plugin Features, reviews and Pricing | Appsfomo",Read the full review of Site-Origin. It&#039;s a drag&amp;drop page builder plugin for easy responsive column page layouts for your WordPress website.,Site Origin Review,site origin review
Beaver Builder,2974,,external,0,"Beaver-Builder Plugin Features, Reviews and Pricing | Appsfomo",Read the full review of Beaver-Builder. It&#039;s a page builder plugin for creating beautiful and professional pages for your WordPress website.,"Beaver Builder Plugin Review,Page Builder","beaver builder plugin review,page builder"
Paid Membership Pro,2976,,external,0,"Paid Membership Pro Plugin Features, reviews and Pricing | Appsfomo",Read the full review of Paid-Membership-Pro. It&#039;s a membership plugin for restricting user access to only members for your WordPress website.,Paid Membership Pro Review,paid membership pro review
AccessPress Anonymous Post Pro,2980,,external,0,AccessPress Anonymous Post Pro - Plugin Review | Appsfomo,Read the full review of AccessPress-Anonymous-Post-Pro. It is a WPform plugin for users to easily submit any post for your WordPress website.,AccessPress Anonymous Post Pro Review,accesspress anonymous post pro review
SEMrush,2982,,external,0,"SEMrush Plugin Features, reviews and Pricing | Appsfomo",SEMrush Competitive data the plugin for digital marketing professionals. It is used to search for the competitors of different prospects.,SEMrush Review,semrush review
S2 Member Pro,2984,,external,0,"S2 Member Pro Plugin Features, reviews and Pricing | Appsfomo",Read the full review of S2-Member-Pro. It&#039;s a membership plugin for feature rich options adhering to all requests for your WordPress website.,S2 Member Pro Review,s2 member pro review
Slider Revolution,2986,,external,0,"Slider Revolution Plugin Features, reviews and Pricing | Appsfomo",Read the full review of Slider-Revolution. It is a quick display plugin for organizing content in a creative way for your WordPress website.,Slider Revolution Review,slider revolution review
LayerSlider,2988,,external,0,"LayerSlider Plugin Features, reviews and Pricing | Appsfomo",Read the full review of Layerslider. Layerslider is a slider plugin for multi-purpose animation and easy sharing for your WordPress website.,LayerSlider Review,layerslider review
Soliloquy,2990,,external,0,"Soliloquy Plugin Features, reviews and Pricing | Appsfomo",Read the full review of Soliloquy. Soliloquy is a slider plugin for creating unique one pages with easy-to-use UI for your WordPress website.,Soliloquy Review,soliloquy review
Meta Slider,2992,,external,0,"Meta Slider Plugin Features, reviews and Pricing | Appsfomo",Read the full review of Meta-Slider. Meta Slider&#039;s a fast &amp; easy slider plugin for integrating with other plugins for your WordPress website.,Meta Slider Review,meta slider review
Ithemes Security Pro,2993,,external,0,Ithemes Security Pro Plugin Features: 2021 Review | Appsfomo,Read the full review of iThemes-Security-Pro. It is a widely-used security plugin for protecting hardened content for your WordPress website.,Ithemes Security Pro Review,ithemes security pro review
Wonder Slider,2995,,external,0,"Wonder Slider Plugin Features, reviews and Pricing | Appsfomo","Read the full review of Wonder-Slider. Wonder-Slider&#039;s a slider plugin for creating image, post and video sliders for your WordPress website.",Wonder Slider Review,wonder slider review
Superfly,2997,,external,0,"Superfly Plugin Features, reviews and Pricing | Appsfomo",Read the full review of plugin Superfly. Superfly is an easy to use WordPress menu plugin that can be used as a standalone navigation.,Superfly Review,superfly review
Easy Social Share Button,2999,,external,0,Easy Social Share Button Plugin - 2021 Review | Appsfomo,"Read the full review of Easy Social Share Button. One can increase shares, grow profile, increase clients, and drive tremendous traffic.",Easy Social Share Button Review,easy social share button review
Wordfence,3001,,external,0,"Wordfence Plugin Features, reviews and Pricing | Appsfomo",Read the full review of Wordfence. Wordfence is the security plugin that protects the security and privacy of the website.,Wordfence Review,wordfence review
Monarch,3003,,external,0,"Monarch Plugin Features, reviews and Pricing | Appsfomo",Monarch is a social media plugin with style which acts as a positive force for the business and the website.,Monarch Review,monarch review
Shield WordPress Security,3005,,external,0,Shield WordPress Security Features - 2021 Review | Appsfomo,Read the review of Shield Wordpress Security. One security plugin that defends and protects your WordPress sites against hackers and malicious bots,Shield WordPress Security Review,shield wordpress security review
Bookly,3007,,external,0,"Bookly Plugin Features, reviews and Pricing | Appsfomo",Read the review of Bookly. Bookly is the wordpress appointment booking plugin which comes under the calendars category.,Bookly Review,bookly review
Flow Flow,3009,,external,0,"Flow Flow Plugin Features, reviews and Pricing | Appsfomo",Flow Flow is premium social media plugin that serves as a great alternative to web services that charge monthly payment for similar options.,Flow Flow Review,flow flow review
Booki,3011,,external,0,"Booki Plugin Features, reviews and Pricing | Appsfomo",Read the review of Booki. Booki is the calendar plugin that allow us to manage our appointments and reservations online.,Booki Review,booki review
Social Media Feather,3013,,external,0,Social Media Feather Plugin - 2021 Review | Appsfomo,Read the full review of Social Media Feather. It is efficient in sharing profile buttons and icons for social media.,Social Media Feather Review,social media feather review
Layered Popups,3015,,external,0,"Layered Popups Plugin Features, reviews and Pricing | Appsfomo","Layered Popups is one of the fastest popup plugins. With this plugin, we can make our own customized and unique multi-layers animated popups.",Layered Popups Review,layered popups review
Social share buttons - social pug,3017,,external,0,Social Pug - WordPress Social Buttons Plugin | Appsfomo,Read the review of Social share buttons - social pug. Social share buttons from social pug are extremely flexible and customizable.,Social share buttons - social pug Review,social share buttons - social pug review
Realtyna,3019,,external,0,"Realtyna Plugin Features, reviews and Pricing | Appsfomo","Read the full review of Realtyna. It is a plugin for 2 major content management systems, Wordpress and Joomla.",Realtyna Review,realtyna review
ConvertPlus,3021,,external,0,"ConvertPlus Plugin Features, Reviews and Pricing | Appsfomo ",Read the full review of the plugin ConvertPlug. ConvertPlug allows us to build email list which is bigger and faster.,ConvertPlug,convertplug
Booked,3023,,external,0,"Booked Plugin Features, reviews and Pricing | Appsfomo",Booked is a simple appointment booking plugin that allows your visitors to purchase their appointments and checkout using checkout.,Booked Review,booked review
Roots Popups,3025,,external,0,"Roots Popups Plugin Features, Reviews and Pricing | Appsfomo ",Read the full review of plugin Roots Popups. Roots Popups plugin allows us to create customized popups for website.,Roots Popups,roots popups
Awesome Live Chat,3027,,external,0,"Awesome Live Chat Plugin Features, reviews and Pricing | Appsfomo",Read the full review of plugin Awesome Live Chat. It allows the website visitors to chat at the very moment with the support team,Awesome Live Chat Review,awesome live chat review
WP Simple Booking calendar,3029,,external,0,"WP Simple Booking calendar Plugin Features, reviews and Pricing | Appsfomo","WP Simple Booking calendar is a great availability calendar plugin for WordPress that is free, simple and powerful!",WP Simple Booking calendar Review,wp simple booking calendar review
Chat X,3031,,external,0,"Chat X Plugin Features, reviews and Pricing | Appsfomo",Chat X plugin allows us to start chatting with visitors who need help and it helps in speeding up customer support.,Chat X Review,chat x review
Web 2.0 Directory,3033,,external,0,"Web 2.0 Directory Plugin Features, Reviews and Pricing | Appsfomo ",Read the full review of plugin Web 2.0 Directory. Web 2.0 Directory Plugin allow users and developers to build a business.,Web 2.0 Directory,web 2.0 directory
EventOn,3035,,external,0,"EventOn Plugin Features, reviews and Pricing | Appsfomo","Read the full review of plugin EventOn. EventOn is one of the best event calendars with a beautifully crafted design, sleek tile layout.",EventOn Review,eventon review
Real Estate Pro,3037,,external,0,"Real Estate Pro Plugin Features, reviews and Pricing | Appsfomo",Read the full review of Real Estate Pro.Rel Estate Pro is a real estate plugin that allows agencies to run a real estate business with ease.,Real Estate Pro Review,real estate pro review
Ninja Popups,3039,,external,0,"Ninja Popups Plugin Features, reviews and Pricing | Appsfomo",Read the full review of the plugin Ninja Popups. Ninja Popups combines a professionally designed popups to convert visitors on your site.,Ninja Popups Review,ninja popups review
Estatik,3043,,external,0,"Estatik Plugin Features, reviews and Pricing | Appsfomo",Read the full review of the plugin Estatik. Estatik plugin helps to build an inspiring real estate site quickly and easily.,Estatik Review,estatik review
Easy Property Listing,3045,,external,0,Easy Property Listing Plugin Features and Pricing | Appsfomo,Read the full review of Easy Property Listings. Easy Property Listings is a real estate plugin to create innovative websites.,Easy Property Listing Review,easy property listing review
WordPress Live Chat Plugin,3047,,external,0,WordPress Live Chat Plugin Features - 2021 Review | Appsfomo,Read the review of the plugin. WordPress live chat plugin is a live plugin for your website that lets you chat with website visitors.,WordPress Live Chat Plugin Review,wordpress live chat plugin review
WP Flat Visual Chat,3049,,external,0,WP Flat Visual Chat Wordpress Plugin: 2021 Review | Appsfomo,Read the full review of plugin WP Flat Visual Chat. WP Flat Visual Chat provides a fast and elegant live chat support.,WP Flat Visual Chat Review,wp flat visual chat review
Templatera,3051,,external,0,"Templatera Plugin Features, reviews and Pricing | Appsfomo",Read the full review of Templatera. Templatera is the addon of Visual Composer and is a powerful template manager for Wordpress.,Templatera Review,templatera review
Interactive World Maps,3053,,external,0,Interactive World Maps Plugin - 2021 Review | Appsfomo,Read the full review of the plugin Interactive World Maps. It helps creating as many maps as we want with interactive and colored markers.,Interactive World Maps Review,interactive world maps review
WooCommerce Single Product Page Builder,3055,,external,0,WooCommerce Single Product Page Builder - Review | Appsfomo,Read the review of WooCommerce Single Product Page Builder. It is one of the addons of Visual composer and highly useful.,WooCommerce Single Product Page Builder Review,woocommerce single product page builder review
Visual Composer Clipboard,3057,,external,0,Visual Composer Clipboard Plugin - 2021 Review | Appsfomo,Read the full review of Visual Composer Clipboard. Visual composer clipboard add-on lets you copy and paste rows across pages.,Visual Composer Clipboard Review,visual composer clipboard review
Ultimate Addons for Visual Composer,3059,,external,0,Ultimate Addons for Visual Composer - 2021 Review | Appsfomo,Read the full review of Ultimate Addons for Visual Composer. Ultimate add-ons for Visual Composer is a best selling Visual Composer Add-on.,Ultimate Addons for Visual Composer Review,ultimate addons for visual composer review
Visual Composer Extensions Addon,3061,,external,0,Visual Composer Extensions Add-on - 2021 Review | Appsfomo,Read the full review of Visual Composer Extensions Addon. It has more than 80+ premium elements at your disposal.,Visual Composer Extensions Addon Review,visual composer extensions addon review
4k Icon Fonts for Visual Composer,3063,,external,0,4k Icon Fonts for Visual Composer - 2021 Review | Appsfomo,Read the full review of 4k Icon Fonts for Visual Composer. 4k Icon Fonts for Visual Composer is a short code add-on.,4k Icon Fonts for Visual Composer Review,4k icon fonts for visual composer review
Ultimate Tweaker,3065,,external,0,"Ultimate Tweaker Plugin Features, reviews and Pricing | Appsfomo","Read the full review of the plugin Ultimate Tweaker. Its admin menu tweaker allows to organize the menu, hide with firewall, etc.",Ultimate Tweaker Review,ultimate tweaker review
Akismet,3067,,external,0,"Akismet Plugin Features, reviews and Pricing | Appsfomo",Read the full review of the plugin Akismet. Akismet is the most used plugin to check your comments against the Akismet Web service.,Akismet Review,akismet review
WPML,3069,,external,0,"WPML Plugin Features, reviews and Pricing | Appsfomo","Read the full review of the plugin WPML. WPML plugin can translate pages, posts, custom types, taxonomy, menus and even the theme’s texts.",WPML Review,wpml review
Visual Composer Extensions Addon All in One,3071,,external,0,Visual Composer Extensions Addon - 2021 Review | Appsfomo,Read the review of Visual Composer Extensions Addon All in One. This plugin is the addon for Visual Composer Page Builder.,Visual Composer Extensions Addon All in One Review,visual composer extensions addon all in one review
Easy Tables,3073,,external,0,"Easy Tables Plugin Features, reviews and Pricing | Appsfomo",Read the full review of plugin Easy Tables. Easy Tables allows you to create tables with easy to use drag and drop interface.,Easy Tables Review,easy tables review
Javo,3075,,external,0,"Javo Theme Features, Reviews and Pricing | Appsfomo",Read the full review of the plugin Javo. Javo is the top rated directory theme with a variety of new features and addons.,Javo Theme Review,javo theme review
Massive Addons for Visual Composer,3077,,external,0,Massive Addons for Visual Composer - 2021 Review | Appsfomo,"Read the review of Massive Addons for Visual Composer. It lets you preset entire rows and columns, every shortcode, etc.",Massive Addons for Visual Composer Review,massive addons for visual composer review
DHVC form,3079,,external,0,"DHVC form Plugin Features, reviews and Pricing | Appsfomo",Read the full review of the plugin DHVC form. It is a unique plugin which allows you to create and manage form very easily.,DHVC form Review,dhvc form review
Woocommerce Products Layouts,3081,,external,0,Woocommerce Product Layouts Plugin - 2021 Review | Appsfomo,Read the full review of the plugin Woocommerce Products Layouts. DHVC Woocommerce Product allows you to create brands for your shop.,Woocommerce Products Layouts Review,woocommerce products layouts review
WP Rocket,3083,,external,0,"WP Rocket Plugin Features, reviews and Pricing | Appsfomo","Read the full review of the plugin WP Rocket. WP Rocket launches upon activation - minimal configuration, immediate results.",WP Rocket Review,wp rocket review
Anti-spam Pro,3085,,external,0,"Anti-spam Pro Plugin Features, reviews and Pricing | Appsfomo",Read the full review of Anti-spam Pro. Anti-spam Pro is a powerful plugin that blocks spam in the comments.,Anti-spam Pro Review,anti-spam pro review
W3 Total Cache,3087,,external,0,"W3 Total Cache Plugin Features, reviews and Pricing | Appsfomo",Read the full review of W3 Total Cache. W3 Total Cache improves the SEO and user experience by improving website performance.,W3 Total Cache Review,w3 total cache review
WP Fastest Cache,3089,,external,0,"WP Fastest Cache Plugin Features, reviews and Pricing | Appsfomo",Read the full review of the plugin WP Fastest Cache. It is a powerful plugin to create static HTML files from your dynamic WordPress blog.,WP Fastest Cache Review,wp fastest cache review
Comet Cache,3091,,external,0,"Comet Cache Plugin Features, reviews and Pricing | Appsfomo","Read the full review of the plugin Comet Cache. With Comet Cache, your pages can be generated in under a second.",Comet Cache Review,comet cache review
Anti-spam Bee,3095,,external,0,"Anti-spam Bee Plugin Features, reviews and Pricing | Appsfomo",Read the full review of the plugin Anti-spam Bee. Anti-spam Bee is an easy and extremely productive spam fighting plugin.,Anti-spam Bee Review,anti-spam bee review
CleanTalk,3099,,external,0,"CleanTalk Plugin Features, reviews and Pricing | Appsfomo",Read the full review of the plugin CleanTalk. CleanTalk is a powerful plugin to fight annoying spams and mails.,CleanTalk Review,cleantalk review
WPBruiser,3101,,external,0,"WPBruiser Plugin Features, reviews and Pricing | Appsfomo",Read the full review of the plugin WPBruiser. WPBruiser is an anti-spam and security plugin based on algorithms that identify spam bots.,WPBruiser Review,wpbruiser review
WP Cerber,3103,,external,0,"WP Cerber Plugin Features, reviews and Pricing | Appsfomo",Read the full review of WP Cerber. WP Cerber is a powerful plugin for securing your WordPress website against brute-force-attacks.,WP Cerber Review,wp cerber review
"WordPress, BuddyPress Users Chat Plugin",3105,,external,0,"WordPress, BuddyPress Users Chat - 2021 Review | Appsfomo","Read the full review of the plugin WordPress, BuddyPress Users Chat Plugin. It is a user based chat plugin for instant chatting.","WordPress, BuddyPress Users Chat Plugin Review","wordpress, buddypress users chat plugin review"
WooCommerce Amazon Affiliates,3107,,external,0,WooCommerce Amazon Affiliates Plugin- 2021 Review | Appsfomo,Read the full review of the plugin WooCommerce Amazon Affiliates. It is a creative plugin to choose products from any Amazon website.,WooCommerce Amazon Affiliates Review,woocommerce amazon affiliates review
Table Rate Shipping,3109,,external,0,Table Rate Shipping Plugin Features - 2021 Review | Appsfomo,Read the full review of the plugin Table Rate Shipping. It is a creative plugin having the ability to add multiple rates for a given customer,Table Rate Shipping Review,table rate shipping review
Woof,3111,,external,0,"Woof Plugin Features, reviews and Pricing | Appsfomo",Read the full review of the plugin Woof. Woof is a flexible plugin to allow your visitors make searching of products by its categories,Woof Review,woof review
WooCommerce Extra Product Options,3113,,external,0,WooCommerce Extra Product Option Wordpress Plugin | Appsfomo,Read the full review of the plugin WooCommerce Extra Product Options. It is a modern plugin to create priced product variations.,WooCommerce Extra Product Options Review,woocommerce extra product options review
WooCommerce Shipping Tracking,3115,,external,0,WooCommerce Shipping Tracking Plugin- 2021 Review | Appsfomo,Read the full review of the plugin WooCommerce Shipping Tracking. It is a unique plugin which lets the clients to easily track their orders.,WooCommerce Shipping Tracking Review,woocommerce shipping tracking review
WooCommerce Dynamic Pricing and Discounts,3117,,external,0,WooCommerce Dynamic Pricing and Discounts Plugin | Appsfomo,Read the full review of WooCommerce Dynamic Pricing and Discounts. It lets you manage product pricing rules and cart discounts.,WooCommerce Dynamic Pricing and Discounts Review,woocommerce dynamic pricing and discounts review
Hide My WP,3119,,external,0,"Hide My WP Plugin Features, reviews and Pricing | Appsfomo",Read the full review of Hide my WP. It is a powerful plugin used to collect and analyze anonymous data from the IDS database,Hide My WP Review,hide my wp review
Testimonials Showcase,3121,,external,0,"Testimonials Showcase Plugin Features, reviews and Pricing | Appsfomo","Read the full review of Testimonials Showcase. Testimonials Showcase is a powerful plugin to display testimonials, reviews in multiple ways",Testimonials Showcase Review,testimonials showcase review
Reviewer,3123,,external,0,"Reviewer Plugin Features, reviews and Pricing | Appsfomo",Read the full review of the plugin Reviewer. Reviewer allows us to insert reviews and comparison tables inside your WordPress blog.,Reviewer Review,reviewer review
Let's Review,3125,,external,0,"Let's Review Plugin Features, reviews and Pricing | Appsfomo",Read the full review of the plugin Let&#039;s Review. Let&#039;s Review is a modern plugin used to add criterias and reviews.,Let's Review Review,let's review review
Taqyeem,3127,,external,0,"Taqyeem Plugin Features, reviews and Pricing | Appsfomo",Read the full review of the plugin Taqyeem. Taqyeem is the premium plugin used for giving reviews and ratings.,Taqyeem Review,taqyeem review
Rating Form,3129,,external,0,"Rating Form Plugin Features, reviews and Pricing | Appsfomo",Read the full review of the plugin Rating Form. It is a unique plugin which helps to upload our desired shapes in it.,Rating Form Review,rating form review
Sidebar Widget Manager,3131,,external,0,Sidebar Widget Manager Plugin Features - Review | Appsfomo,Read the full review of the plugin Sidebar widget manager. Sidebar Widget Manager is a powerful plugin to have full control over layouts.,Sidebar Widget Manager Review,sidebar widget manager review
Custom Widget Areas for WordPress,3133,,external,0,Custom Widget Areas for WordPress Plugin Review | Appsfomo,Read the full review of the plugin Custom widget areas for wordpress. This plugin helps to create an unlimited number of Sidebars and widgets.,Custom Widget Areas for WordPress Review,custom widget areas for wordpress review
Widget Ninja,3135,,external,0,"Widget Ninja Plugin Features, reviews and Pricing | Appsfomo",Read the full review of the plugin widget ninja. Widget Ninja is powerful plugin to control widget visibility based on conditional tags,Widget Ninja Review,widget ninja review
Popping Sidebars and Widgets,3137,,external,0,Popping Sidebars and Widgets Plugin Review | Appsfomo,Read the full review of the plugin Popping sidebars and widgets. It is an easy to install plugin used for creating pop ups.,Popping Sidebars and Widgets Review,popping sidebars and widgets review
5sec Google Maps Pro,3139,,external,0,5sec Google Maps Wordpress Plugin - 2021 Review | Appsfomo,Read the full review of 5sec Google Maps Pro. It helps you in creating maps with multiple pins in just few seconds,5sec Google Maps Pro Review,5sec google maps pro review
Hero Maps Premium,3143,,external,0,"Hero Maps Premium Plugin Features, reviews and Pricing | Appsfomo",Read the full review of The Hero Maps. The Hero Maps Premium plugin allows for quick and easy Google Maps addition to your WordPress website.,Hero Maps Premium Review,hero maps premium review
UberMenu,3147,,external,0,"UberMenu Plugin Features, reviews and Pricing | Appsfomo","Read the full review of uber menu. UberMenu is a user-friendly, highly customizable, responsive Mega Menu WordPress plugin.",uber menu,uber menu
Hero Menu,3149,,external,0,"Hero Menu Plugin Features, reviews and Pricing | Appsfomo",Read the full review of Hero Menu. HeroMenu allows you to easily and intuitively create a slick and professional WordPress menu.,Hero Menu Review,hero menu review
Ajax Translator Revolution,3151,,external,0,Ajax Translator Revolution Plugin - 2021 Review | Appsfomo,Read the full review of translator plugin. Translator Revolution WordPress Plugin is a user-friendly translation plugin.,Ajax Translator Revolution Review,ajax translator revolution review
The Grid,3155,,external,0,"The Grid Plugin Features, reviews and Pricing | Appsfomo",The Grid is a premium wordpress grid plugin which allows you to show off any custom post types in a fully customized theme.,The Grid Review,the grid review
Instagram Feed,3157,,external,0,"Instagram Feed Plugin Features, reviews and Pricing | Appsfomo",Read the full review of Instagram feed. InstaShow is a premium WordPress Instagram feed for creating charming galleries.,Instagram Feed Review,instagram feed review
Elite Video Player,3159,,external,0,"Elite Video Player Plugin Features, reviews and Pricing | Appsfomo","Read the review of elite video player. Elite Video Player is modern, responsive, fully customisable high-end video player for WordPress.",Elite Video Player,elite video player
Wordpress Automatic Plugin,3161,,external,0,"Wordpress Automatic Plugin Plugin Features, reviews and Pricing | Appsfomo",Read the full review of the plugin. Wordpress Automatic Plugin posts from various sources to Wordpress automatically.,Wordpress Automatic Plugin Review,wordpress automatic plugin review
Scrapes,3163,,external,0,"Scrapes Plugin Features, reviews and Pricing | Appsfomo",Scrapes is a WordPress plugin that copies contents from a website to your WordPress website for once or multiple times.,Scrapes Review,scrapes review
Responsive flipbook,3165,,external,0,"Responsive flipbook Plugin Features, reviews and Pricing | Appsfomo",Read the full review of Responsive flipbook plugin. Responsive flipbook plugin helps to create any flipbook with ease.,Responsive flipbook Review,responsive flipbook review
Ajax Search Pro,3167,,external,0,"Ajax search pro Plugin Features, reviews and Pricing | Appsfomo",Ajax search pro replaces the WordPress search bar with a better looking and a more efficient search engine.,Ajax search pro,ajax search pro
Go Pricing,3169,,external,0,"Go Pricing Plugin Features, reviews and Pricing | Appsfomo",Read the full review of Go Pricing. Go Pricing makes it super easy to create WordPress pricing or compare tables.,Go Pricing Review,go pricing review
Advanced Google Maps,3171,,external,0,Advanced Google Maps Plugin - 2021 Review | Appsfomo,Read the full review of Advanced Google Maps Plugin for Wordpress which is the most advanced Google Maps plugin ever created.,Advanced Google Maps Review,advanced google maps review
Smart Image Compressor,3173,,external,0,Smart Image Compressor Plugin Reviews and Pricing | Appsfomo,Read the full review of Smart image compressor plugin which is very useful to compress all large size images in wordpress media.,Smart Image Compressor Review,smart image compressor review
WP Data Tables,3177,,external,0,"WP Data Tables Plugin Features, reviews and Pricing | Appsfomo","WP DataTables is a powerful responsive Tables, Spreadsheets and Charts Data Manager in a form of a WordPress Plugin.",WP Data Tables Review,wp data tables review
WP Cost Estimation,3179,,external,0,WP Cost Estimation Plugin Features - 2021 Review | Appsfomo,WP Cost estimation and Payments form builder helps us to easily sell any customized services and products creating our own calculator.,WP Cost Estimation Review,wp cost estimation review
WP Timeline,3181,,external,0,"WP Timeline Plugin Features, reviews and Pricing | Appsfomo","WP Timeline is a Wordpress plugin that helps you create and show a beautiful timeline, history, stories easily.",WP Timeline Review,wp timeline review
Content Egg,3183,,external,0,"Content Egg Plugin Features, reviews and Pricing | Appsfomo","Content Egg is all in one solution for creating profitable websites, affiliate websites, price comparison, deals and product reviews.",Content Egg Review,content egg review
White Label,3185,,external,0,"White Label Plugin Features, reviews and Pricing | Appsfomo",Alter the White Label Wordpress plugin lets you customize most of the elements of Wordpress admin dashboard or panel.,White Label Review,white label review
Essential Grid,3187,,external,0,"Essential Grid Plugin Features, reviews and Pricing | Appsfomo",Essential Grid is the grid building solution for wordpress that allows you to display various content formats in a highly customizable grid,Essential Grid Review,essential grid review
Master Slider,3189,,external,0,"Master Slider Plugin Features, reviews and Pricing | Appsfomo","Master Slider WordPress is a high quality image and content slider for WordPress, with super smooth hardware accelerated transitions.",Master Slider Review,master slider review
Kraken,3191,,external,0,"Kraken Plugin Features, reviews and Pricing | Appsfomo","Read the full review of Kraken. Through Kraken, all new image uploads will be automatically optimized on-the-fly.",Kraken Review,kraken review
Mega Menu,3193,,external,0,"Mega Menu Plugin Features, reviews and Pricing | Appsfomo",Read the reviews of Mega Menu which is the multi functional responsive wordpress menu plugin used worldwide.,Mega Menu Review,mega menu review
WordPress Real Media Library,3195,,external,0,"Wordpress Real Media Library Plugin Features, reviews and Pricing | Appsfomo",Wordpress real media Library is easy to use and it allows you to organize your thousands of images in folders.,Wordpress Real Media Library,wordpress real media library
Yellow Pencil,3197,,external,0,"Yellow Pencil Plugin Features, reviews and Pricing | Appsfomo",Yellow Pencil is a WordPress CSS style editor plugin which allows you edit the website design in real-time.,Yellow Pencil Review,yellow pencil review
Mini Go,3203,,external,0,"Mini Go Plugin Features, reviews and Pricing | Appsfomo",MiniGO plugin is all about being neutral and letting our under construction page shine through the background we choose.,Mini Go Review,mini go review
Image map pro,3205,,external,0,"Image map pro Plugin Features, reviews and Pricing | Appsfomo","Read the full review of Image Map Pro which comes with a fully featured web app to quickly create, edit and export your image maps.",Image map pro Review,image map pro review
Mailster,3207,,external,0,"Mailster Plugin Features, reviews and Pricing | Appsfomo",Read the full review of the plugin Mailster. Mailster is the powerful email newsletter plugin for wordpress.,Mailster Review,mailster review
Tube,3209,,external,0,"Tube Plugin Features, reviews and Pricing | Appsfomo",Read the full review of the plugin Tube. Tube is a powerful responsive video widget for Adobe Muse CC 15.2+.,Tube Review,tube review
Agile store locator,3211,,external,0,Agile store locator Plugin - 2021 Review | Appsfomo,Read the review of Agile store locator. Agile Store Locator is a Google Maps Plugin giving access to nearby stores.,Agile store locator Review,agile store locator review
Album Stripes,3215,,external,0,"Album Stripes Plugin Features, reviews and Pricing | Appsfomo",Read the full review of Album Stripes. Album stripes v1.5 is a powerful and unique gallery module for Gmedia plugin.,Album Stripes Review,album stripes review
Mycase,3217,,external,0,"Mycase Plugin Features, reviews and Pricing | Appsfomo",Read the review of Mycase Module for Prestashop which offers online phone cover customization to your customers.,Mycase Review,mycase review
Google Analytics E-commerce,3223,,external,0,Google Analytics E-commerce Plugin - 2021 Review | Appsfomo,Read the review of Google Analytics E-commerce Plugin,Google Analytics E-commerce Review,google analytics e-commerce review
Woo Commerce Recover Abandoned Cart,3225,,external,0,Woo Commerce Recover Abandoned Cart - 2021 Review | Appsfomo,Read the review of Woo Commerce Recover Abandoned Cart ,Woo Commerce Recover Abandoned Cart Review,woo commerce recover abandoned cart review
Popup Container adobe muse widget,3227,,external,0,Popup Container Wordpress Plugin - 2021 Review | Appsfomo,Read the review of Popup Container Wordpress Plugin,Popup Container adobe muse widget Review,popup container adobe muse widget review
Ultratabs Magento Extension,3229,,external,0,Ultratabs Magento Extension Plugin - 2021 Review | Appsfomo,Read the review of Ultratabs Magento Extension Plugin,Ultratabs Magento Extension Review,ultratabs magento extension review
Powerbanners,3233,,external,0,"Powerbanners Plugin Features, reviews and Pricing | Appsfomo",Read the review of Powerbanners,Powerbanners Review,powerbanners review
Wunderadmin,3235,,external,0,"Wunderadmin Plugin Features, reviews and Pricing | Appsfomo",Read the review of Wunderadmin,Wunderadmin Review,wunderadmin review
Magneto installer/duplicator,3239,,external,0,Magneto installer/duplicator Plugin - 2021 Review | Appsfomo,Read the review of Magneto installer/duplicator Plugin.,Magneto installer/duplicator Review,magneto installer/duplicator review
Newsletter popup for magneto,3241,,external,0,"Newsletter popup for magneto Plugin Features, reviews and Pricing | Appsfomo",Read the review of Newsletter popup for magneto.,Newsletter popup for magneto Review,newsletter popup for magneto review
Theme X,3291,,external,0,"Theme X Theme Features, Reviews and Pricing | Appsfomo",Read X theme review which helps to create a wordpress website without coding through drag and drop.,Theme X Theme Review,theme x theme review
Newspaper,3293,,external,0,"newspaper Avada Theme Features, Reviews and Pricing | Appsfomo","Read the full review of the theme newspaper. Newspaper is the excellent and unique theme for news, magazines, review sites.",Newspaper Theme Review,newspaper theme review
The7,3297,,external,0,"The 7 Theme Features, Reviews and Pricing | Appsfomo",Read the full review of theme the7. The7 is the most customizable wordpress theme used for finance and business.,The7 Theme Review,the7 theme review
Sage,3299,,external,0,"Sage Theme Features, Reviews and Pricing | Appsfomo","Read the full review of the sage theme. Sage is the powerful theme for cafes, restaurants, bistros and other eatery business.",Sage Theme Review,sage theme review
Jupiter,3301,,external,0,"jupiter Theme Features, Reviews and Pricing | Appsfomo",Read the full review of jupiter theme. Jupiter is the fastest and lightest wordpress theme used for various purposes.,Jupiter Theme Review,jupiter theme review
Dreamvilla,3305,,external,0,"Dreamvilla Theme - Reviews, feature and Pricing | Appsfomo",Read the full review of dreamvilla. Dreamvilla is a multi-property wordpress theme for real estate websites.,Dreamvilla,dreamvilla
Publisher,3307,,external,0,"Publisher Theme - Features, Reviews and Pricing | Appsfomo","Read the full review of publisher theme. Publisher is the clean theme for news website, magazine and personal blogs.",Publisher Theme Review,publisher theme review
Rehub,3309,,external,0,"Rehub Theme Features, Reviews and Pricing | Appsfomo",Read the full review of rehub theme. Rehub is the modern and hybrid theme for business and profitable websites.,Rehub Theme Review,rehub theme review
Photography,3311,,external,0,"Photography Theme Features, Reviews and Pricing | Appsfomo",Read the full review of the theme photography. Photography is a clean and minimal theme for portfolio websites.,Photography Theme Review,photography theme review
Eduma,3313,,external,0,"Eduma Theme Features, Reviews and Pricing | Appsfomo",Read the full review of the eduma theme. Eduma is a creative and unique wordpress theme for education and e learning.,Eduma Theme Review,eduma theme review
Buzzler,3315,,external,0,"Buzzler Theme Features, Reviews and Pricing | Appsfomo","Read the full review of the theme buzzler. Buzzler is a premium wordpress theme used for directory, listing and finance.",Buzzler Theme Review,buzzler theme review
Listify,3317,,external,0,"listify Theme Features, Reviews and Pricing | Appsfomo",Read the full review of the theme listify. Listify is the wordpress directory themes and software for earning quick revenue.,Listify Theme Review,listify theme review
Kleo,3319,,external,0,"Kleo Theme Features, Reviews and Pricing | Appsfomo","Read the full review of the theme Kleo. Kleo is the best selling buddypress integrated theme for business, portfolio websites.",Kleo Theme Review,kleo theme review
Consulting,3321,,external,0,"Consulting Theme Features, Reviews and Pricing | Appsfomo",Read the full review of the theme consulting. Consulting is the premium wordpress theme used for business and finance.,Consulting Theme Review,consulting theme review
WordPress Project Bidding : Sitemile,3323,,external,0,Sitemile Wordpress Theme Features- 2021 Review | Appsfomo,Read the full review of WordPress Project Bidding : Sitemile. It is the hybrid theme by Sitemille to create a free lancing website.,WordPress Project Bidding : Sitemile Theme Review,wordpress project bidding : sitemile theme review
Enfold,3325,,external,0,"Enfold Theme Features, Reviews and Pricing | Appsfomo",Read the full review of Enfold.,Enfold Theme Review,enfold theme review
Be Theme,3327,,external,0,"Be Theme Features, Reviews and Pricing | Appsfomo",Read the full review of Be Theme. Be Theme is fully responsive multipurpose theme with 240+ pre built websites.,Be Theme Theme Review,be theme theme review
Walleto,3329,,external,0,"Walleto Theme Features, Reviews and Pricing | Appsfomo",Read the full review of the theme Walleto. Walleto is a premium wordpress marketplace theme to launch a marketplace website.,Walleto Theme Review,walleto theme review
Makery,3331,,external,0,"Makery Theme Features, Reviews and Pricing | Appsfomo",Read the full review of makery theme. Makery is the perfect wordpress theme used for marketplace and e-commerce websites.,Makery Theme Review,makery theme review
Jobify,3333,,external,0,"Jobify Theme Features, Reviews and Pricing | Appsfomo",Read the full review of the theme jobify. Jobify is the creative and unique wordpress theme for building job boards.,Jobify Theme Review,jobify theme review
Listable,3335,,external,0,"Listable Theme Features, Reviews and Pricing | Appsfomo",Read the full review of the theme listable. Listable is the listing and directory theme used to monetize a local or global site.,Listable Theme Review,listable theme review
Motors,3337,,external,0,"Motors Theme Features, Reviews and Pricing | Appsfomo","Read the full review of motors theme. Motors is the unique wordpress theme for auto motives, cars, dealerships, etc.",Motors Theme Review,motors theme review
WYZI- Business Finder,3341,,external,0,WYZI Business Finder Theme Features - 2021 Review | Appsfomo,Read the full review of WYZI Business Finder theme. WYZI is a multi-store directory theme used for social business and services.,WYZI- Business Finder Theme Review,wyzi- business finder theme review
Real Places,3343,,external,0,"Real Places Theme Features, Reviews and Pricing | Appsfomo",Read the full review of Real Places. Real Places is a purpose oriented wordpress theme used for real estate websites.,Real Places Theme Review,real places theme review
ApartmentWP,3345,,external,0,"ApartmentWP Theme Features, Reviews and Pricing | Appsfomo",Read the full review of the theme ApartmentWP. ApartmentWP is a creative and modern wordpress theme for real estate and property websites.,ApartmentWP Theme Review,apartmentwp theme review
Full House,3347,,external,0,"Full House Theme Features, Reviews and Pricing | Appsfomo",Read the full review of Full House theme. Full House is the SEO friendly theme for real estate and property websites.,Full House Theme Review,full house theme review
Residence,3349,,external,0,"Residence Theme Features, Reviews and Pricing | Appsfomo",Read the full review of the residence theme. Residence is the premium and flexible wordpress theme for real estate websites.,Residence Theme Review,residence theme review
WP Rentals,3351,,external,0,"WP Rentals Theme Features, Reviews and Pricing | Appsfomo",Read the full review of WP Rentals. WP Rentals is the powerful wordpress theme used for booking accommodations.,WP Rentals Theme Review,wp rentals theme review
Real Homes,3353,,external,0,"Real Homes Theme Features, Reviews and Pricing | Appsfomo",Read the full review of Real Homes. Real Homes is the handcrafted wordpress theme for real estate and building websites.,Real Homes Theme Review,real homes theme review
ROSA,3355,,external,0,"ROSA Theme Features, Reviews and Pricing | Appsfomo",Read the full review of the theme ROSA. ROSA is a daring wordpress theme used by restaurant and culinary owners.,ROSA Theme Review,rosa theme review
Pronto,3357,,external,0,"Pronto Theme Features, Reviews and Pricing | Appsfomo",Read the full review of the theme Pronto. Pronto is the fully responsive theme to create restaurant and event websites.,Pronto Theme Review,pronto theme review
Business Finder,3359,,external,0,"Business Finder Theme Features, Reviews and Pricing | Appsfomo",Read the full review of Business Finder. Business Finder is a unique directory wordpress theme to create listings.,Business Finder Theme Review,business finder theme review
Sweet Date,3361,,external,0,"sweet date Theme Features, Reviews and Pricing | Appsfomo",Read the full review of the theme sweet-date. Sweet date is the unique wordpress theme for dating and community website.,Sweet Date Theme Review,sweet date theme review
Mingle,3363,,external,0,"Mingle Theme Features, Reviews and Pricing | Appsfomo",Read the full review of Mingle theme. Mingle is the intuitive and buddyPress integrated wordpress theme to control the design of website.,Mingle Theme Review,mingle theme review
Woffice,3365,,external,0,"Woffice Theme Features, Reviews and Pricing | Appsfomo",Read the full review of the theme Woffice. Woffice is a powerful intranet/extranet theme for business and government purposes.,Woffice Theme Review,woffice theme review
Buddy,3367,,external,0,"buddy Theme Features, Reviews and Pricing | Appsfomo",Read the full review of Buddy. Buddy is a light weight and multi purpose theme used for business and corporate sites.,Buddy Theme Review,buddy theme review
Socialize,3369,,external,0,"Socialize Theme Features, Reviews and Pricing | Appsfomo","Read the full review of Socialize. Socialize is a multi purpose, BuddyPress integrated theme for building social networks.",Socialize Theme Review,socialize theme review
WPLMS,3371,,external,0,"WPLMS Theme Features, Reviews and Pricing | Appsfomo","Read the full review of the theme WPLMS. WPLMS is a Learning Management System for WordPress and academies, schools, etc.",WPLMS Theme Review,wplms theme review
EducationPress,3373,,external,0,"EducationPress Theme Features, Reviews and Pricing | Appsfomo","Read the full review of the theme EducationPress. EducationPress theme is highly suitable for colleges, universities, coaching, academies.",EducationPress Theme Review,educationpress theme review
Academy,3375,,external,0,"Academy Theme Features, Reviews and Pricing | Appsfomo",Read the full review of the theme Academy. Academy is a perfect theme for sharing and selling the knowledge online.,Academy Theme Review,academy theme review
University,3377,,external,0,"University Theme Features, Reviews and Pricing | Appsfomo","Read the full review of the theme University. University WordPress theme is great for Education Institute, Events, Courses, etc.",University Theme Review,university theme review
LMS,3379,,external,0,"LMS Theme Features, Reviews and Pricing | Appsfomo",Read the full review of the theme LMS. LMS is a Powerful Learning management system WordPress theme which provides awesome features.,LMS Theme Review,lms theme review
Porto,3381,,external,0,"Porto Theme Features, Reviews and Pricing | Appsfomo",Read the full reviews of Porto Theme. Porto is one of the best business plus e-commerce themes to be used in market.,Porto Theme Review,porto theme review
Blaszok,3383,,external,0,"Blaszok Theme Features, Reviews and Pricing | Appsfomo",Read the full review of the theme Blaszok. Blaszok is a responsive and retina ready business plus e-commerce theme.,Blaszok Theme Review,blaszok theme review
Atelier,3387,,external,0,"Atelier Theme Features, Reviews and Pricing | Appsfomo",Read the full review of the theme atelier. Atelier is a creative multi-purpose e-commerce theme which is tested across desktop browsers.,Atelier Theme Review,atelier theme review
Oxygen,3389,,external,0,"Oxygen Theme Features, Reviews and Pricing | Appsfomo","Read the full review of the theme Oxygen. Oxygen is a Woo Commerce business theme, built exclusively for online shopping.",Oxygen Theme Review,oxygen theme review
Flatsome,3391,,external,0,"Flatsome Theme Features, Reviews and Pricing | Appsfomo",Read the full review of Flatsome. Flatsome is a Multi-Purpose Responsive WordPress WooCommerce Theme with incredible User Experience.,Flatsome Theme Review,flatsome theme review
Shopkeeper,3393,,external,0,"Shopkeeper Theme Features, Reviews and Pricing | Appsfomo",Read the full review of the theme shopkeeper. Shopkeeper is a fully responsive Premium Woo Commerce Theme for e-commerce.,Shopkeeper Theme Review,shopkeeper theme review
The Retailer,3395,,external,0,"The Retailer Theme Features, Reviews and Pricing | Appsfomo",Read the full review of the theme The Retailer. The Retailer is a Top Selling Premium WordPress e-Commerce Theme.,The Retailer Theme Review,the retailer theme review
Job Career,3397,,external,0,"Job career Theme Features, Reviews and Pricing | Appsfomo",Job Career theme is a complete Job Board WordPress theme that allows you to create a useful and easy to use job listings website.,Job Career Theme Review,job career theme review
Fable,3399,,external,0,"Fable Theme Features, Reviews and Pricing | Appsfomo",Fable – Children Kindergarten WordPress Theme is a responsive WordPress Theme best suitable for kindergarten.,Fable Theme Review,fable theme review
Karma,3403,,external,0,"Karma Theme Features, Reviews and Pricing | Appsfomo",Read the full review of Karma theme. Karma is an exceptional wordpress theme used for corporate and business purposes.,Karma Theme Review,karma theme review
uDesign,3405,,external,0,"uDesign Theme Features, Reviews and Pricing | Appsfomo",Read the full review of uDesign theme. Udesign is the powerful and user friendly designing theme for all people.,uDesign Theme Review,udesign theme review
Home Villas,3407,,external,0,"Home Villas Theme Features, Reviews and Pricing | Appsfomo",Read the full review of Home Villas. Home Villas is a Real Estate responsive WordPress theme specially built for property business.,Home Villas Theme Review,home villas theme review
Sahifa,3409,,external,0,"Sahifa Theme Features, Reviews and Pricing | Appsfomo","Read the full review of Sahifa theme. Sahifa News Theme is a clean, modern, user friendly newspaper and blog theme.",Sahifa Theme Review,sahifa theme review
Gonzo,3411,,external,0,"Gonzo Theme Features, Reviews and Pricing | Appsfomo",Read the full review of Gonzo theme. Gonzo is built with semantic HTML5/CSS3 and is the magazine and newspaper theme.,Gonzo Theme Review,gonzo theme review
Modesto,3413,,external,0,"Modesto Theme Features, Reviews and Pricing | Appsfomo","Read the review of Modesto. Modesto is the creative wordpress theme which is suitable for agency, portfolio &amp; photographers.",Modesto Theme Review,modesto theme review
Joker,3415,,external,0,"Joker Theme - Features, Reviews and Pricing | Appsfomo",Read the full review of Joker theme. Joker is a professionally made photo and video Wordpress theme.,Joker Theme Review,joker theme review
Preschool,3417,,external,0,"Preschool Theme Features, Reviews and Pricing | Appsfomo",Preschool is a versatile and multi-purpose WordPress theme that has been developed with scholastics at heart.,Preschool Theme Review,preschool theme review
EduCare,3419,,external,0,"Educare Theme Features, Reviews and Pricing | Appsfomo",Read the full review of theme Educare. Educare is the powerful and creative Education theme for WordPress websites.,EduCare Theme Review,educare theme review
Universh,3421,,external,0,"Universh Theme Features, Reviews and Pricing | Appsfomo",Read the full review of Universh Theme,Universh Theme Review,universh theme review
Falcons,3428,,external,0,"Falcons Theme Features, Reviews and Pricing | Appsfomo",Read the full review of Falcons. Falcons is the ideal solution for launching your Lawyers Directory and Law Firms Listing.,Falcons Theme Review,falcons theme review
Thrive,3430,,external,0,"Thrive Theme Features, Reviews and Pricing | Appsfomo",Read the review of Thrive.Thrive has been designed as the ultimate foundation for your collaborative online community.,Thrive Theme Review,thrive theme review
NRGNetwork,3433,,external,0,"NRGNetwork Theme Features, Reviews and Pricing | Appsfomo",NRGNetwork is a responsive and modern social network WordPress theme allowing you to create your very own social network website in minutes.,NRGNetwork Theme Review,nrgnetwork theme review
Geeklove,3435,,external,0,"GeekLove Theme Features, Reviews and Pricing | Appsfomo","Read the full review of GeekLove. GeekLove is a beautiful, clean, minimal and responsive WordPress theme for wedding.",Geeklove Theme Review,geeklove theme review
Aimer,3439,,external,0,"Aimer Theme Features, Reviews and Pricing | Appsfomo","Read the review of Aimer. Aimer is a beautiful, unique and elegant theme made for ones who want to turn their love into marriage.",Aimer,aimer
Crown,3441,,external,0,"Crown Theme - Features, Reviews and Pricing | Appsfomo",Crown theme is the app showcase multipurpose theme built with the availability of a variety of the latest features.,Crown Theme Review,crown theme review
MediCenter,3443,,external,0,"MediCenter Theme - Features, Reviews and Pricing | Appsfomo","MediCenter is a responsive Medical WordPress which is most suitable for doctors, health clinics, hospitals and medical organizations.",MediCenter Theme Review,medicenter theme review
MaxHost,3445,,external,0,"Maxhost Theme Features, Reviews and Pricing | Appsfomo",Read the review of theme Maxhost. Maxhost is a well designed professional web hosting and corporate business wordpress theme.,MaxHost Theme Review,maxhost theme review
MedicalPress,3447,,external,0,"MedicalPress Theme Features, Reviews and Pricing | Appsfomo",Read the review of theme MedicalPress. MedicalPress is a handcrafted wordPress theme for Health and Medical industry.,MedicalPress Theme Review,medicalpress theme review
Spa Lab,3451,,external,0,"Spa Lab Theme Features, Reviews and Pricing | Appsfomo","Read the review of Spa Lab. Spa Lab is a hand crafted beauty salon WordPress theme for all hair salons, wellness centre, etc.",Spa Lab Theme Review,spa lab theme review
Tour Package,3453,,external,0,"Tour Package Theme Features, Reviews and Pricing | Appsfomo",Read the full review of plugin Tour Package. Tour Package is a Wordpress theme especially for travel company and booking.,Tour Package Theme Review,tour package theme review
Traveler,3455,,external,0,"Traveler Theme Features, Reviews and Pricing | Appsfomo",Read the full review of Traveler. Traveler is a Travel Management booking system for WordPress.,Traveler Theme Review,traveler theme review
Travelo,3457,,external,0,"Travelo Theme - Features, Reviews and Pricing | Appsfomo",Travelo – Travel/Tour Booking Wordpress Theme is one of the best Hotel and Tour booking theme in the world.,Travelo Theme Review,travelo theme review
Trendy Travel,3459,,external,0,"Trendy Travel Theme Features, Reviews and Pricing | Appsfomo","Read the full review of Trendy Travel. Trendy Travel theme is for all the services related to tourism such as hotels, resorts, etc.",Trendy Travel Theme Review,trendy travel theme review
Nation Hotel,3461,,external,0,"Nation Hotel Theme Features, Reviews and Pricing | Appsfomo","Read the full review of Nation Hotel. Nation Hotel is a hotel booking, user friendly and poweful theme for beginners.",Nation Hotel Theme Review,nation hotel theme review
Bellevue,3465,,external,0,"Bellevue Theme - Reviews, Features and Pricing | Appsfomo",Read the full review of Bellevue. Bellevue WordPress theme will help you simplify and automate the booking process.,Bellevue Theme Review,bellevue theme review
Avada,3580,,external,0,"Avada Theme Features, Reviews and Pricing | Appsfomo",Read the full review of Avada. Avada is the powerful wordpress theme used for Design Anything Build Everything.,Avada Theme Review,avada theme review
Yoast SEO,3583,,external,0,"Yoast SEO Plugin Features, reviews and Pricing | Appsfomo","Yoast SEO plugin features and benefits
Optimize for keywords, keyphrases and synonyms, related keywords and all word forms.",Yoast SEO Review,yoast seo review
Cloudflare,6206,,external,0,"Cloudflare : Reviews, Features and Pricing | Appsfomo","Cloudflare discovers the geolocation of the visitors and directs them to its nearest data center. A site utilizing Cloudflare loads two times faster, uses 60% less bandwidth, has 65% fewer requests and is more secure.",Cloudflare review,cloudflare review
cPanel,6255,,external,0,"cPanel: Performance Review, Features and Pricing | Apssfomo",CPanel is a user interface for customizing and making changes to your hosting account. CPanel is a Linux-based control panel that provides users with a range of components on their website.,cPanel review,cpanel review
BunnyCDN,6408,,external,0,"BunnyCDN : Reviews, Features and Pricing | Appsfomo","BunnyCDN is a fast yet economical CDN service based out of Slovenia. It&#039;s configured over 50,000 pull zones and also delivers over 40,000 TB well worth of data on a monthly basis. It gives a number of various CDN remedies.",BunnyCDN review,bunnycdn review
SiteGround,6419,,external,0,"SiteGround: Reviews, Pricing Plans and more | Appsfomo","SiteGround is a website hosting provider crafted for easy website management, There are powerful in-house features in Siteground that makes your website faster and safe.
SiteGround servicing more than 2,000,000 domains worldwide. Siteground  provides shared hosting, cloud hosting and enterprise solutions as well as email hosting and domain registration services.",SiteGround review,siteground review
Bluehost,6427,,external,0,"Bluehost: Reviews, Pricing Plans and more | Appsfomo","With the most affordable plans, Bluehost supplies your site with a free SSL certificate. You also get access to great functions like a complimentary CDN (Cloudflare), a one-click WordPress set up, multiple CMS combinations, and extra e-commerce plugins.",Bluehost review,bluehost review
Plesk,6488,,external,0,"Plesk: Performance Review, Features and Pricing | Apssfomo",Plesk was founded in early 2001. Plesk is a commercial webhosting and also web server information center automation software with a control board established for Linux as well as Windows-based retail hosting provider.,Plesk review,plesk review
Plutio,6537,,external,0,Plutio : Project Management Tool Review | Appsfomo,"All-in-one service management platform made for consultants and also local business. From jobs and also tasks to time monitoring as well as invoicing, everything you need in one user-friendly platform. ",Plutio review,plutio review
CiuisCRM,6622,,external,0,CiuisCRM : #1 CRM for Small Businesses Full Review | Appsfomo,Read the full review of CiuisCRM : #1 CRM for Small Businesses.,CiuisCRM review,ciuiscrm review
Mailchimp,6645,,external,0,Mailchimp: Email Marketing Tool | AppsFomo,"Mailchimp is typically the very first newsletter tool that comes to mind, perhaps due to the fact that they have excellent marketing and a lovely visual interface. Mailchimp's all-in-one Web marketing Platform assists small businesses market more effective so you can grow quicker. When it comes to your consumer",Mailchimp review,mailchimp review
SendGrid,6938,,external,0,SendGrid: Email Marketing Tool Review | Appsfomo,"SendGrid is a cloud-based SMTP carrier that enables you to send e-mail without having to preserve email web servers. SendGrid handles all of the technical details, from scaling the facilities to ISP outreach",SendGrid review,sendgrid review
Hestia,8302,,external,0,"Hestia Theme Features, Reviews and Pricing | Appsfomo","Hestia is a popular WordPress theme established by ThemeIsle. It is a one-page style with large modification functions, developed with page builder compatibility in mind. ",Hestia Theme Review,hestia theme review
OceanWP,8314,8314,external,0,OceanWP: Highly Customizable Wordpress Theme Review | Appsfomo,"Out of package OceanWP is Responsive, Fast and also extremely Customizable WordPress themes with great deal of fantastic performance, and a collection of totally free plugins.",oceanwp,oceanwp
ShopIsle,8336,,external,0,"ShopIsle Theme Features, Reviews and Pricing | Appsfomo","ShopIsle Pro is a costs WooCommerce WordPress theme appropriate for on-line product shops. It is coded and launched by people at ThemeIsle that understands whatever regarding best WordPress coding. This motif needs to be adjusted by every one who is believing to release internet store to sell fabrics, and also other items items.",Shopisle Theme Review,shopisle theme review
BetterDocs,8340,,external,0,"BetterDocs Plugin Features, reviews and Pricing | Appsfomo",BetterDocs will help you to produce &amp; arrange your documentation page in a beautiful way that will certainly make your site visitors locate any type of assistance article conveniently. ,Betterdocs Review,betterdocs review
Generatepress,8345,,external,0,Generatepress: Lighting Fast Wordpress Theme | AppsFomo,"GeneratePress is a fast loading multi-purpose WordPress theme. GeneratePress has an emphasis on efficiency, the site that you build will be fast as a base.",generatepress theme review,generatepress theme review
Neve,8371,,external,0,Neve : Super fast Wordpress Theme - 2021 Review | Appsfomo,"Neve is an incredibly quickly, easily customizable, multi-purpose motif. It's perfect for blogs, local business, start-ups, firms, companies, shopping shops in addition to personal portfolio sites and also most types of tasks.",neve theme review,neve theme review
Zelle (Zerif),8379,,external,0,Zelle: Multipurpose WordPress Theme - 2021 Review | Appsfomo,"Zelle theme available in two variations, Zelle Lite which is the free version of the style and also Zelle Pro the paid version with added features. Zelle is created by ThemeIsle, a premium WordPress Theme store.",zelle theme review,zelle theme review
Flexia,8393,,external,0,Flexia: The Flexible WordPress Theme - 2021 Review | Appsfomo,Flexia is a modern light-weight and flexible Gutenberg all set style for WordPress with endless personalization alternatives. Lightweight as well as highly extendable with Customizer and also child Theme. ,flexia theme review,flexia theme review
Kadence,8405,,external,0,Kadence: Gutenberg Based Modern Wordpress theme | Appsfomo,"Kadence is simple, effective, and lightweight WordPress theme is rather hard. Among the new developers on the block now, Kadence is the most popular and trending WordPress theme.",kadence theme,kadence theme
Imagely,8509,,external,0,Imagely: Photographic WordPress Theme - 2021 Review | Appsfomo,"Imagely is package of 19 theme  design, If you brought imagely package you can use any of these themes. Imagely offers you the full width home page, without any distraction like adding menu, content etc.",Imagely theme review,imagely theme review
Brizy,9234,,external,0,Brizy : Next-gen website builder - 2021 Review | Appsfomo,"Brizy is built on React, the open source Javascript libraries developed by Facebook. So it gives real time editing option, drag and drop anything on the screen features. any non-techies can use this builder to build a website.",brizy review,brizy review
SEOPress,9530,,external,0,"SEOPress Plugin Features, reviews and Pricing | Appsfomo",SEOPress is a WordPress plugin designed to produce search engine related settings. The plugin tries to gather all the essential parts of Search Engine Optimization and also arrange them right into a series of menus inside one plugin.,"SEOPress Review,SEOPress Pro Overview,SEOPRess","seopress review,seopress pro overview,seopress"
Elementor Pro,9862,,external,0,"Elementor Pro Plugin Features, reviews and Pricing | Appsfomo","Elementor Pro is an add-on to the free version of elementor page builder it will give extra features to design advanced custom layout and templates for the websites. With the help of Dynamic content, you can create a custom layout for woocommerce related pages and products.","Elementor Pro,Page Builder,Elementor Pro Review","elementor pro,page builder,elementor pro review"
LearnDash,9880,,external,0,"LearnDash Plugin Features, reviews and Pricing 2021 | Appsfomo","LearnDash is a well-known plugin to create any kind of online courses, User can create there own Learning management system (LMS) using this.","LMS,LearnDash,Course,Lessons,Quiz","lms,learndash,course,lessons,quiz"
Caldera Forms,9895,,external,0,"Caldera Form Plugin Features, reviews and Pricing 2021 | Appsfomo","Caldera From gives the most powerful visual editor that makes your task simpler and easier to create forms, from the simple contact form to credit card payment form you can create using Calder Forms.","Caldera Forms,Responsive Form,Form Builder","caldera forms,responsive form,form builder"
StackSocial,9904,,external,0,Stacksocial Deals Marketplace Review | Appsfomo,"StackSocial is a deal platform that offers pretty much everything from SAAs applications to courses, gadgets, stuff for everyday use, and much more. Stack social founded in 2011 by Josh Payne.",stacksocial deals review,stacksocial deals review
AppSumo,9911,,external,0,Appsfomo Deals Marketplace Review | Appsfomo,"AppSumo is a daily offers site for electronically distributed products and on the internet services.AppSumo was founded in March 2010 by Noah Kagan.
Initially, Sumo concentrated only on digital devices, such as SAAS applications that supplied life time deals (LTD&#039;s).","Appsumo,Review2021,Deals Platform","appsumo,review2021,deals platform"
Shortpixel,9936,,external,0,"Shortpixel Optimize Plugin Features, reviews and Pricing 2021 | Appsfomo","If your website loading time is less that will help to get more traffic to your website and push in the SEO ranking, and visitors also don&#039;t need to spend time while loading itself. To reduce the loading time of your website image optimization is must require. This is the easiest way to get loading time down.
","ShortPixel,Image optimization,compressor","shortpixel,image optimization,compressor"
Saastronaut Life,9944,,external,0,Saastronaut Life Community | Facebook Group | Appsfomo,"Saastronaut Life - Saastronautics Community is the FaceBook community group where people are going to post about the exclusive deals, tech updates, any offers, even some time any issues they found.","Saastronaut Life,Facebook Groups,Saasgroups","saastronaut life,facebook groups,saasgroups"
SaaS Master,9948,,external,0,SaaS Master Lifetime Deals - Facebook Group | Appsfomo,"SaaS Master Lifetime Deals and WordPress TALK is a FaceBook group, where you can discuss Saas applications, new LTD's, new updates in WordPress, the latest news in plugins, and many more WordPress and Saas related topics.","Facebook froups,Deals group,SaasMaster","facebook froups,deals group,saasmaster"
WP Fluent Forms,10007,,external,0,"Fluent Forms Plugin Features, reviews and Pricing 2021 | Appsfomo",Fluent Form is the better form builder for beginners with there unique features in the free version you can build any number of forms on your site.,"Fluent Forms,form builder wordpress","fluent forms,form builder wordpress"
Ora,10059,,external,0,Ora : Project Management Tool Review | Appsfomo,"An all-in-one real-time work space for teams. It has whatever your team might need to be efficient. Project &amp; task management, kanban, scrum, time tracking, chat and more.","task management tool,Ora,Ora review","task management tool,ora,ora review"
Glorify,10060,,external,0,Glorify |Design &amp; Collaboration Tool Review | Appsfomo,Glorify is a contemporary age design device that is produced just for eCommerce company owner and on the internet business owners that intend to put the decent items out on the planet through the net.,"glorify,Design and Graphics,Template","glorify,design and graphics,template"
Trello,10061,,external,0,Trello: Project Management Tool Review | Appsfomo,"Trello is a job administration tool created to aid individuals and also groups to team up much better and also keep their jobs organized. They offer a freemium model that lets individuals work with a limitless number of boards, checklists, and cards.","task management tool,Team member,Trello,trello review","task management tool,team member,trello,trello review"
Crello,10062,,external,0,Crello |Design &amp; Collaboration Tool Review | Appsfomo,Crello is a graphic and video clip design software program that aids everyone to build professional-looking styles in nearly a couple of clicks making use of prefabricated developer themes or makes styles from scrape using several design devices as well as outlines.,"Design and Graphics,Template,Crello","design and graphics,template,crello"
WP Security Ninja,10082,,external,0,Security Ninja: Wordpress Security - 2021 Review | Appsfomo,"WP Security Ninja is one of the kinds of security plugin you can use this to detect any holes or weak points in the website. Security Ninja comes in the free version as well as the pro version, first, it was in codecanyone then moved to wordpress.org.","Wp Security Ninja,Security,Malware,protection","wp security ninja,security,malware,protection"
All-in-One WP Migration,10114,,external,0,All In one WP Migration Plugin - 2021 Review | Appsfomo,"All in Wp Migration plugin is the most essential plugin to move your site from local to server or server to server or server to local, without doing any settings you can take a backup of all files, plugins, theme, database in one single zip.","All in one Wp Migration,EXport,Import,Backup and Migration","all in one wp migration,export,import,backup and migration"
SpinRewriter,10216,,external,0,SpinRewriter : Content Spinning Tool Review | Appsfomo,Read the full review of SpinRewriter. The best Content Spinning Tool,"SpinRewriter : Content spinning tool,Rewriter,Spinning","spinrewriter : content spinning tool,rewriter,spinning"
TexAu,10260,,external,0,TexAu: Automation App Review | Appsfomo,TexAu is an automation tool that automatically scrapes leads from across the social media platforms and makes easier to connect them and gives the option to maintain day to day task in there CRM. With the help of TexAu you can save a lot of money and time that you are spending to get leads.,"TexAu,Automationtool,Spices,Recipes,Proxy","texau,automationtool,spices,recipes,proxy"
Amelia,10281,,external,0,"Amelia Plugin Features, reviews and Pricing 2021 | Appsfomo","Amelia is an event and appointment booking plugin that allows you to create a fully functional, design-oriented booking system for your WordPress site. It is developed based on enterprise-level of technology hence any of your team members can log in to the system and can maintain the bookings.","event booking plugin wordpress,amelia wordpress,amelia wordpress appointment booking plugin","event booking plugin wordpress,amelia wordpress,amelia wordpress appointment booking plugin"
Advanced Custom Fields,10284,,external,0,Advanced Custom Fields (ACF) Plugin - 2021 Review | Appsfomo,"ACF is the best plugin for beginners to start with building their own website and take control over the ""look and feel"" of their website, using the free version you can have limited access to fields.","acf pro,advanced custom fields,acf,acf pro review","acf pro,advanced custom fields,acf,acf pro review"
Analytify,10333,,external,0,"Analytify Plugin Features, reviews and Pricing 2021 | Appsfomo","Analytify is a WordPress plugin, That gives you all the analytics information and performance analysis of your site in your WordPress dashboard, It combines the information provided by Google Analytics and some of the new entries with a really good user interface. ","Analytify,Google Analytics,Track your data,eCommerce","analytify,google analytics,track your data,ecommerce"
RelayThat,10402,,external,0,RelayThat |Design Automation Tool Review | Appsfomo,"RelayThat is a design automation tool you can create eye-catching posts, ads, banners for your business, social media posts, and many more just in few clicks. This tool is mostly like Canva and Crello but has some unique features and design where it makes the difference.","RelayThat,Design Automation Tool,Images","relaythat,design automation tool,images"
Bridge,10638,,external,0,Bridge: Multipurpose WordPress theme - 2021 Review | Appsfomo,"The Bridge is one of the popular multipurpose themes available in the Themeforest marketplace, this theme gives highly customizable options with including the most popular page builders Elementor and WPBakery.","Bridge,Multipurpose theme,creativity","bridge,multipurpose theme,creativity"
Shopify,10797,,external,0,Shopify | eCommerce Platform | Appsfomo,Shopify is a web-based application that allows users to create their own eCommerce site with respect to their business. Shopify gives you a wide variety of themes and designs that can be personalized to fulfill your own branding demands and permits you to offer either physical or digital products.,"Shopify,ecommerce,online shop,SEO","shopify,ecommerce,online shop,seo"
MarTech,10962,,external,0,MarTech Wise Lifetime Tech Deals - Facebook Group | Appsfomo,"MarTech Wise is a Facebook group, whether you&#039;re a digital marketer, agency owner, entrepreneur, or SaaS founder, this is the place where you need to be there.","Facebook groups,Deals group,MarTech Wise","facebook groups,deals group,martech wise"
Digitalthink,11028,,external,0,Digitalthink: Lifetime Software Deals| Facebook Group | Appsfomo,Digital think is a software deal discussion group created on 2 December 2018. Mohamed Ali is the main admin for the group and one of you makes the live chat with respect to new deals and offers at regular intervals. ,"Deals group,Digitalthink","deals group,digitalthink"
Pitchground,11031,,external,0,Pitchground Lifetime Deals - Facebook Group | Appsfomo,PitchGround is a platform where entrepreneurs fulfill the passionate early adopters. It is a totally community-driven platform with the Owner's very first strategy is however driven by their outstanding group participants.,"Facebook groups,Deals group,pitchground facebook,pitchground deals","facebook groups,deals group,pitchground facebook,pitchground deals"
Magento,11133,,external,0,Magento Review: Best eCommerce Platform for Enterprise | Appsfomo,"Magneto is an Open Source script backed by Adobe, mostly used by companies with big budgets and needs for a lot of customizations.","magento marketplace,magento 2,magento ecommerce,shopify alternatives,shopify alternatives free","magento marketplace,magento 2,magento ecommerce,shopify alternatives,shopify alternatives free"
WordPress,11198,,external,0,WordPress Open Source Website Builder,"When comes to building a website or managing the content related to your business, WordPress is the best choice it is the most popular website builder. you can create any type of website that too for free.","Wordpress,Review,Theme,Plugin","wordpress,review,theme,plugin"
User Back,11413,,external,0,Userback |Customer Feedback Tool Review | Appsfomo,Userback is a customer feedback tool that allows you to collect as well as handles visually appealing feedback from the customer with the use of video clips and annotated screenshots. This is a customer-friendly feedback tool where no need to write any emails you can quickly and easily report a bug.,"Userback,Feedback tool,Annotations,tool to annotate web page,eady way to give user feedback","userback,feedback tool,annotations,tool to annotate web page,eady way to give user feedback"
7 Zip,11527,,external,0,7 Zip: Compression Tool | AppsFomo,"7 Zip is a free compression and extraction software, this can be used in extracting compressed files and creating new compressed files in various formats. You can use 7 Zip on Windows 10, 8, 7, Vista, and XP, as well as Linux via command line. It also supports encryption.",7zip tool review,7zip tool review
Drupal,11620,,external,0,Drupal: Content Management System ,"Drupal is an open-source content management software it is used to make the most dynamic and versatile website and application that you are using in day-to-day life. Drupal has excellent conventional attributes, like very easy material writing, reliable performance, and outstanding safety.","Drupal,Modules,API,Review","drupal,modules,api,review"
WP Reset,11694,,external,0,"Wp reset: Plugin Features, Reviews and Pricing 2021 | Appsfomo","Intend to get back to the state of fresh WordPress installation? This plugin can do your job with a few clicks, without the need to go for a complicated re-installation process.
","wp reset,wp reset pro,wp reset post data","wp reset,wp reset pro,wp reset post data"
WebARX,11772,,external,0,WebARX | Web Application Security Platform | Appsfomo,"To protect websites from these vulnerabilities every day WebARX web application will get new updates to make sure the site is protected, and it offers a cloud-based dashboard that you can access from anywhere to make sure your site is safe or not.","WebARX,Protection,Malware,How to protect Wordpress site?","webarx,protection,malware,how to protect wordpress site?"
Grammarly,13015,,external,0,Grammarly | Writing Assistance Tool Review | Appsfomo,Grammarly is sophisticated AI writing tool that not just remedies your grammatical errors but additionally makes your creating a lot easier to understand and helps you make the appropriate impact on the reader based upon your target market.,"Grammarly,grammar checker,grammarly extension","grammarly,grammar checker,grammarly extension"
TortoiseGit,13338,,external,0,TortoiseGit | AppsFomo,"TortoiseGit is a completely open-source free Windows shell interface to Git-based repositories based on TortoiseSVN. You can use this with whichever development tool you want there is no integration for specific IDE&#039;s like visual studio, eclipse, or some other","TortoiseGit,Commit,Push,Clone","tortoisegit,commit,push,clone"
ArticleForge,13461,,external,0,ArticleForge | Website Content Writer Review | Appsfomo,ArticleForge is an article or blog generator software application that offers the exact same top quality content as human-made in a fraction of the time. It will use advanced technologies like artificial intelligence and deep learning to generate diverse and rare topics.,"Article forge review,how to generate content automatically,Features of Article forge,Pros and cons of Article forge","article forge review,how to generate content automatically,features of article forge,pros and cons of article forge"
Virusdie,13549,,external,0,Virusdie | Web Application Security Platform | Appsfomo,"Virusdie is the most user-friendly antivirus for websites, it provides safety scanning and surveillance service. it also automatically finds any malware in the websites and cleans them up that which will help in preventing the websites from future attacks.","Protection,Malware,How to protect Wordpress site?,Virusdie","protection,malware,how to protect wordpress site?,virusdie"
SaaS Mantra,13634,,external,0,SaaS Mantra - B2B for Entrepreneurs | FB Group | Appsfomo,"SaaS Mantra is a Facebook group created in 2017 the main sitedesc of the group is ""Growing Together"". In this group you will get all same kind of people where they are like-minded and follow their passion, they even share their knowledge about the tech and SaaS tools.","SaaS Mantra,Top Saas app Facebook groups,How to find Saas app best deals","saas mantra,top saas app facebook groups,how to find saas app best deals"
Loginpress,13698,,external,0,LoginPress: Customize Wordpress Login Form | Appsfomo,LoginPress holds a lot of customization areas to change the layout of the login page of WordPress. You can modify the look and feel of the login web page completely. ,"Login Form,forms,custom login form,customlogin,login","login form,forms,custom login form,customlogin,login"
Sucuri,14060,,external,0,Sucuri| Web Application Security Platform | Appsfomo,"Sucuri is a website security monitoring company that provides security from hackers and malware, To protect from hacks and malware it will create multilayers and enables a cloud-based proxy firewall that checks all the traffic before sending that to the hosting.","How to protect Wordpress site?,Sucuri,Sucuri WordPress plugin review,Sucuri 2021 review","how to protect wordpress site?,sucuri,sucuri wordpress plugin review,sucuri 2021 review"
Boei,14377,,external,0,"Boei| Marketing Tool , Lead Generation Tool , Support| Appsfomo","Boei helps you to chat with your website visitors via their favorite networks.
You can also maintain the discussion going also after they&#039;ve left your website. Visitors can additionally contact you through their preferred channel and also you can generate leads on autopilot.","Sales,marketing,support,chat","sales,marketing,support,chat"
All In One WordPress Security and Firewall Plugin,14737,,external,0,All In One WordPress Security and Firewall | Appsfomo,All In One WP Security and Firewall also makes use of an extraordinary security factors rating system to measure how well you are protecting your site based on the security and security features you have actually activated.,"Security,WordPress Website,Secure Website,anti-virus","security,wordpress website,secure website,anti-virus"
Kalium,14747,,external,0,Kalium : Create Professional looking webiste | Appsfomo,"Kalium will certainly showcase your work in the very best way that you always wanted. With heaps of layout designs, abundant theme options, and drag and drop content building contractor elements to create your website in minutes, it is well organized and visually stunning.",kalium theme review,kalium theme review
Meld,14915,,external,0,Meld | AppsFomo,"Meld is a visual diff and also merge tool targeted at programmers. Meld helps you contrast documents, directories, and version-controlled projects.","merge,diff,compare","merge,diff,compare"
Soledad,15511,,external,0,Kalium : Create Professional looking webiste | Appsfomo,"Kalium will certainly showcase your work in the very best way that you always wanted. With heaps of layout designs, abundant theme options, and drag and drop content building contractor elements to create your website in minutes, it is well organized and visually stunning.",soledad review,soledad review
LiveWebinar,15653,,external,0,LiveWebinar | Webinar Tool Review| Appsfomo,LiveWebinar is the cloud-based webinar software that helps in managing webinar and online meetings for any of the industries.,livewebinar review,livewebinar review
Essential Addons for Elementor,15862,,external,0,"Elementor Pro Plugin Features, reviews and Pricing | Appsfomo",Essential Addon plugins enhance the core features of Elementor page builder by adding 70+ premium widgets. Using this you can build your WordPress website looks more creative.,essential addons for elementor review,essential addons for elementor review
Cartflows,16794,,external,0,Cartflows: Funnel Builder for Wordpress - Review | Appsfomo,"Cartflows helps you build high impact sales funnels, cart and checkout pages for your woocommerce store with ease of your favourite page builder. Increse your customer interaction on your site, upsell, bump offers and re-target your potential audience",Cartflows Review,cartflows review
WP Engine,16916,,external,0,WPEngine Review - Wordpress Hosting Made Easy | AppsFomo,"WP Engine is an excellent quality host that flaunts outstanding uptime, WordPress-specific protection",wpengine review,wpengine review
Kinsta,17751,,external,0,Kinsta : WordPress Hosting made easy | AppsFomo,"impressive WordPress management tools and a clean UX, Kinsta delivers all the speed and scaling advantages for your Wordpress Webste Management with having its own CDN and hassles-free updates, with advantage of one-click staging.",kinsta hosting review,kinsta hosting review
Backup Guard,17798,,external,0,Backup guard: Backup & migrate your website easily | AppsFomo,"This backup guard plugin is specially designed for WordPress users , to make the backing up website and database files easy and also transfer it to any other WordPress using its migration process.",backupguard review,backupguard review
Mailpoet,18134,,external,0,Mailpoet: Is it the best Email marketing Tools for Wordpress,"Email marketing is a potential way to promote your business and generate leads, but email automation can be time consuming! Mailpoet helps you automate all of your emails with one click by creating an automated sequence that will send out prewritten messages based on triggers set up within your account.",Mailpoet Review,mailpoet review
Hostinger,18166,,external,0,Hostinger : Flexiable Hosting for everyone| Appsfomo,"Hostinger supplies absolutely well-balanced Webhosting. They offer lightning-fast rates, progressed attributes and also an exceptional international assistance group, yet their rates are somehow still the most affordable out there in the marketplace.",hostinger review,hostinger review
Weje,18413,,external,0,Weje: Free online whiteboard for collaboration - Review,"Read our detailed Review, Features and Pricing of Weje, an online whiteboard that is free, accessible, and easy to use. You can create a free account and start drawing, brainstorming, or collaborating on the web with anyone in the world. You can even annotate PDFs, images, and videos.",weje review,weje review
Autoptimize,18590,,external,0,Autoptimze : Helps you boost your site |Appsfomo,If you want to load you site fast and optimize your images this plugin if for you get this plugin for Free.,autoptimize review,autoptimize review
WPvivid Backup,19614,,external,0,WPvivid Backup :- Easy way to Backup your WordPress Site | AppsFomo,"Tried of long procedure taking backup or your site and merging to another , Well is the way to get the easy way to backup & restore and mirgation os your site with this help of WPvivid WordPress Plugin get your work done in just one click. Get this deal at $69",wpvivid backup review,wpvivid backup review
Quillbot,20584,,external,0,"Quillbot Premium: Features Review, Pricing, Pros and Cons | AppsFomo","Quillbot allows you to paraphrase sentences and phrases using an advanced algorithm. It rewrites your sentences using synonyms, which will make your writing easier to understand. You can also use our paraphrasing tool for your SEO needs.","quillbot,quillbot paraphrase,quillbot premium","quillbot,quillbot paraphrase,quillbot premium"
Crove.app,21191,,external,0,"Crove.app : Feature review, Pricing, Pro's and Cons| AppsFomo","Crove.app is a powerful document automation platform that enables you to create and automate documents like never before. You can connect with other apps and services to automate your workflows, thereby saving time and effort in carrying out repetitive tasks.",Crove.app review,crove.app review
Chugzi,21211,,external,0,"Chugzi : Product Review, Features, Pricing, Pros and Cons| AppsFomo","Chugzi enhances and rewrites articles, sentences and paragraphs using AI. This tool allows also to spin a single article into dozens, or even hundreds of articles.",Chugzi review,chugzi review
WPSmartPay,21454,,external,0,"WPSmartPay - Features Review, Pricing, Pros and Cons | AppsFomo","WPSmartPay is the ultimate WordPress plugin for selling digital and physical products, offering subscriptions and donations, collecting contest entries, and accepting one-time payments.",WPSmartPay review,wpsmartpay review
Usetiful,21491,,external,0,"Usetiful - Product pricing, feature | AppsFomo","Usetiful is a tool that helps us create product tours with just few clicks. Create a guided tour of your app, website or any other digital solution in minutes. It's an effective tool for both new users and experienced ones.",Usetiful review,usetiful review
RemasterMedia,21673,,external,0,RemasterMedia - Product Review | AppsFomo,RemasterMedia is a professional sound mastering studio that offers unmatched sound quality for your audio and video,RemasterMedia review,remastermedia review
Biteplay,21689,,external,0,Biteplay - Product Review | AppsFomo,"Biteplay is All in one YouTube Marketing tool for Youtube ads and video marketing performance. Also finds monetized videos to create targeted ads, influencers, viral videos, analytics, and more.",Biteplay review,biteplay review
GummySearch,21763,,external,0,Userback |Customer Feedback Tool Review | Appsfomo,Userback is a customer feedback tool that allows you to collect as well as handles visually appealing feedback from the customer with the use of video clips and annotated screenshots. This is a customer-friendly feedback tool where no need to write any emails you can quickly and easily report a bug.,GummySearch review,gummysearch review
ContentBot,22024,,external,0,"ContentBot Premium: Features Review, Pricing, Pros and Cons | AppsFomo","If you're looking for a content writing service that can help you produce high-quality blog posts quickly and easily, then look no further than Contentbot.","contentbot,contentbot review","contentbot,contentbot review"
TrueRanker,22130,,external,0,"TrueRanker - Product pricing, feature | AppsFomo",Read the full review of TrueRanker. Track your rankings and monitor your competition. All you have to do is connect your Google Search Console,"TrueRanker, SERP checker, Google Rank tracker, keyword search, Online business","trueranker, serp checker, google rank tracker, keyword search, online business"
Trust,22168,,external,0,"Trust - Product pricing, feature | AppsFomo","Trust gives you a platform to easily collect, manage and display testimonials. It is not just about getting reviews with the help of trust but also making it easier for your customers to write their feedback on your products or services. With this application, you can get more users and win the trust of other potential buyers.","Trust, Video testimonial, Rating, Reviews, Customer feedback","trust, video testimonial, rating, reviews, customer feedback"
NeuronWriter,22217,,external,0,"NeuronWriter : Product Review, Features, Pricing, Pros and Cons| AppsFomo","NeuronWriter is a powerful SEO copywriting tool . It generates superior and more optimized material, as well as ranking higher on Google SERP, by bringing all the essential statistics and competitor data.","NeuronWriter,Al Copywriter,semantic seo tools,content optimization","neuronwriter,al copywriter,semantic seo tools,content optimization"
Vepaar,22248,,external,0,"Vepaar - Product pricing, feature | AppsFomo",All in one solution for Online Business Management. It allows you to semi-automate your business workflow and engage with your customers in a much more interactive way with ease. It is CRM and Social selling platform for Whatsapp.,"Vepaar, Whatsapp CRM, Online business, Sales platform","vepaar, whatsapp crm, online business, sales platform"
Scalenut,22264,,external,0,Scalenut - Product Review | AppsFomo,"Scalenut is a new AI-driven content creation platform. It helps you create engaging, persuasive and scalable content that gets results. Create engaging and high-quality content while paying less, saving time, and collaborating in real-time.","Scalenut, Content generator, AI Writer, Business tool","scalenut, content generator, ai writer, business tool"
Prelo,22281,,external,0,"Prelo- Product pricing, feature | AppsFomo",Prelo is Lead Management System for early stage B2B companies & startups. This product helps startups or B2B companies to expand marketing & sales analytics in a simple way by interacting with experts based on the sector you choose. ,"Prelo, lead management system, Business, Startups","prelo, lead management system, business, startups"
Xpro Addons for Elementor,22320,,external,0,"Xpro Elementor Addons: Features Review, Pricing, Pros and Cons | AppsFomo","It is the best Elementor Addons to create beautiful websites within minutes. It comes with 120+ widgets, 300+ page templates, 15+ free Elementor extensions, and more. The Elementor powerhouse comes with a free theme builder for Elementor that lets you customize default theme templates.","Xpro Elementor Addons,Web development,Wordpress","xpro elementor addons,web development,wordpress"
SheerSEO,22336,,external,0,"SheerSEO: Features Review, Pricing, Pros and Cons | AppsFomo","SheerSEO is an all-in-one SEO platform that helps you to analyze and optimize your keyword and backlink strategies, as well as monitor your site health.","SheerSEO,SEO,Rank tracking,linkbuilding","sheerseo,seo,rank tracking,linkbuilding"
Wordplay ,22376,,external,0,"Wordplay : Product Review, Features, Pricing, Pros and Cons| AppsFomo","Wordplay is a AI writing tool for long-form content that can potentially rank high on Google, as it SEO optimized and plagiarism free. Get this deal at $59!!","Wordplay,AI Writer,SEO,Content,Blog","wordplay,ai writer,seo,content,blog"
