ID,Title,rank_math_seo_score
710,"Swift Performance: Get your Wordpress Website Lightning-Fast Site Speed",88
716,"Divi Theme: Create Custom Wordpress Websites using Theme Builder",91
1522,"Astra: Most Popular Lightweight Multipupose Wordpress Theme",61
2920,"WPForms: The most Advanced Solution for Creating Forms in Wordpress",57
2954,"Ultimate Membership Plugin - Create Exclusive Access to Your Website",57
2956,"All in One SEO: Boost Your SEO Efforts and Rank Higher",56
2958,"Restrict Content Pro: Secure Your Wordpress Content and Give Exclusive Access",57
2960,"SEO by Squirrly: Optimize Your WordPress Site SEO with Breeze",91
2972,"SiteOrigin Page Builder: Create Stunning Websites Easily",57
2974,"Beaver Builder: Create a Design System for Your Wordpress Site",12
2982,"SEMrush: Get Ahead of the Competition with this WordPress SEO Plugin",85
2986,"Slider Revolution: WordPress Slider Plugin with 250+ Pre-made Templates",84
2993,"iThemes Security Pro: Best Security Plugin for Wordpress",92
3001,"Protect Your Site with Wordfence WordPress Security Plugin",54
3067,"Akismet: Secure Your Site from spam comments.",57
3069,"WPML: Breaking the Language Barrier in WordPress with Multilingual Website",85
3083,"WP Rocket: The Ultimate Plugin for Site Optimization",57
3085,"Anti-Spam Pro: Plugin to Eliminate Spam in Wordpress Comments",53
3087,"W3 Total Cache: The Key to Boosting Your Website's Performance",56
3089,"WP Fastest Cache: Best Caching and Performance Plugin for Wordpress",57
3103,"Protecting Your Site with WP Cerber: A Detailed Review",56
3111,"WOOF: Woocommerce Product Filtering Made Easy",56
3119,"Hide My WP Plugin: Secure Your WordPress Site from hackers",55
3163,"Scrapes: Automate Content Creation and Scraping Plugin for Wordpress",56
3167,"Ajax Search Pro: The Best Live Ajax Search Plugin for WordPress",77
3177,"WP Datatables: The Best Tool for Displaying Your Data Tables in Wordpress",57
3183,"Content Egg: WordPress Plugin to Maximize Your Affiliate Strategy",89
3195,"WordPress Real Media Library: Organize Your Media Library into Folders",67
3197,"Yellow Pencil: Effortlessly Create Stunning WordPress Websites with Visually",92
3207,"Mailster: Maximize Your Email Marketing with this Email Marketing Plugin",65
3291,"The SEO-Friendly WordPress Theme for Bloggers :Theme X",86
3293,"Newspaper: Most Favourite Theme for Your News and Magazine Websites",12
3297,"The7: The Ultimate Multipurpose WordPress Theme for Business",29
3301,"Jupiter: The Fastest and Lightest Multi-Purpose Theme",12
3307,"Publisher Theme: The Best WordPress Themes for News, Publishers and Magazines",90
3309,"REHub: The Best Wordpress Theme for Affiliate Marketing",91
3313,"Eduma: The Best eLearning and LMS Theme for Wordpress",88
3325,"Enfold: Multi-Purpose Theme to Design Your Dream Website",12
3327,"BeTheme: Best Multipurpose Wordpress Theme | 650+ Templates",89
3341,"WYZI Business Finder: Create Your Online Directory",11
3365,"Woffice: Unleashing the Full Potential of Your WordPress Site",12
3371,"WPLMS: Transform Your Wordpress Site into a Learning Management System",22
3373,"EducationPress: Best Wordpress Theme for Learning and Course Management",24
3389,"Oxygen: Take Your Woocommerce Shop to the Next Level",85
3430,"Thrive Theme Builder: Creating a Customized WordPress Site",22
3465,"Bellevue: The Best WordPress Theme for Automating the Booking Process",92
3580,"Avada Theme: Design and Build Custom Websites in Wordpress",90
3583,"Yoast SEO: The Ultimate SEO Plugin for WordPress",66
6206,"Cloudflare: Free Global CDN and Security for your website",74
6255,"cPanel: Control Panel to Manage Your Hosting Easily",62
6408,"BunnyCDN: Most Affordable Content Delivery Network Starting at $1",87
6419,"SiteGround Web Hosting: Fastest and Reliable Wordpress Hosting",87
6427,"Bluehost Web Hosting: Affordable & Reliable Wordpress Hosting",73
6488,"Plesk: Most User friendly Control Panel to Simplify Your Web Hosting",57
6537,"Plutio : All-In-One Workspace for Teams",66
6622,"CiuisCRM: The Best Self-Hosted CRM Solution for Small Businesses",92
6645,"Mailchimp: Is this Popular Email Marketing Tool Right for Your Business?",57
6938,"SendGrid: Email Marketing Application. Is it Worth the Hype?",57
8302,"Hestia: Best One-Page Theme Compatible with Major Page Builders",20
8314,"OceanWP: Responsive and Customizable WordPress Theme",93
8336,"ShopIsle: Premium WooCommerce Theme for Your Webshop",20
8340,"BetterDocs: Provide Faster Support with Wordpress Documentation Plugin",93
8345,"Generatepress: Fast Loading Multi-Purpose WordPress Theme for Blogs",86
8405,"Kadence Theme: Build Modern Wordpress Website with Gutenberg",79
8509,"Imagely: The Best Photographic WordPress Theme for Your Website",27
9234,"Brizy: Build Fast and Responsive Landing Pages in Wordpress",70
9862,"Elementor: Best Page Builder for Wordpress with Theme Builder Features",93
9880,"Learndash: The Leading WordPress Learning Management System",93
9895,"Caldera Forms: Build Powerful WordPress Forms with Ease",85
9904,"Stacksocial: Save Big on SaaS Applications, Courses, and More",11
9936,"Shortpixel: Compress and Optimize Images in Wordpress",88
10007,"Fluent Forms: Free Templates to Build Forms Quickly and Easily",89
10059,"Ora: Boost Your Task Management and Productivity",22
10060,"Glorify: Design Software for Marketing and Advertising",84
10061,"Trello: The All-in-One Real-Time Workspace for Teams",79
10062,"Vistacreate: Create Stunning Graphic and Video Designs Online",33
10082,"Security Ninja: Secure Your WordPress Site with this Security Plugin",84
10114,"All in One WP Migration: The Most Reliable Backup Solution for WordPress",35
10260,"TexAu Maximize Your Business Growth with the Ultimate Automation Tool",78
10281,"Amelia: The Best WordPress Plugin for Event and Appointment Booking",27
10284,"ACF Pro: The Best Plugin for Building Custom WordPress Site",36
10402,"RelayThat: Streamline Your Social Media Design Process",79
10797,"Shopify: Set Up Your Retail Shop Online with A Wide Range of Features",79
11133,"Magento: The Open Source E-Commerce Script with Adobe Backing",17
11198,"Wordpress: Create Your Dream Website with the World's Most Popular CMS",82
11413,"Userback: User Feedback Tool for Collecting Customer Insights",91
11527,"7-Zip: The Open-Source Tool for Efficient File Compression and Extraction",17
11620,"Drupal: The Advanced CMS with Rich Features in Core Installation",79
11694,"WP Reset Plugin: One Click Wordpress Reset & Clean Up Plugin",91
11772,"WebARX: Protect Your Website from Malicious Visitors",88
13015,"Grammarly: Find Grammar, Spelling, and Plagiarism Errors in Your Content",79
13338,"TortoiseGit: Manage GitHub Files Visually with Ease on Windows",84
13461,"Articleforge: Generate Unique Articles with Advanced Deep Learning",82
13549,"Virusdie: All-in-One Platform for Website Security, Firewall and More",17
13698,"Loginpress: Customizable Layouts for Your WordPress Login Page",34
14737,"All In One WP Security and Firewall: A Plugin to Protect Your Wordpress Site",76
15653,"Live Webinar: The most Advanced Webinar and Online Meeting Tool",79
15862,"Essential Addons for Elementor: Advanced Elementor Widgets",71
16794,"Cartflows: Create Stunning Sales Funnels in Wordpress with Elementor",85
16916,"WP Engine: Quality WordPress Hosting with Outstanding Uptime",87
17751,"Kinsta: What is Managed Wordpress Hosting and How it Works",19
17798,"BackupGuard: A Backup Plugin for Secure Website Protection",17
18134,"Mailpoet: Best Wordpress Plugin to Automate Your Email Marketing",70
18166,"Hostinger Web Hosting: Most Affordable Website Hosting for Wordpress",62
18413,"Weje: Best Online Whiteboard for Drawing, Brainstorming, and Collaborating",81
18590,"Autoptimize: A Plugin to Speed Up Your Wordpress Website",70
19614,"WPvivid: The Best Free Wordpress Backup and Migration Plugin",88
20584,"Quillbot: Paraphrase Sentences and Phrases with Advanced AI Tools",92
21191,"Crove.app Review: Create and Automate Documents Like Never Before",65
21211,"Chugzi: Paraphrase, Enhance and Rewrite Articles with AI",65
21454,"WPSmartPay: Maximizing Your WordPress Website's Payment Options",65
21491,"Usetiful: Creating Guided Tours of Your Digital Products Made Easy",65
21673,"Remastermedia: Optimizing Your Audio and Video Content",89
21689,"Biteplay: Find Monetized Videos and Boost Your Marketing Performance",84
21763,"GummySearch: Discovering Potential Customers and Their Pain Points",84
22024,"ContentBot: Creating High-Quality Content from Scratch Made Easy",84
22130,"TrueRanker: Analyze and Monitor Your Keyword Rankings",88
22168,"Trust: How to Collect and Manage Testimonials Effectivelly",84
22217,"NeuronWriter: Get Superior SEO Content with Copywriting Tool",91
22248,"Vepaar: Tools to Quickly Build and Boost a Successful eCommerce Business",80
22264,"Scalenut: AI-Driven Content Research and Creation for Content Writers",95
22281,"Prelo: Lead Management Made Easy and Simple for Early Stage Startups",81
22320,"Xpro Addons for Elemetor: Advanced widgets for Elementor",87
22336,"SheerSEO: The All-in-One SEO Platform for Site Analysis",84
22376,"Wordplay: The Plagiarism-Free Writing Tool for SEO Content",87
22406,"Woolentor: The Best Woocommerce Page Builder Addon for Elementor",87
22432,"Microsoft Power Automate: Automate Your Windows PC",82
22458,"useArtemis: Cold Outreach Made Easy by Automating Email Marketing",82
22491,"Bit Integrations: Integrating Popular Apps with WordPress",88
22518,"Backupsheep: The Best Backup and Recovery Solution for Your Business",93
22564,"Dukaan: Creating a Successful Online Store with User-Friendly Features",82
22606,"Heartbeat: The Online Community Management Software",89
22654,"WP Force SSL: All in one Plugin to Fix SSL Problems in Wordpress",89
22670,"Grab Your Reviews: Maximizing Your Online Reputation with Reviews",86
23000,"LeadRocks: The Best Lead Generation Tool for Your Business",82
23042,"Pxl.to: The URL Shortener with No Downtime or Click limitations",76
23323,"RankMath: The Ultimate Tool for Optimizing Your Wordpress Website's SEO",93
23517,"Meta API: The Open API Platform for Accelerating Code, Authentication & Deployment",90
23719,"Boost.space: The Best Platform to Sync Data between Applications",85
24051,"Instantly: The AI-Powered Cold Email Campaign Management Platform",91
24723,"Sessions:Maximizing Your Productivity with User-Friendly Meeting Platform",93
24990,"Pabbly Connect: Streamlining Your Workflow with Advanced Automation Features",93
25257,"Blackbox: The Best OCR Ever for Copying Text from Videos, Images, PDFs",87
25343,"MasterStudy LMS: The Ultimate Tool for Creating Your Own eLearning Platform",90
25427,"SEOcrawl: Grow your SEO and Improve Your Website's Ranking",93
25436,"Sucuri: The Ultimate Tool for Securing Your Website from Cyber Attacks",87
25474,"steve.ai: Revolutionize Your Video Creation with the best AI-Powered Platform",85
25514,"Make: The Visual Platform for Building and Automating Anything",93
25687,"Jasper: The AI Content Generator for Creating Original Content Faster",87
25727,"Katteb: Fact-Checked Writing Platform for Producing High-Quality Content",93
25753,"Shopper.com: Maximizing Your Affliate earning from 25000 Stores",91
25795,"Elai.io: Create Video Content with Real Human Narrators from Text",87
25809,"Geru: The Ultimate Tool for Planning Your Marketing Strategy",93
25837,"LiquidPoll: Creating Engaging Surveys with Advanced Features",91
25959,"Shopia: The AI-Powered Content Writing Assistant for Teams",87
25980,"Integrately: Automate Your Business with Advanced Workflow Builder",93
26029,"Social Snap: How to Boost Your Social Media Presence in Wordpress",88
26053,"pCloud: The Best Lifetime Cloud Storage Service",86
26087,"Notion: the Only Productivity App You'll Ever Need for your Team",87
26157,"HyperHost: Best Lifetime Web Hosting Provider for Your Website",85
26262,"Typebot: Maximizing Customer Engagement with Personalized Chatbots",77
26263,"Outranking: Best AI-Powered Content Research, Writing, and Optimization Tool",93
26265,"Hide My WP: Easiest way to hide WordPress from Hackers",93
26371,"HelloScribe: The Smart Tool for Creating Quality Content at Scale",93
26384,"Monspark: Uptime Monitoring for your Website, Server, or Application",93
26479,"Depositphotos: Find The Perfect Image from Huge Stock Image Library",93
26488,"Serpstat: Maximizing Your Online Presence With Comprehensive SEO Toolkit",93
26515,"Cwicly Builder: Flexible and Advanced Gutenberg WordPress Blocks",93
26530,"DigitalOcean: Simplify Your Cloud Infrastructure, Scalable and Flexible",93
26532,"Bhuman AI: Create Personalized Videos at Scale with the help of AI",88
26588,"SuperOkay: Customizable Client Portal for Easy Project Sharing",93
26623,"Outscraper: The Ultimate Tool For Efficient Web Scraping and Data Extraction",93
26635,"SalesRobot: How Can it Help Boost Your Lead Generation Efforts",93
26639,"ContextMinds: Streamline Your Content Creation and Management",91
26705,"Systeme.io: Maximizing Your Online Marketing Potential With Automation",88
26712,"Pipio: Create Stunning Videos In Minutes With AI Technology",91
26852,"ZeroWork: No-Code Solution For Automated Web Tasks",93
26858,"WHMCS: 5 Key Features Of For Effective Web Hosting",87
26941,"WP Shifty: Boost Your Website Speed And Efficiency",93
26985,"Hetzner Cloud VPS Hosting: Scalable, Redundant, And Cost-Effective",85
27005,"EWWW Image Optimizer: Say Goodbye To Slow Loading Images in Wordpress",88
27317,"Joinsecret: Your One-Stop Shop For Discounted Software Products",91
27346,"Linguix: Improve Your Writing With the AI Writing Assistant",93
27544,"SaaSmantra: Best Facebook community for SaaS Entrepreneurs",85
27660,"PDF24: Simplify your PDF Editing with the Best Free PDF Editor",68
27987,"Frase: The Best AI Writer for Content Research Tool",92
28128,"Reliable Site: Instant Activation Dedicated and Bare Metal Servers in USA",88
28181,"SEOPress: Boost Your Search Engine Visibility in Wordpress",86
28191,"Simplified: Free Content Creation and Marketing Tool",92
28217,"Pabbly Plus: All in One Marketing, Sales &amp; Automation Tools - Lifetime Deal",88
28232,"Mangools: Simple SEO Tool for Keyword Research and Tracking",92
28274,"Switchy: Retargeting Links on Facebook, LinkedIn and Social Media",87
28310,"Namecheap: Cheap Domain Registration Service | 2023 Review",92
28354,"SE Ranking: Content Marketing Platform with Competitive Pricing",92
28397,"Berrycast: Screen Recording and Sharing App for Business Communication",91
28434,"Triplo.ai: AI Assistant for Windows, Mac, Linux, Android and Chromebooks",82
28507,"AppSumo: The #1 Lifetime Deal Community for Entrepreneurs",88
28585,"Martechwise: SaaS & Marketing Tool Reviews To Platform",84
28756,"Microsoft OneDrive: The Top Online File Storage and Sharing for Teams",91
28771,"Linksy: WordPress Plugin for Internal Linking | Better Wordpress SEO",92
28773,"Magic Bookifier: Turn any video or audio into a stunning ebook.",88
28811,"Kwikcart: Take Your E-Commerce Business to New Heights",86
28911,"Microsoft Office 365: The Best Online Collaboration Tool for Remote Teams",90
28929,"Wondershare Filmora: The Go-To Video Editing Software for Creators",91
28936,"HostGator web hosting: The Reliable Web Hosting Solution with Flexible Plans",77
28948,"GetScreen.me: The Simple and Affordable Remote Desktop Solution",87
28991,"HostGator WordPress Hosting: Easy and Reliable Solution for Wordpress",75
28993,"GameStop: Your One-Stop Shop for PlayStation Games and More",91
29005,"Intuit: Suite of Small Business Software and Finance Management",85
29041,"Flip Booklets: Create Engaging Flipbooklets with Free Flip Book Maker",92
29056,"MySignature: Create Professional Email Signatures for Free",92
29073,"Notice: Engage Your Audience with Seamless Content Publishing",86
29076,"ChatPDF: Simplify Your PDF Conversion and Editing",87
29109,"Ultimate Social: Boost Your Social Engagement Social Sharing Plugin",92
29110,"MyPopups: Create Engaging Popups &amp; Boost Your Conversion Rate",88
29130,"BackupBliss: Best WordPress Backup and Migration Plugin for Reliable Data Protection",90
29158,"Follow.it: Streamline Your Marketing with this Funnel Builder App",91
29189,"MainWP - The Ultimate WordPress Manager for streamlined site management",88
