ID,Title,Sku,"Post Type","Product Type","Parent Product ID","Regular Price","Sale Price","Product categories",Brand,rank_math_seo_score,Permalink,Date,"External Product URL","Button Text","Product Account Type","Product Active Installations","Product Activity log","Product Addon Modules","Product Addons","Product Affiliate Payouts","Product Affiliate Program","Product Affiliate / Referer","Product Affiliate/ Referer system","Product Alexa Ranking","Product Analytics","Product Anti DDos","Product Anti-malware","Product Anti-Phishing","Product Apex","Product Pre Approval of post from members","Product Apps Installation","Product Appsfomo Ratings","Product Author","Product Backup management","Product Bandwidth monitoring","Product Blacklist monitoring","Product Cache Control","Product CDN","Product Cloud Backups","Product Company Name","Product Compatible with","Product Competitor","Product Computing","Product Content Generation","Product Content Modification","Product Control panel","Product Corn Jobs","Product Corporate Registered Country","Product Country","Product Created in","Product Cross-platform hosting","Product Daily Backups","Product Database Management","Product Deal Submission","Product Dedicated hosting","Product Demo Templates","Product Design and Themes","Product Disk Space","Product DNS","Product DNS Management","Product Documentation","Product Documentation and Changelog","Product Dynamic Content delivery","Product E-commerce Hosting","Product E-commerce Relevant","Product eCommerce Support","Product Ease of use","Product Email accounts","Product Email Management","Product Email Storage","Product Encrypted storage","Product End-user Portal Features","Product File Access","Product File manager","Product Firewall","Product Firewall Management","Product Founder","Product Founder/CEO","Product Framework","Product Free Backups","Product Free Domain","Product Free Giveaway","Product Free Giveaways","Product Free Trail","Product Free Version","Product Freebies","Product FTP Management","Product FTP, SFTP and SSH","Product Grammar checker","Product Group Rules","Product Hosting Companies","Product Hotlink Protection","Product HTTP/2","Product Ideal for","Product Image optimization","Product Initial Release","Product Instant Setup","Product Integrations","Product IP denials","Product IPv6","Product Key Features","Product Large file delivery","Product Last Updated","Product Launch","Product Licensing","Product Licensing Type","Product Lifetime Deal Offered","Product Live Seminar Hosting","Product Live Video","Product Log Files","Product LTD Platform","Product Main Admin","Product Malicious Protection","Product Managing user accounts","Product Marketing Tools","Product Marketplace","Product Migration","Product Mobile app","Product Mobile Responsive","Product Money-Back Guarantee","Product Monthly Page views","Product Monthly Revenue (Approx.)","Product Multi lang support","Product Multitask support","Product Network Attack Protection","Product Niche","Product Number of admins","Product Offers range","Product One click demo","Product Origin Pull","Product Origin Shield","Product Other products","Product Other Sub Groups","Product Page Builder","Product Page load time","Product Parked Domain","Product Password protected","Product Payment Gateways","Product Payment Options","Product Performance Impact","Product Performance optimization","Product Performance Tracking","Product PHP compatibility","Product PHP version","Product Plagiarism checker","Product Platform","Product Plugin Extensions","Product Plugins and Integrations","Product Plugins included","Product Price","Product Price Tier","Product Pricing options","Product Pricing plan","Product Privacy","Product Private CDN","Product Purge","Product Push/Upload","Product Ransomware protection","Product Ratings","Product Refund Criteria","Product Refund Policies","Product Region","Product Registered Company","Product Release date","Product Review Date","Product Reviews","Product Sales Features","Product Security","Product SEO","Product server location","Product Server monitoring","Product Services included","Product Shared Hosting","Product Site Usage","Product Small file delivery","Product Social Media Presence","Product Social Media Presence","Product Spam protection","Product Spinning","Product SSH access","Product SSL and HTTP/2","Product SSL management","Product SSL monitoring","Product Staging Site","Product Storage Limit","Product Sub domain","Product Subscription Type","Product Support","Product Support Duration","Product Support System","Product Support type","Product Supported Device","Product Supported Page Builders","Product Sync Options","Product System impact","Product Team Size","Product Technical Support","Product Tested upto","Product Token Authentication","Product Total Members","Product Type","Product UI & UX Score","Product Unique Theme Features","Product Updates","Product Upgrade Option","Product Uptime","Product Usage Restrictions","Product User limit","Product Version","Product Video on demand","Product Virtualization","Product VPN hosting","Product VPS","Product Vulnerability Protection","Product Web Application Firewall","Product Website Builder","Product Website Launch Date","Product Website Migration","Product Website monitoring","Product Website Protection from","Product Website Worth (Aprox.)","Product Wordpress Compatibility","Product Wordpress integration","Product Wordpress Version"
710,"Swift Performance",,product,external,0,39.99,,"Wordpress Plugins>Caching Plugin","Swte Plugins",12,https://appsfomo.com/reviews/swift-performance/,2018-01-22,https://swiftperformance.io/?ref=75,"Buy Now",,20k+,,,None,,,,,,,,,,,,,,"SWTE Plugins",,,,,,,,,,,,,,,,,,,,,,,,,,,,,,,,,,,,,,,,,,,,,"SWTE Plugins",,,,,,,,,,,,,,,,,,,,,,,,,"1 month ago",,,GPL,,,,,,,,,,"Own Site",,,,,,,,,,"Caching and Optimization",,,,,,,,,,,,,,,,,,,,,None,,,,,Yearly,,,,,,,,,,,,,03-10-2020,,,,,,,,,"4 Sites|Single site|Unlimited",,,,,,,,,,,,,,,Yearly,"Email|Facebook Groups|Forum",,,,,,4,,,,,,,,,,,,,,,,,,,,,,,,,,Latest,,
716,"Divi Theme",,product,external,0,89,,"Wordpress Themes>Multipurpose","Elegant Themes",,https://appsfomo.com/reviews/divi-theme/,2018-01-22,https://www.elegantthemes.com/gallery/divi/,"Buy Now",,"1.5 M",,,,,,,,,,,,,,,,,,,,,,,,,,Astra|Avada,,,,,,,,,,,,,,110+,,,,,,,,,,EDD|WooCommerce,,,,,,,,,,,,"Nick Roach",,,,,,,,,,,,,,,,,,,,,,,,,,,,GPL,,,,,,,,,,"Own Site",,,Full,,,,WPML,,,Modern,,,Yes,,,Bloom|Extra|Monarch,,,,,,,,,,,,,,,,,"Divi Builder",,,Lifetime|Yearly,,,,,,,,"30 Days",,,,,01-07-2020,,,,,,,,,Unlimited,,,,,,,,,,,,,,,Lifetime|Yearly,"Email|Forum|Live chat",,,"Divi Builder",,,90+,,,,,,,"Live page builder",,,,,,,,,,,,,,,,,,,Latest,,
1522,"WPastra Theme",,product,external,0,59,47,"Wordpress Themes>Multipurpose","Brainstorm Force",,https://appsfomo.com/reviews/wpastra-theme/,2019-12-24,https://wpastra.com/,"Buy Now",,1000k+,,,,,,,,,,,,,,,,,"Brainstrom Force",,,,,,,,,Generatepress|Genesis|OceanWP,,,,,,,,,,,,,,121,,,,,,,,,,EDD|WooCommerce,,,,,,,,,,,,"Brainstorm Force",,,,,,,,,,,,,,,,,,,,,,,,,,,,GPL,,,,,,,,,,"Own Site",,,Full,,,,WPML,,,Modern,,,Yes,,,"Convert Pro|Schema Pro|Ultimate Addons for Beaver Builder|Ultimate Addons for Elementor|WP Portfolio",,,,,,,,,,,,,,,,,"Starter Templates",,,Lifetime|Yearly,,,,,,,,,,,,,29-06-2020,,,,,,,,,Unlimited,,,,,,,,,,,,,,,Lifetime|Yearly,"Email|Forum|Support tickets",,,Beaver|Brizy|Elementor|Gutenberg,,,30+,,,,,,,"120+ Demo Layouts|Light weight",,,,,,,,,,,,,,,,,,,Latest,,
2920,WPForms,,product,external,0,39,,"Wordpress Plugins>Forms &amp; Popups",WPForms,12,https://appsfomo.com/reviews/wpforms/,2020-07-10,https://wpforms.com/,"Buy Now",,,,,"10+ Addons",,,,,,,,,,,,,,,,,,,,,,,,,,,,,,,,,,,,,,,,,,,,,,,,Easy,,,,,,,,,,,"Syed Balkhi",,,,,,,,,,,,,,,,,,,,,,,,,"1 month ago",,,GPL,,,,,,,,,,"Own Site",,,,,,,,,,,,,,,,,,,,,,,,,,,,,,,"Payment Gateways",,,,,"Annual subscription",,,,,,,,,,,,,12-10-2020,,,,,,,,,"Single site|Unlimited",,,,,,,,,,,,,,,"12 months","Support tickets",,,,,,10+,,,,,,,,,,,,,,,,,,,,,,,,,,Latest,,
2954,"Ultimate Membership Pro",,product,external,0,49,24,"Wordpress Plugins>Membership",,12,https://appsfomo.com/reviews/ultimate-membership-pro/,2020-07-29,https://codecanyon.net/item/ultimate-membership-pro-wordpress-plugin/12159253,"Buy Now",,,,,,,,,,,,,,,,,,,,,,,,,,,,,,,,,,,,,,,,,,,,,,,,,,,,,Easy,,,,,,,,,,,,,,,,,,,,,,,,,,,,,,,,,,,,,,,,,,,,,,,,,,,,,,,,,,,,,,,,,,,,,,,,,,,,,,,,,,,,,,,,,,,,,,,,,,,,,,,,,,,,,,,,,,,,,,,,,,,,,,,,,,,,,,,,,,,,,,,,,,,,,,,,,,,,,
2956,"All In One SEO",,product,external,0,79,57,"Wordpress Plugins>SEO Plugin",,11,https://appsfomo.com/reviews/all-in-one-seo/,2020-07-02,https://wordpress.org/plugins/all-in-one-seo-pack/,"Buy Now",,20000000,,,None,,,,,,,,,,,,,,,,,,,,,,,,,,,,,,,,,,,,,,,,,,,,,,,,Easy,,,,,,,,,,,"Michael Torbert",,,,,,,,,,,,,,,,,,,,,,,,,"1 month ago",,,GPL,,,,,,,,,,"Own Site",,,,,,,,,,,,,,,,,,,,,,,,,,,,,,,None,,,,,"Annual subscription|Free",,,,,,,,,,,,,07-11-2020,,,,,,,,,"10 Sites|Single site|Unlimited",,,,,,,,,,,,,,,"Community-Free|Life time",Comunity,,,,,,10+|Default,,,,,,,,,,,,,,,,,,,,,,,,,,Latest,,
2958,"Restrict Content Pro",,product,external,0,69,,"Wordpress Plugins>Membership",,12,https://appsfomo.com/reviews/restrict-content-pro/,2020-07-02,https://restrictcontentpro.com/,"Buy Now",,,,,,,,,,,,,,,,,,,,,,,,,,,,,,,,,,,,,,,,,,,,,,,,,,,,,Easy,,,,,,,,,,,,,,,,,,,,,,,,,,,,,,,,,,,,,,,,,,,,,,,,,,,,,,,,,,,,,,,,,,,,,,,,,,,,,,,,,,,,,,,,,,,,,,,,,,,,,,,,,,,,,,,,,,,,,,,,,,,,,,,,,,,,,,,,,,,,,,,,,,,,,,,,,,,,,
2960,"SEO by Squirrly",,product,external,0,20,,"Wordpress Plugins>SEO Plugin",,64,https://appsfomo.com/reviews/seo-squirrly/,2020-07-06,https://www.squirrly.co/wordpress-seo-by-squirrly,"Buy Now",,,,,,,,,,,,,,,,,,,,,,,,,,,,,,,,,,,,,,,,,,,,,,,,,,,,,Easy,,,,,,,,,,,,,,,,,,,,,,,,,,,,,,,,,,,,,,,,,,,,,,,,,,,,,,,,,,,,,,,,,,,,,,,,,,,,,,,,,,,,,,,,,,,,,,,,,,,,,,,,,,,,,,,,,,,,,,,,,,,,,,,,,,,,,,,,,,,,,,,,,,,,,,,,,,,,,
2972,"Site Origin",,product,external,0,29,,"Wordpress Plugins",,15,https://appsfomo.com/reviews/site-origin/,2020-07-28,https://siteorigin.com/page-builder/,"Buy Now",,,,,,,,,,,,,,,,,,,,,,,,,,,,,,,,,,,,,,,,,,,,,,,,,,,,,Easy,,,,,,,,,,,,,,,,,,,,,,,,,,,,,,,,,,,,,,,,,,,,,,,,,,,,,,,,,,,"Page Builder",,,,,,,,,,,,,,,,,,,,,,,,,,,,,,,,,,,,,,,,,,,,,,,,,,,,,,,,,,,,,,,,,,,,,,,,,,,,,,,,,,,,,,,,,,,,,,,,,,
2974,"Beaver Builder",,product,external,0,99,,"Wordpress Plugins>Page Builder",,12,https://appsfomo.com/reviews/beaver-builder/,2020-07-09,https://www.wpbeaverbuilder.com/?utm_expid=82857025-12.lTgZ_x1STniDBYg5MIL3JA.0,"Buy Now",,,,,,,,,,,,,,,,,,,,,,,,,,,,,,,,,,,,,,,,,,,,,,,,,,,,,Easy,,,,,,,,,,,,,,,,,,,,,,,,,,,,,,,,,,,,,,,,,,,,,,,,,,,,,,,,,,,"Page Builder",,,,,,,,,,,,,,,,,,,,,,,,,,,,,,,,,,,,,,,,,,,,,,,,,,,,,,,,,,,,,,,,,,,,,,,,,,,,,,,,,,,,,,,,,,,,,,,,,,
2982,SEMrush,,product,external,0,99,,"Wordpress Plugins>SEO Plugin",,12,https://appsfomo.com/reviews/semrush/,2020-07-06,https://www.semrush.com/,"Buy Now",,,,,,,,,,,,,,,,,,,,,,,,,,,,,,,,,,,,,,,,,,,,,,,,,,,,,Easy,,,,,,,,,,,,,,,,,,,,,,,,,,,,,,,,,,,,,,,,,,,,,,,,,,,,,,,,,,,,,,,,,,,,,,,,,,,,,,,,,,,,,,,,,,,,,,,,,,,,,,,,,,,,,,,,,,,,,,,,,,,,,,,,,,,,,,,,,,,,,,,,,,,,,,,,,,,,,
2986,"Slider Revolution",,product,external,0,25,,"Wordpress Plugins>Carousel &amp; Gallery",,12,https://appsfomo.com/reviews/slider-revolution/,2020-07-05,https://1.envato.market/Eaye1X,"Buy Now",,"410,460",,,20+,,,,,,,,,,,,,,,,,,,,,,,,,,,,,,,,,,,,,,,,,,,,,,,,Easy,,,,,,,,,,,"Krisztian Horvath",,,,,,,,,,,,,,,,,,,,,,,,,"1 Week ago",,,GPL,,,,,,,,,,Codecanyon,,,,,,,,,,,,,,,,,,,,,,,,,,,,,,,Default,,,,,"Annual subscription|Lifetime updates",,,,,,,,,,,,,Default,,,,,,,,,"Single site",,,,,,,,,,,,,,,"12 months","FAQ|Support tickets",,,,,,4,,,,,Sliders,,,,,,,,,,,,,,,,,,,,,Latest,,
2993,"Ithemes Security Pro",,product,external,0,80,,"Wordpress Plugins>Security Plugin",,13,https://appsfomo.com/reviews/ithemes-security-pro/,2020-07-01,https://ithemes.com/security/,"Buy Now",,1M,,,None,,,,,,,,,,,,,,,,,,,,,,,,,,,,,,,,,,,,,,,,,,,,,,,,Easy,,,,,,,,,,,"Cory Miller",,,,,,,,,,,,,,,,,,,,,,,,,"1 month ago",,,GPL,,,,,,,,,,"Own Site",,,,,,,,,,,,,,,,,,,,,,,,,,,,,,,None,,,,,"Annual subscription",,,,,,,,,,,,,,,,,,,,,,"Unlimited for Gold, 10 sites for Small business, 1 site for Blog",,,,,,,,,,,,,,,"12 months","Support tickets",,,,,,4,,,,,Security,,,,,,,,,,,,,,,,,,,,,Latest,,
3001,Wordfence,,product,external,0,8.25,,"Wordpress Plugins>Security Plugin",,9,https://appsfomo.com/reviews/wordfence/,2020-07-02,https://de.wordpress.org/plugins/wordfence/,"Buy Now",,"3M +",,,None,,,,,,,,,,,,,,,,,,,,,,,,,,,,,,,,,,,,,,,,,,,,,,,,Advanced,,,,,,,,,,,"Mark Maunder",,,,,,,,,,,,,,,,,,,,,,,,,"1 month ago",,,GPL,,,,,,,,,,"Own Site",,,,,,,,,,,,,,,,,,,,,,,,,,,,,,,"Main WP dashboard",,,,,"Monthly payment",,,,,,,,,,,,,Default,,,,,,,,,"Single site",,,,,,,,,,,,,,,Monthly,"Support tickets|Video Tutoriols",,,,,,35,,,,,Security,,,,,,,,,,,,,,,,,,,,,Latest,,
3067,Akismet,,product,external,0,8.33,,"Wordpress Plugins>Security Plugin",,12,https://appsfomo.com/reviews/akismet/,2020-07-20,https://akismet.com/,"Buy Now",,"5+ million",,,None,,,,,,,,,,,,,,,,,,,,,,,,,,,,,,,,,,,,,,,,,,,,,,,,Easy,,,,,,,,,,,"Matt Mullenweg",,,,,,,,,,,,,,,,,,,,,,,,,"2 Months ago",,,GPL,,,,,,,,,,"Own Site",,,,,,,,,,,,,,,,,,,,,,,,,,,,,,,None,,,,,"Monthly payment",,,,,,,,,,,,,13-10-2020,,,,,,,,,"Single site|Unlimited",,,,,,,,,,,,,,,"6 months",Forum,,,,,,1273,,,,,"Anti spam",,,,,,,,,,,,,,,,,,,,,Latest,,
3069,WPML,,product,external,0,29,,"Wordpress Plugins>Social Network &amp; Translation",,12,https://appsfomo.com/reviews/wpml/,2020-07-22,https://wpml.org/,"Buy Now",,1000,,,"2 Addons",,,,,,,,,,,,,,,,,,,,,,,,,,,,,,,,,,,,,,,,,,,,,,,,Easy,,,,,,,,,,,"Amir Helzer",,,,,,,,,,,,,,,,,,,,,,,,,"1 month ago",,,GPL,,,,,,,,,,"Own Site",,,,,,,,,,,,,,,,,,,,,,,,,,,,,,,None,,,,,"Annual subscription",,,,,,,,,,,,,28-10-2020,,,,,,,,,"3 Sites|Single site|Unlimited",,,,,,,,,,,,,,,"12 months",Forum,,,,,,93+,,,,,Translation,,,,,,,,,,,,,,,,,,,,,Latest,,
3083,"WP Rocket",,product,external,0,39,,"Wordpress Plugins>Caching Plugin",,12,https://appsfomo.com/reviews/wp-rocket/,2020-07-15,https://wp-rocket.me/,"Buy Now",,100000,,,None,,,,,,,,,,,,,,,,,,,,,,,,,,,,,,,,,,,,,,,,,,,,,,,,Easy,,,,,,,,,,,"Jonathan Buttigieg",,,,,,,,,,,,,,,,,,,,,,,,,,,,GPL,,,,,,,,,,,,,,,,,,,,,,,,,,,,,,,,,,,,,,,,,None,,,,,"Annual subscription",,,,,,,,,,,,,,,,,,,,,,"3 Sites|Single site|Unlimited",,,,,,,,,,,,,,,"12 months","Support tickets",,,,,,9,,,,,"Performance &amp; Optimization",,,,,,,,,,,,,,,,,,,,,Latest,,
3085,"Anti-spam Pro",,product,external,0,26,,"Wordpress Plugins>Security Plugin",,8,https://appsfomo.com/reviews/anti-spam-pro/,2020-07-31,https://codecanyon.net/item/antispam-pro/6491169?ref=webvitalii,"Buy Now",,,,,,,,,,,,,,,,,,,,,,,,,,,,,,,,,,,,,,,,,,,,,,,,,,,,,Advanced,,,,,,,,,,,,,,,,,,,,,,,,,,,,,,,,,,,,,,,,,,,,,,,,,,,,,,,,,,,,,,,,,,,,,,,,,,,,,,,,,,,,,,,,,,,,,,,,,,,,,,,,,,,,,,,,,,,,,,,,,,,,,,,,,,,,,,,,,,,,,,,,,,,,,,,,,,,,,
3087,"W3 Total Cache",,product,external,0,99,,"Wordpress Plugins>Caching Plugin",,11,https://appsfomo.com/reviews/w3-total-cache/,2020-07-25,https://www.w3-edge.com/products/w3-total-cache,"Buy Now",,,,,,,,,,,,,,,,,,,,,,,,,,,,,,,,,,,,,,,,,,,,,,,,,,,,,Easy,,,,,,,,,,,,,,,,,,,,,,,,,,,,,,,,,,,,,,,,,,,,,,,,,,,,,,,,,,,,,,,,,,,,,,,,,,,,,,,,,,,,,,,,,,,,,,,,,,,,,,,,,,,,,,,,,,,,,,,,,,,,,,,,,,,,,,,,,,,,,,,,,,,,,,,,,,,,,
3089,"WP Fastest Cache",,product,external,0,49.99,,"Wordpress Plugins>Caching Plugin",,12,https://appsfomo.com/reviews/wp-fastest-cache/,2020-07-22,https://www.wpfastestcache.com/,"Buy Now",,"2+ M",,,None,,,,,,,,,,,,,,,,,,,,,,,,,,,,,,,,,,,,,,,,,,,,,,,,Easy,,,,,,,,,,,"Matt Mullenweg",,,,,,,,,,,,,,,,,,,,,,,,,"2 Weeks Ago",,,GPL,,,,,,,,,,"Own Site",,,,,,,,,,,,,,,,,,,,,,,,,,,,,,,None,,,,,Free,,,,,,,,,,,,,Default,,,,,,,,,"Single site",,,,,,,,,,,,,,,"Life time",Forum,,,,,,100+,,,,,Caching,,,,,,,,,,,,,,,,,,,,,Latest,,
3103,"WP Cerber",,product,external,0,99,,"Wordpress Plugins>Security Plugin",,15,https://appsfomo.com/reviews/wp-cerber/,2020-07-10,https://wpcerber.com/,"Buy Now",,,,,,,,,,,,,,,,,,,,,,,,,,,,,,,,,,,,,,,,,,,,,,,,,,,,,Easy,,,,,,,,,,,,,,,,,,,,,,,,,,,,,,,,,,,,,,,,,,,,,,,,,,,,,,,,,,,,,,,,,,,,,,,,,,,,,,,,,,,,,,,,,,,,,,,,,,,,,,,,,,,,,,,,,,,,,,,,,,,,,,,,,,,,,,,,,,,,,,,,,,,,,,,,,,,,,
3111,Woof,,product,external,0,39,19,"Wordpress Plugins>E-commerce",,11,https://appsfomo.com/reviews/woof/,2020-07-16,https://codecanyon.net/item/woof-woocommerce-products-filter/11498469?s_rank=224,"Buy Now",,,,,,,,,,,,,,,,,,,,,,,,,,,,,,,,,,,,,,,,,,,,,,,,,,,,,Easy,,,,,,,,,,,,,,,,,,,,,,,,,,,,,,,,,,,,,,,,,,,,,,,,,,,,,,,,,,,,,,,,,,,,,,,,,,,,,,,,,,,,,,,,,,,,,,,,,,,,,,,,,,,,,,,,,,,,,,,,,,,,,,,,,,,,,,,,,,,,,,,,,,,,,,,,,,,,,
3119,"Hide My WP",,product,external,0,24,,"Wordpress Plugins>Security Plugin",,,https://appsfomo.com/reviews/hide-my-wp/,2020-07-27,https://codecanyon.net/item/hide-my-wp-amazing-security-plugin-for-wordpress/4177158,"Buy Now",,,,,,,,,,,,,,,,,,,,,,,,,,,,,,,,,,,,,,,,,,,,,,,,,,,,,Moderate,,,,,,,,,,,,,,,,,,,,,,,,,,,,,,,,,,,,,,,,,,,,,,,,,,,,,,,,,,,,,,,,,,,,,,,,,,,,,,,,,,,,,,,,,,,,,,,,,,,,,,,,,,,,,,,,,,,,,,,,,,,,,,,,,,,,,,,,,,,,,,,,,,,,,,,,,,,,,
3163,Scrapes,,product,external,0,12,,"Wordpress Plugins>Miscellaneous",,,https://appsfomo.com/reviews/scrapes/,2020-07-03,https://codecanyon.net/item/scrapes-web-scraper-plugin-for-wordpress/18918857?ref=Interstellar,"Buy Now",,,,,,,,,,,,,,,,,,,,,,,,,,,,,,,,,,,,,,,,,,,,,,,,,,,,,Easy,,,,,,,,,,,,,,,,,,,,,,,,,,,,,,,,,,,,,,,,,,,,,,,,,,,,,,,,,,,,,,,,,,,,,,,,,,,,,,,,,,,,,,,,,,,,,,,,,,,,,,,,,,,,,,,,,,,,,,,,,,,,,,,,,,,,,,,,,,,,,,,,,,,,,,,,,,,,,
3167,"Ajax Search Pro",,product,external,0,29,,"Wordpress Plugins>Miscellaneous",,,https://appsfomo.com/reviews/ajax-search-pro/,2020-07-31,https://codecanyon.net/item/ajax-search-pro-for-wordpress-live-search-plugin/3357410,,,,,,,,,,,,,,,,,,,,,,,,,,,,,,,,,,,,,,,,,,,,,,,,,,,,,,Easy,,,,,,,,,,,,,,,,,,,,,,,,,,,,,,,,,,,,,,,,,,,,,,,,,,,,,,,,,,,,,,,,,,,,,,,,,,,,,,,,,,,,,,,,,,,,,,,,,,,,,,,,,,,,,,,,,,,,,,,,,,,,,,,,,,,,,,,,,,,,,,,,,,,,,,,,,,,,,
3177,"WP Data Tables",,product,external,0,299,,"Wordpress Plugins>Page Builder",,12,https://appsfomo.com/reviews/wp-data-tables/,2020-07-25,https://1.envato.market/RyOdJa,"Buy Now",,21419,,,None,,,,,,,,,,,,,,tms-plugins,,,,,,,,,,,,,,,,,,,,,,,,,,,,,,,,,,Easy,,,,,,,,,,,"Alexander Gilmanov",,,,,,,,,,,,,,,,,,,,,,,,,"1 day ago",,,GPL,,,,,,,,,,"Codecanyon|Own Site",,,,,,,,,,,,,,,,,,,,,,,,,,,,,,,None,,,,,"One-time payment",,,,,,,,,,,,,13-11-2020,,,,,,,,,"3 Sites|Single site|Unlimited",,,,,,,,,,,,,,,"6 months","Forum|Live chat|Support tickets",,,,,,10+,,,,,Design,,,,,,,,,,,,,,,,,,,,,Latest,,
3183,"Content Egg",,product,external,0,68,,"Wordpress Plugins>Affiliate",WPsoul,13,https://appsfomo.com/reviews/content-egg/,2020-08-02,https://1.envato.market/4ern6M,"Buy Now",,2693,,,None,,,,,,,,,,,,,,Wpsoul,,,,,,,,,,,,,,,,,,,,,,,,,,,,,,,,,,Easy,,,,,,,,,,,wpsoul,,,,,,,,,,,,,,,,,,,,,,,,,"5 Months ago",,,GPL,,,,,,,,,,Codecanyon,,,,,,,,,,,,,,,,,,,,,,,,,,,,,,,None,,,,,"One-time payment",,,,,,,,,,,,,13-10-2020,,,,,,,,,"Single site",,,,,,,,,,,,,,,"6 months","Help Center",,,,,,1,,,,,"Content Creator",,,,,,,,,,,,,,,,,,,,,Latest,,
3195,"WordPress Real Media Library",,product,external,0,24,,"Wordpress Plugins>Miscellaneous",,61,https://appsfomo.com/reviews/wordpress-real-media-library/,2020-08-01,https://codecanyon.net/item/wordpress-real-media-library-media-categories-folders/13155134,,,,,,,,,,,,,,,,,,,,,,,,,,,,,,,,,,,,,,,,,,,,,,,,,,,,,,Moderate,,,,,,,,,,,,,,,,,,,,,,,,,,,,,,,,,,,,,,,,,,,,,,,,,,,,,,,,,,,,,,,,,,,,,,,,,,,,,,,,,,,,,,,,,,,,,,,,,,,,,,,,,,,,,,,,,,,,,,,,,,,,,,,,,,,,,,,,,,,,,,,,,,,,,,,,,,,,,
3197,"Yellow Pencil",,product,external,0,25,,"Wordpress Plugins>Page Builder",,11,https://appsfomo.com/reviews/yellow-pencil/,2020-07-18,https://codecanyon.net/item/yellow-pencil-visual-css-style-editor/11322180,,,,,,,,,,,,,,,,,,,,,,,,,,,,,,,,,,,,,,,,,,,,,,,,,,,,,,Easy,,,,,,,,,,,,,,,,,,,,,,,,,,,,,,,,,,,,,,,,,,,,,,,,,,,,,,,,,,,,,,,,,,,,,,,,,,,,,,,,,,,,,,,,,,,,,,,,,,,,,,,,,,,,,,,,,,,,,,,,,,,,,,,,,,,,,,,,,,,,,,,,,,,,,,,,,,,,,
3207,Mailster,,product,external,0,59,,"Wordpress Plugins>Social Network &amp; Translation",,11,https://appsfomo.com/reviews/mailster/,2020-07-06,https://codecanyon.net/item/mailster-email-newsletter-plugin-for-wordpress/3078294?ref=Interstellar,"Buy Now",,,,,,,,,,,,,,,,,,,,,,,,,,,,,,,,,,,,,,,,,,,,,,,,,,,,,Easy,,,,,,,,,,,,,,,,,,,,,,,,,,,,,,,,,,,,,,,,,,,,,,,,,,,,,,,,,,,,,,,,,,,,,,,,,,,,,,,,,,,,,,,,,,,,,,,,,,,,,,,,,,,,,,,,,,,,,,,,,,,,,,,,,,,,,,,,,,,,,,,,,,,,,,,,,,,,,
3291,"Theme X",,product,external,0,29,,"Wordpress Themes>Multipurpose",,,https://appsfomo.com/reviews/x-theme/,2020-07-13,https://1.envato.market/YgqmWm,"Buy Now",,215417,,,"10+ Addons",,,,,,,,,,,,,,,,,,,,,,,,,,,,,,,,,,,,,,,,,,,,,,,,Easy,,,,,,,,,,,Kyle,,,,,,,,,,,,,,,,,,,,,,,,,"1 month ago",,,GPL,,,,,,,,,,Themeforest,,,,,,,,,,Multi-Purpose,,,,,,,,,,,,,,,,,,,,,,,,,,"Annual subscription|Lifetime updates",,,,,,,,,,,,,14-10-2020,,,,,,,,,"Single site",,,,,,,,,,,,,,,"6 months","Support tickets",,,,,,15+,,,,,,,,,,,,,,,,,,,,,,,,,,Latest,,
3293,Newspaper,,product,external,0,59,,"Wordpress Themes>Blog / Magazine",tagDiv,,https://appsfomo.com/reviews/newspaper/,2020-07-18,https://1.envato.market/MXDda3,"Buy Now",,37545,,,"8 Premium plugins",,,,,,,,,,,,,,,,,,,,,,,,,,,,,,,,,,,,,,,,,,,,,,,,Easy,,,,,,,,,,,"Amit Malewar",,,,,,,,,,,,,,,,,,,,,,,,,"2 Months ago",,,GPL,,,,,,,,,,Themeforest,,,,,,,,,,Blog|Magazine,,,,,,,,,,,,,,,,,,,,,,,,,,"Annual support|Lifetime updates",,,,,,,,,,,,,Default,,,,,,,,,"Single site",,,,,,,,,,,,,,,"12 months|6 months",Email|Forum,,,,,,Default,,,,,,,,,,,,,,,,,,,,,,,,,,Latest,,
3297,The7,,product,external,0,39,,"Wordpress Themes>Corporate",,,https://appsfomo.com/reviews/the7/,2020-07-06,https://1.envato.market/KeqdkA,"Buy Now",,204654,,,"6 Premium Plugin",,,,,,,,,,,,,,,,,,,,,,,,,,,,,,,,,,,,,,,,,,,,,,,,Easy,,,,,,,,,,,Myroslav,,,,,,,,,,,,,,,,,,,,,,,,,"2 Weeks Ago",,,GPL,,,,,,,,,,Themeforest,,,,,,,,,,Business,,,,,,,,,,,,,,,,,,,,,,,,,,"Annual support|Lifetime updates",,,,,,,,,,,,,Default,,,,,,,,,"Single site",,,,,,,,,,,,,,,"6 months",Forum,,,,,,7,,,,,,,,,,,,,,,,,,,,,,,,,,Latest,,
3301,Jupiter,,product,external,0,59,,"Wordpress Themes>Blog / Magazine",,,https://appsfomo.com/reviews/jupiter/,2020-07-12,https://1.envato.market/DVbdDo,"Buy Now",,135000,,,"12 Premium Plugins",,,,,,,,,,,,,,,,,,,,,,,,,,,,,,,,,,,,,,,,,,,,,,,,Easy,,,,,,,,,,,"Rouzbeh Firouzmand",,,,,,,,,,,,,,,,,,,,,,,,,"1 Week ago",,,GPL,,,,,,,,,,Themeforest,,,,,,,,,,Multi-Purpose,,,,,,,,,,,,,,,,,,,,,,,,,,"Annual support|Lifetime updates",,,,,,,,,,,,,14-10-2020,,,,,,,,,"Single site",,,,,,,,,,,,,,,"6 months","Forum|Support tickets",,,,,,18,,,,,,,,,,,,,,,,,,,,,,,,,,Latest,,
3307,Publisher,,product,external,0,35,,"Wordpress Themes>Blog / Magazine",,,https://appsfomo.com/reviews/publisher/,2020-07-02,https://betterstudio.com/,,,20k+,,,"20 Premium Plugins",,,,,,,,,,,,,,,,,,,,,,,,,,,,,,,,,,,,,,,,,,,,,,,,Easy,,,,,,,,,,,BetterStudio,,,,,,,,,,,,,,,,,,,,,,,,,"1 Week ago",,,GPL,,,,,,,,,,"Own Site",,,,,,,,,,Blog|Magazine,,,,,,,,,,,,,,,,,,,,,,,,,,"Annual subscription|Lifetime Club|Lifetime updates|One-time payment",,,,,,,,,,,,,20-11-2020,,,,,,,,,"5 sites|Single site|Unlimited",,,,,,,,,,,,,,,"6 months|Lifetime","Comunity|Support tickets",,,,,,10+,,,,,,,,,,,,,,,,,,,,,,,,,,Latest,,
3309,Rehub,,product,external,0,55,,"Wordpress Themes>Blog / Magazine",,,https://appsfomo.com/reviews/rehub/,2020-07-18,https://1.envato.market/5bM0O9,"Buy Now",,22269,,,"11 Chid Theme and 11 Plugins",,,,,,,,,,,,,,,,,,,,,,,,,,,,,,,,,,,,,,,,,,,,,,,,Easy,,,,,,,,,,,Sizam,,,,,,,,,,,,,,,,,,,,,,,,,"1 Week ago",,,GPL,,,,,,,,,,Themeforest,,,,,,,,,,E-commerce|Multi-Purpose,,,,,,,,,,,,,,,,,,,,,,,,,,"Annual support|Lifetime updates",,,,,,,,,,,,,Default,,,,,,,,,Default,,,,,,,,,,,,,,,"6 months","Support tickets",,,,,,1,,,,,,,,,,,,,,,,,,,,,,,,,,Latest,,
3313,Eduma,,product,external,0,69,,"Wordpress Themes>Education &amp; Non profit",,,https://appsfomo.com/reviews/eduma/,2020-07-25,https://themeforest.net/item/education-wordpress-theme-education-wp/14058034,"Buy Now",,,,,,,,,,,,,,,,,,,,,,,,,,,,,,,,,,,,,,,,,,,,,,,,,,,,,Easy,,,,,,,,,,,,,,,,,,,,,,,,,,,,,,,,,,,,,,,,,,,,,,,,,,,,,,,,,,,Education,,,,,,,,,,,,,,,,,,,,,,,,,,,,,,,,,,,,,,,,,,,,,,,,,,,,,,,,,,,,,,,,,,,,,,,,,,,,,,,,,,,,,,,,,,,,,,,,,,
3325,Enfold,,product,external,0,59,,"Wordpress Themes>Blog / Magazine",Kriesi,,https://appsfomo.com/reviews/enfold/,2020-07-31,https://1.envato.market/x926AA,"Buy Now",,111800,,,Default,,,,,,,,,,,,,,Kriesi,,,,,,,,,,,,,,,,,,,,,,,,,,,,,,,,,,Easy,,,,,,,,,,,"Christian Budschedl",,,,,,,,,,,,,,,,,,,,,,,,,"1 month ago",,,GPL,,,,,,,,,,Themeforest,,,,,,,,,,Multi-Purpose,,,,,,,,,,,,,,,,,,,,,,,,,,"Annual support|Lifetime updates",,,,,,,,,,,,,Default,,,,,,,,,"Single site",,,,,,,,,,,,,,,"6 months",Forum,,,,,,8,,,,,,,,,,,,,,,,,,,,,,,,,,Latest,,
3327,"Be Theme",,product,external,0,59,,"Wordpress Themes>Corporate",,,https://appsfomo.com/reviews/be-theme/,2020-07-09,https://1.envato.market/rnzNAQ,"Buy Now",,200000,,,"5 Premium plugins",,,,,,,,,,,,,,,,,,,,,,,,,,,,,,,,,,,,,,,,,,,,,,,,Easy,,,,,,,,,,,"Margarita Nazarova",,,,,,,,,,,,,,,,,,,,,,,,,"3 Days ago",,,GPL,,,,,,,,,,Themeforest,,,,,,,,,,Multi-Purpose,,,,,,,,,,,,,,,,,,,,,,,,,,"Annual support|Lifetime updates",,,,,,,,,,,,,,,,,,,,,,"Single site",,,,,,,,,,,,,,,"6 months",Forum,,,,,,6,,,,,,,,,,,,,,,,,,,,,,,,,,Latest,,
3341,"WYZI- Business Finder",,product,external,0,59,,"Wordpress Themes>Corporate",,,https://appsfomo.com/reviews/wyzi-business-finder/,2020-07-26,https://themeforest.net/item/wyzi-social-business-finder-wordpress-theme/18850856,"Buy Now",,,,,,,,,,,,,,,,,,,,,,,,,,,,,,,,,,,,,,,,,,,,,,,,,,,,,Easy,,,,,,,,,,,,,,,,,,,,,,,,,,,,,,,,,,,,,,,,,,,,,,,,,,,,,,,,,,,"Directory and listings",,,,,,,,,,,,,,,,,,,,,,,,,,,,,,,,,,,,,,,,,,,,,,,,,,,,,,,,,,,,,,,,,,,,,,,,,,,,,,,,,,,,,,,,,,,,,,,,,,
3365,Woffice,,product,external,0,79,,"Wordpress Themes>Corporate",,15,https://appsfomo.com/reviews/woffice/,2020-07-25,https://1.envato.market/4eWxg3,"Buy Now",,12247,,,"6 Premium Plugin",,,,,,,,,,,,,,Alkaweb,,,,,,,,,,,,,,,,,,,,,,,,,,,,,,,,,,Easy,,,,,,,,,,,"Baptiste Debever",,,,,,,,,,,,,,,,,,,,,,,,,"1 month ago",,,GPL,,,,,,,,,,Themeforest,,,,,,,,,,Buddypress,,,,,,,,,,,,,,,,,,,,,,,,,,"Annual subscription|Lifetime updates",,,,,,,,,,,,,11-11-2020,,,,,,,,,"Single site",,,,,,,,,,,,,,,"6 months","Forum|Support tickets",,,,,,20,,,,,,,,,,,,,,,,,,,,,,,,,,Latest,,
3371,WPLMS,,product,external,0,75,,"Wordpress Themes>Education &amp; Non profit",,11,https://appsfomo.com/reviews/wplms/,2020-07-17,https://1.envato.market/NK6v21,"Buy Now",,24582,,,"5 Premium plugins",,,,,,,,,,,,,,,,,,,,,,,,,,,,,,,,,,,,,,,,,,,,,,,,Easy,,,,,,,,,,,Default,,,,,,,,,,,,,,,,,,,,,,,,,"1 month ago",,,GPL,,,,,,,,,,Themeforest,,,,,,,,,,Education,,,,,,,,,,,,,,,,,,,,,,,,,,"Annual subscription|Lifetime updates",,,,,,,,,,,,,16-10-2020,,,,,,,,,"Single site",,,,,,,,,,,,,,,"6 months",FAQ,,,,,,3,,,,,,,,,,,,,,,,,,,,,,,,,,Latest,,
3373,EducationPress,,product,external,0,59,,"Wordpress Themes>Education &amp; Non profit",,12,https://appsfomo.com/reviews/educationpress/,2020-07-26,https://1.envato.market/MXNvgn,"Buy Now",,406,,,"3 Premium Plugins",,,,,,,,,,,,,,,,,,,,,,,,,,,,,,,,,,,,,,,,,,,,,,,,Easy,,,,,,,,,,,Themecycle,,,,,,,,,,,,,,,,,,,,,,,,,"10 Momths ago",,,GPL,,,,,,,,,,Themeforest,,,,,,,,,,Education,,,,,,,,,,,,,,,,,,,,,,,,,,"Annual support|Lifetime updates",,,,,,,,,,,,,16-10-2020,,,,,,,,,"Single site",,,,,,,,,,,,,,,"6 months","Support tickets",,,,,,Default,,,,,,,,,,,,,,,,,,,,,,,,,,Latest,,
3389,Oxygen,,product,external,0,59,,"Wordpress Themes>e-commerce",,12,https://appsfomo.com/reviews/oxygen/,2020-07-23,https://1.envato.market/9WJj2E,"Buy Now",,3946,,,"2 Premium Plugins",,,,,,,,,,,,,,,,,,,,,,,,,,,,,,,,,,,,,,,,,,,,,,,,Easy,,,,,,,,,,,Arlind,,,,,,,,,,,,,,,,,,,,,,,,,"1 Week ago",,,GPL,,,,,,,,,,Themeforest,,,,,,,,,,E-commerce,,,,,,,,,,,,,,,,,,,,,,,,,,"Annual support|Lifetime",,,,,,,,,,,,,13-10-2020,,,,,,,,,"Single site",,,,,,,,,,,,,,,"6 months","Comunity|FAQ|Support tickets",,,,,,3,,,,,,,,,,,,,,,,,,,,,,,,,,Latest,,
3430,Thrive,,product,external,0,67,,"Wordpress Themes>Multipurpose",Dunhakdis,,https://appsfomo.com/reviews/thrive/,2020-08-02,https://1.envato.market/KeZvPe,"Buy Now",,3500,,,,,,,,,,,,,,,,,Dunhakdis,,,,,,,,,,,,,,,,,,,,,,,,,,,,,,,,,,Easy,,,,,,,,,,,"Shane Melaugh",,,,,,,,,,,,,,,,,,,,,,,,,"1 day ago",,,GPL,,,,,,,,,,Themeforest,,,,,,,,,,Buddypress,,,,,,,,,,,,,,,,,,,,,,,,,,"Annual support|Lifetime updates",,,,,,,,,,,,,6-10-2020,,,,,,,,,"Single site",,,,,,,,,,,,,,,"6 months","Support tickets|Tutorials",,,,,,30+,,,,,,,,,,,,,,,,,,,,,,,,,,Latest,,
3465,Bellevue,,product,external,0,59,,"Wordpress Themes>Corporate",,11,https://appsfomo.com/reviews/bellevue/,2020-07-10,https://1.envato.market/a1W9Lo,"Buy Now",,20k+,,,None,,,,,,,,,,,,,,,,,,,,,,,,,,,,,,,,,,,,,,,,,,,,,,,,Moderate,,,,,,,,,,,"Ben Sibley",,,,,,,,,,,,,,,,,,,,,,,,,"1 month ago",,,GPL,,,,,,,,,,Themeforest,,,,,,,,,,Hotel,,,,,,,,,,,,,,,,,,,,,,,,,,"Annual support|Lifetime updates",,,,,,,,,,,,,19-11-2020,,,,,,,,,"Single site",,,,,,,,,,,,,,,"12 months|6 months","Support tickets",,,,,,15+,,,,,,,,,,,,,,,,,,,,,,,,,,Latest,,
3580,Avada,,product,external,0,60,,"Wordpress Themes>Creative",ThemeFusion,12,https://appsfomo.com/reviews/avada/,2020-09-02,https://1.envato.market/Vy6vQM,"Buy Now",,622k+,,,"7 Premium Plugins",,,,,,,,,,,,,,,,,,,,,,,,,,,,,,,,,,,,,,,,,,,,,,,,Easy,,,,,,,,,,,Luke,,,,,,,,,,,,,,,,,,,,,,,,,"1 month ago",,,GPL,,,,,,,,,,Themeforest,,,,,,,,,,Multi-Purpose,,,,,,,,,,,,,,,,,,,,,,,,,,"Annual support|Lifetime updates",,,,,,,,,,,,,Default,,,,,,,,,"Single site",,,,,,,,,,,,,,,"12 months|6 months","Support tickets|Video Tutoriols",,,,,,20,,,,,,,,,,,,,,,,,,,,,,,,,,Latest,,
3583,"Yoast SEO",,product,external,0,89,,"Wordpress Plugins>SEO Plugin","Yoast BV",15,https://appsfomo.com/reviews/yoast-seo/,2020-09-03,https://yoast.com/wordpress/plugins/seo/,"Buy Now",,70000+,,,"2 Addons",,,,,,,,,,,,,,,,,,,,,,,,,,,,,,,,,,,,,,,,,,,,,,,,Easy,,,,,,,,,,,,,,,,,,,,,,,,,,,,,,,,,,,,"2 Months ago",,,GPL,,,,,,,,,,"Own Site",,,,,,,,,,,,,,,,,,,,,,,,,,,,,,,,,,,,"Annual subscription|Monthly payment",,,,,,,,,,,,,"Aug 10, 2020",,,,,,,,,"Single site",,,,,,,,,,,,,,,Monthly,"Support tickets",,,,,,,,,,,"SEO Plugins",,,,,,,,,,,,,,,,,,,,,Latest,,
6206,Cloudflare,,product,external,0,20,,"SaaS>Hosting &amp; Cloud Services",,84,https://appsfomo.com/reviews/cloudflare/,2020-11-09,https://www.cloudflare.com/,"Sign Up",,,,,,,Yes,,,,,,,,,,,9.6,,,,,,,,"Cloudflare Inc",,,,,,,,,,,,,,,,,,,,,,,,,,,,,,,,,,,,,,,,,,,,,"Free Tier",,,,,,,,,,,2009,,Wordpress,,,,,,,,,No,,,,N/A,,,,,,,"Not Available",,N/A,,,,,,,,,,,,,,,,,,,,,,,,,,,,,,,,Montlhy|Yearly,,,,,,,,,,,USA,,Nov-21,,,,,,,,,,,,,,,,,,,,,,,,,,"Email|Live Chat","Web Based",,,,,,,,,,,,,,,,,,,,,,,,,,,,,,,,
6255,cPanel,,product,external,0,20,,"Web Panels",,77,https://appsfomo.com/reviews/cpanel/,2020-11-13,https://cpanel.net/,,,,,,,,,,,,,,,,,,Cpanel,,,Cpanel,Default,,,,,,,,,,,,Default,,,,Default,,Cpanel,,,,,,,Cpanel,,,,,,,,,Cpanel,,,,Cpanel,Default,,,,,,,,,,,Cpanel,,Cpanel,,,,Cpanel,,,,,,,,Cpanel,,,,,,,,,,,,,,,Cpanel,,,Default,,,,,,Cpanel,Default,,,,,,,,,,,,,Cpanel,,,,,Default,,,,Cpanel,,,,,Cpanel,,,,,,,,,,,,,Cpanel,,,,,,,Default,,,,,,,Cpanel,,Default,,Default,,,,,,,,,,,,,,,Cpanel,,,,,,,,,,,,,,Default,,,,,,,,Default,,,,,
6408,BunnyCDN,,product,external,0,1,,"SaaS>Hosting &amp; Cloud Services",,20,https://appsfomo.com/reviews/bunnycdn/,2020-11-12,http://bunny.net/,"Sign Up",,,,,,,Yes,,,,,,,,,,,8.8,,,,,,,,bunny.net,,,,,,,,,,,,,,,,,,,,,,,,,,,,,,,,,,,,,,,,,,,,,"Free Trial",,,,,,,,,,,2015,,"Cloud Storage providers|CMS Websites|Wordpress",,,,,,,,,No,,,,N/A,,,,,,,"Not Available",,N/A,,,,,,,,,,,,,,,,,,,,,,,,,,,,,,,,"Pay as you Go",,,,,,,,,,,Slovenia,,Nov-21,,,,,,,,,,,,,,,,,,,,,,,,,,Email|Ticketing,"Web Based",,,,,,,,,,,,,,,,,,,,,,,,,,,,,,,,
6419,SiteGround,,product,external,0,14.99,6.99,Hosting,,,https://appsfomo.com/reviews/siteground/,2020-11-12,https://www.siteground.com/,"Buy Now",,,,,,,,,,,,,,,,,,,,,,,,Free,,,,,,,,cPanel,,,,,,Yes,,,Available,,,10GB|20Gb|40GB,,,,,,Supported,,,Easy,Free,,Unlimited,,,,,,,,,,Yes,No,,,,,,,"Access Avilable",,,,,,,,,,,,,,,,2004,,,,,,,,,,,,"Own Site",Free,,,"30 Days",,,,,,,,,,,,,,,673ms,Available,,,,,,,,,,,,,,,,,,,,,,,,,,,,,,,,,,"In 6 Countries",,,Available,,,,,,,,"Free SSL and HTTp/2 Enabled",,,"Available in Premium",,Available,,"Email Support 24*7|Live Chat|Support Ticket",,,,,,,,,,,,,,,,,,99.99%,,,,,,Notavailable,Yes,,,Weebly,,,,,,,Supports,
6427,Bluehost,,product,external,0,2.97,,Hosting,,,https://appsfomo.com/reviews/bluehost/,2020-11-12,https://www.bluehost.com/,"Buy Now",,,,,,,,,,,,,,,,,,,,,,,,Cloudflare,,,,,,,,cPanel,,,,,,Yes,,,Available,,,50Gb|Unlimited,,,,,,Supported,,,Easy,"Basic 5 accounts|pro Unlimted",,"100MB per Account|Unlimited",,,,,,,,,,"Included in Pro","Includes For 1 Year",,,,,,,"Access Avilable",,,,,,,,,,,,,,,,2003,,,,,,,,,,,,,Free,,,"30 Days|Yes",,,,,,,,,,,,,,,641ms,"Basic 5 parked domains|Pro Unlimited parked domains",,,,,,,,,,,,,,,,,,,,,,,,,,,,,,,,,,"Single Server",,,"Basic one website|Pro Unlimited websites",,,,,,,,"Free SSL and HTTp/2 Enabled",,,Available,,"Basic 25 Sub domain|Pro Unlimited Sub domains",,"Call|Email Support 24*7|Live Chat|Support Ticket",,,,,,,,,,,,,,,,,,99.98%,,,,,,Available,Yes,,,"Bluehost Builder",,,,,,,Supports,
6488,Plesk,,product,external,0,9.17,8.25,"Web Panels",,16,https://appsfomo.com/reviews/plesk/,2020-11-16,https://www.plesk.com/,"Buy Now",,,,,,,,,,,,,,,,,"Third Party Applications",,,Available,"Domain Traffic Monitor Extention",,,,,,,,,,,,Supports,,,,Available,,"MariaDB|Microsoft SQL Server|MySQL|PostgreSQL",,,,,,,"BIND, Microsoft DNS Server, Simple DNS Plus",,,,,,,,,Available,,,,"Connecting Web folder to Computer or using Plesk Interface",,,,,,,,,,,,"Not Available",,"ProFTPD FTP Server",,,,"A2 Hosting|HostGator.|Liquid Web",,,,,,,,"Not available",,,,,,,,,,,,,,,,,,Supports,,,,,,Supports,Available,,,,,,,,,,,,,Available,,,,,"Uses Grafana",,,,,,,,,"Web Admin Edition|Web Host Edition|Web Pro Edition",,,,,,,,,,,,,"August 1, 2011",,,,,,,"Health Monitor",,,,,,,"Spam Filters",,Available,,"SSL Available",,,,,,,,,,,,,,,24*7,,,,,,,,,,,,,,VMware,,,,,,,,"Rich User Interface",,,,,
6537,Plutio,,product,external,0,19,,"SaaS>Project Management",,26,https://appsfomo.com/reviews/plutio/,2020-11-17,https://www.plutio.com/,"Sign Up",,,,,,,Yes,,,,,,,,,,,8.6,,,,,,,,Plutio,,,,,,,,,,,,,,,,,,,,,,,,,,,,,,,,,,,,,,,,,,,,,"Free Tier",,,,,,,,,,,2018,,"Integromat|Pably|PayPal|Project Cards|Stripe|Zapier",,,,,,,,,Yes,,,,Appsumo,,,,,,,Available,,N/A,,,,,,,,,,,,,,,,,,,,,,,,,,,,,,,,Montlhy,,,,,,,,,,,UK,,Nov-21,,,,,,,,,,,,,,,,,,,,,,,,,,"Email|Live Chat","Android|Web Based|Windows",,,,,,,,,,,,,,,,,,,,,,,,,,,,,,,,
6622,CiuisCRM,,product,external,0,45,,"PHP Scripts",SuiseSoft,,https://appsfomo.com/reviews/ciuiscrm/,2020-11-17,https://1.envato.market/QOYMg6,"Buy Now",,,,"Premium Addons",,,,,,,,,,,,,,,SuiseSoft,,,,,,,,"Chrome|Edge|Fire Fox|Opera|Safari",,,,,,,,,,,,,,,,,,,,"Full Documentation available",,,,,,Easy,,,,,,,,,,,,,,,,,,,,,,,,,,,"Small Businesses|Software tools|Startups",,,,,,,,,"2 Months ago",,Default,,,,,,,,,,,Codecanyon,,,,,,,,,,Business,,,,,,,,,,,,,,,,,"Version 7x",,,,,,,,,"Annual subscription",,,,,,,,,,,,,,,,,,,,,,,,,,,,,,,,,,,,,"6 months","Support tickets",,,,,,,,,,,,,,V1.97,,,None,,,,,,,,,,,,,,,,,
6645,Mailchimp,,product,external,0,9,,"SaaS>Marketing and Sales",Mailchimp,25,https://appsfomo.com/reviews/mailchimp/,2020-11-19,https://shop.appsfomo.com/p/cWPi/r,"Sign Up",,,,,,,Yes,,,,,,,,,,,9.2,,,,,,,,"Intuit Mailchimp",,,,,,,,,,,,,,,,,,,,,,,,,,,,,,,,,,,,,,,,,,,,,"Free Tier",,,,,,,,,,,2001,,shopify|Stripe|WooCommerce,,,,,,,,,No,,,,N/A,,,,,,,Available,,N/A,,,,,,,,,,,,,,,,,,,,,,,,,,,,,,,,Montlhy,,,,,,,,,,,USA,,Nov-21,,,,,,,,,,,,,,,,,,,,,,,,,,"Email|Live Chat","Android|Web Based|Windows",,,,,,,,,,,,,,,,,,,,,,,,,,,,,,,,
6938,SendGrid,,product,external,0,19.95,,"SaaS>Marketing and Sales",SendGrid,,https://appsfomo.com/reviews/sendgrid/,2020-11-24,https://sendgrid.com/,"Sign Up",,,,,,,Yes,,,,,,,,,,,8.4,,,,,,,,"Twilio SendGrid",,,,,,,,,,,,,,,,,,,,,,,,,,,,,,,,,,,,,,,,,,,,,"Free Tier",,,,,,,,,,,2009,,"Amazon Web Services|Google Cloud Platform|Microsoft Azure",,,,,,,,,No,,,,N/A,,,,,,,Available,,N/A,,,,,,,,,,,,,,,,,,,,,,,,,,,,,,,,Montlhy,,,,,,,,,,,USA,,Nov-21,,,,,,,,,,,,,,,,,,,,,,,,,,"Email|Live Chat","Android|Web Based",,,,,,,,,,,,,,,,,,,,,,,,,,,,,,,,
8302,Hestia,,product,external,0,69,,"Wordpress Themes>Multipurpose",Themeisle,,https://appsfomo.com/reviews/hestia/,2021-01-06,https://themeisle.com/themes/hestia/,"Buy Now",,"100,000+",,,"2 Addons",,,,,,,,,,,,,,,,,,,,,,,,,,,,,,,,,,,,,,,,,,,,,,,,Easy,,,,,,,,,,,"Tony Perez",,,,,,,,,,,,,,,,,,,,,,,,,"1 month ago",,,GPL,,,,,,,,,,"Own Site",,,,,,,,,,Multi-Purpose,,,,,,,,,,,,,,,,,,,,,,,,,,"Annual subscription|Lifetime updates",,,,,,,,,,,,,05-01-2021,,,,,,,,,"3 Sites|Single site|Unlimited",,,,,,,,,,,,,,,"12 months|6 months","Support tickets|Video Tutoriols",,,,,,10+,,,,,,,,,,,,,,,,,,,,,,,,,,Latest,,
8314,OceanWP,8314,product,external,0,39,,"Wordpress Themes>Multipurpose",OceanWp,,https://appsfomo.com/reviews/oceanwp/,2021-01-05,https://oceanwp.org/,"Buy Now",,,,,,,,,,,,,,,,,,,,,,,,,,,,,,,,,,,,,,,,,,,,,,,,,,,,,,,,,,,,,,,,,,,,,,,,,,,,,,,,,,,,,,,,,,,,,,,,,,,,,,,,,,,,,,,,,,,,,,,,,,,,,,,,,,,,,,,,,,,,,,,,,,,,,,,,,,,,,,,,,,,,,,,,,,,,,,,,,,,,,,,,,,,,,,,,,,,,,,,,,,,,,,,,,,
8336,ShopIsle,,product,external,0,52,,"Wordpress Themes>e-commerce",Themeisle,,https://appsfomo.com/reviews/shopisle/,2021-01-06,https://themeisle.com/themes/shop-isle-pro/#pricing,"Buy Now",,"20,000+",,,"2 Addons",,,,,,,,,,,,,,,,,,,,,,,,,,,,,,,,,,,,,,,,,,,,,,,,Easy,,,,,,,,,,,"Tony Perez",,,,,,,,,,,,,,,,,,,,,,,,,"5 Months ago",,,GPL,,,,,,,,,,"Own Site",,,,,,,,,,E-commerce,,,,,,,,,,,,,,,,,,,,,,,,,,"Annual subscription|Lifetime updates",,,,,,,,,,,,,06-01-2021,,,,,,,,,"3 Sites|Single site|Unlimited",,,,,,,,,,,,,,,"6 months","Support tickets",,,,,,10+,,,,,,,,,,,,,,,,,,,,,,,,,,Latest,,
8340,BetterDocs,,product,external,0,39,,"Wordpress Plugins>Documentation","WP developer",,https://appsfomo.com/reviews/betterdocs/,2021-01-06,https://betterdocs.co/,"Buy Now",,10000,,,None,,,,,,,,,,,,,,,,,,,,,,,,,,,,,,,,,,,,,,,,,,,,,,,,Easy,,,,,,,,,,,"Nils von Dellingshausen",,,,,,,,,,,,,,,,,,,,,,,,,"3 Days ago",,,GPL,,,,,,,,,,"Own Site",,,,,,,,,,,,,,,,,,,,,,,,,,,,,,,None,,,,,"Annual subscription",,,,,,,,,,,,,,,,,,,,,,"Single site|Unlimited",,,,,,,,,,,,,,,"12 months","Support tickets",,,,,,10+,,,,,Documentation,,,,,,,,,,,,,,,,,,,,,Latest,,
8345,Generatepress,,product,external,0,59,44,"Wordpress Themes",Generatepress,,https://appsfomo.com/reviews/generatepress-lightning-speed-wordpress-theme-2021-review/,2021-01-06,https://generatepress.com/,"Buy Now",,1000k+,,,,,,,,,,,,,,,,,"Tom Usborne",,,,,,,,,Astra|Genesis|OceanWP,,,,,,,,,,,,,,30+,,,,,,,,,,EDD|WooCommerce,,,,,,,,,,,,"Tom Usborne",,,,,,,,,,,,,,,,,,,,,,,,,,,,GPL,,,,,,,,,,"Own Site",,,Full,,,,WPML,,,Multipurpose,,,Yes,,,"GP Premium",,,,,,,,,,,,,,,,,,,,Lifetime|Yearly,,,,,,,,,,,,,"Jan 7, 2021",,,,,,,,,Unlimited,,,,,,,,,,,,,,,Lifetime|Yearly,"Email|Forum|Support tickets",,,Beaver|Elementor|Gutenberg,,,10+,,,,,,,"Blogger's Favourite Theme|Light weight|Live page builder|Multipurpose|No code dependencies|Site Library",,,,,,,,,,,,,,,,,,,Latest,,
8405,Kadence,,product,external,0,69,56,"Wordpress Themes>Multipurpose",,,https://appsfomo.com/reviews/kadence/,2021-01-08,https://kadence-theme.com/,"Buy Now",,1M+,,,,,,,,,,,,,,,,,KadenceWP,,,,,,,,,Astra|Generatepress|OceanWP,,,,,,,,,,,,,,10+,,,,,,,,,,WooCommerce,,,,,,,,,,,,KadenceWP,,,,,,,,,,,,,,,,,,,,,,,,,,,,GPL,,,,,,,,,,"Own Site",,,Full,,,,WPML,,,Design|Modern|Multipurpose,,,Yes,,,"Ascend|Kadence Blocks|Kadence Woo Extras|Pinnacle|Virtue",,,,,,,,,,,,,,,,,,,,Lifetime|Yearly,,,,,,,,,,,,,08-01-2021,,,,,,,,,Unlimited,,,,,,,,,,,,,,,Lifetime|Yearly,"Email|Forum|Support tickets",,,Beaver|Brizy|Elementor|Gutenberg,,,30+,,,,,,,"Flexibility|Header Builder|Hooks|Live page builder|Multipurpose|Site Library|Woocommerce Support",,,,,,,,,,,,,,,,,,,Latest,,
8509,Imagely,,product,external,0,29,,"Wordpress Themes>Creative",Imagely,,https://appsfomo.com/reviews/imagely/,2021-01-11,https://www.imagely.com/pricing/,"Buy Now",,"750,000+",,,,,,,,,,,,,,,,,Imagely,,,,,,,,,Modesto|Photography,,,,,,,,,,,,,,19+,,,,,,,,,,WooCommerce,,,,,,,,,,,,"Erick Danzer",,,,,,,,,,,,,,,,,,,,,,,,,,,,GPL,,,,,,,,,,"Own Site",,,Full,,,,WPML,,,Design|Modern|Photography,,,Yes,,,"NextGen Gallery",,,,,,,,,,,,,,,,,,,,Lifetime|Yearly,,,,,,,,,,,,,11-01-2021,,,,,,,,,"3 Sites|5 sites|Single site|Unlimited",,,,,,,,,,,,,,,Lifetime|Yearly,"Email|Forum|Support tickets",,,Beaver|Brizy|Elementor,,,10+,,,,,,,"19+ chi;d theme|Image Social Sharing|LightBox|Woocommerce Support",,,,,,,,,,,,,,,,,,,Latest,,
9234,Brizy,,product,external,0,49,,"Wordpress Themes>Page Builder",Brizy,,https://appsfomo.com/reviews/brizy/,2021-01-15,https://www.brizy.io/brizy-pro-pricing/,"Buy Now",,"NITESH RAGHUWANSHI",,,,,,,,,,,,,,,,,Brizy,,,,,,,,,"Beaver builder|Elementor",,,,,,,,,,,,,,120+,,,,,,,,,,WooCommerce,,,,,,,,,,,,"Nitesh Raghuwabshi",,,,,,,,,,,,,,,,,,,,,,,,,,,,GPL,,,,,,,,,,"Own Site",,,Full,,,,WPML,,,"Design|Modern|Page Builder",,,Yes,,,"BRizy Cloud",,,,,,,,,,,,,,,,,,,,Lifetime|Yearly,,,,,,,,,,,,,15-01-2021,,,,,,,,,"3 Sites|Unlimited",,,,,,,,,,,,,,,Lifetime|Yearly,"Email|Forum|Support tickets",,,Brizy,,,15+,,,,,,,"Brizy Cloud|Dynamic Content|Woocommerce Support",,,,,,,,,,,,,,,,,,,Latest,,
9530,SEOPress,,product,external,0,39,,"Wordpress Plugins>SEO Plugin","SEO Press",,https://appsfomo.com/reviews/seopress/,2021-01-21,https://www.seopress.org/pricing/ref/452/,"Buy Now",,1000000,,,None,,,,,,,,,,,,,,,,,,,,,,,,,,,,,,,,,,,,,,,,,,,,,,,,Easy,,,,,,,,,,,,,,,,,,,,,,,,,,,,,,,,,,,,"2 Days ago",,,GPL,,,,,,,,,,"Own Site",,,,,,,,,,,,,,,,,,,,,,,,,,,,,,,,,,,,"Annual subscription",,,,,,,,,,,,,21-01-2021,,,,,,,,,Unlimited,,,,,,,,,,,,,,,"12 months","Support tickets",,,,,,,,,,,"SEO Plugins",,,,,,,,,,,,,,,,,,,,,Latest,,
9862,"Elementor Pro",,product,external,0,49,,"Wordpress Plugins>Page Builder","Elementor Ltd",,https://appsfomo.com/reviews/elementor-pro/,2021-03-01,https://elementor.com/pro/,"Buy Now",,"5+ million",,,"10+ Addons",,,,,,,,,,,,,,,,,,,,,,,,,,,,,,,,,,,,,,,,,,,,,,,,Easy,,,,,,,,,,,,,,,,,,,,,,,,,,,,,,,,,,,,"2 Days ago",,,GPL,,,,,,,,,,"Own Site",,,,,,,,,,,,,,,,,,,,,,,,,,,,,,,,,,,,"Annual subscription",,,,,,,,,,,,,27-01-2021,,,,,,,,,"1000 sites|3 Sites|Single site",,,,,,,,,,,,,,,"12 months","Support tickets",,,,,,,,,,,"Page Builder",,,,,,,,,,,,,,,,,,,,,Latest,,
9880,LearnDash,,product,external,0,159,,"Wordpress Plugins>LMS",LearnDash,,https://appsfomo.com/reviews/learndash/,2021-03-03,https://www.learndash.com/pricing-and-purchase/,"Buy Now",,"1.5 M",,,"10+ Addons",,,,,,,,,,,,,,,,,,,,,,,,,,,,,,,,,,,,,,,,,,,,,,,,Moderate,,,,,,,,,,,,,,,,,,,,,,,,,,,,,,,,,,,,"2 Days ago",,,GPL,,,,,,,,,,"Own Site",,,,,,,,,,,,,,,,,,,,,,,,,,,,,,,,,,,,"Annual subscription",,,,,,,,,,,,,28-01-2021,,,,,,,,,"10 Sites|25 Sites|Single site",,,,,,,,,,,,,,,"12 months","Support tickets",,,,,,,,,,,LMS,,,,,,,,,,,,,,,,,,,,,Latest,,
9895,"Caldera Forms",,product,external,0,49,,"Wordpress Plugins>Forms &amp; Popups","Caldera Labs",,https://appsfomo.com/reviews/caldera-forms/,2021-03-03,https://calderaforms.com/pricing/,"Buy Now",,"200,000",,,"32 + Premium addons",,,,,,,,,,,,,,,,,,,,,,,,,,,,,,,,,,,,,,,,,,,,,,,,Easy,,,,,,,,,,,,,,,,,,,,,,,,,,,,,,,,,,,,"1 month ago",,,GPL,,,,,,,,,,"Own Site",,,,,,,,,,,,,,,,,,,,,,,,,,,,,,,,,,,,"Annual subscription",,,,,,,,,,,,,29-01-2021,,,,,,,,,Unlimited,,,,,,,,,,,,,,,"12 months","Support tickets",,,,,,,,,,,"Form builder",,,,,,,,,,,,,,,,,,,,,Latest,,
9904,StackSocial,,product,external,0,,,"Deals Platform",StackCommerce,,https://appsfomo.com/reviews/stacksocial/,2021-02-01,https://stacksocial.com/,"Buy Now",,,,,,8%,,,"Referral System","6,633",,,,,,,,,,,,,,,,,,Appsumo|Pitchground,,,,,,,"United States",,,,,"On-site Submission",,,,,,,,,,,,,,,,,,Dashboard|Portal,,,,,,,,,,,Yes,,,Included,,,,,,,,"Household products|Software tools|Startups",,2011,,,,,,,,,,,,None,,,,,,,,,,,,,"9,734,010","$145,980",,,,"Online Marketing",,"$50 - $150",,,,,,,,,,Paypal,,,,,,,,,,,,,,,,,,,,,,,"Full Refund within time",,,,29-01-2021,,,,,,,,,,,,Facebook|Twitter,,,,,,,,,,,,,,Emails,,,,,40+,,,,,,59/100,,,,,,,,,,,,,,,,,,,"$34,515,000",,,
9911,AppSumo,,product,external,0,,,"Deals Platform",Appsumo,80,https://appsfomo.com/reviews/appsumo/,2021-02-01,https://appsumo.com/,"Buy Now",,,,,,"100% for new customers",,,"Referral System","7,417",,,,,,,,,,,,,,,,,,Pitchground|StackSocial,,,,,,,"United States",,,,,"On-site Submission",,,,,,,,,,,,,,,,,,Dashboard|Portal,,,,,,,,,,,Yes,,,Included,,,,,,,,"Software tools",,2012,,,,,,,,,,,,Demio,,,,,,,,,,,,,"8,166,000","$122,460/month",,,,"Deals Platform|Online Marketing",,"$50 - $150",,,,,,,,,,Paypal,,,,,,,,,,,,,,,,,,,,,,,"Full Refund within time",,,,29-01-2021,,,,,,,,,,,,Facebook|Twitter,,,,,,,,,,,,,,Emails,,,,,30+,,,,,,68/100,,,,,,,,,,,,,,,,,,,"$27,010,000",,,
9936,Shortpixel,,product,external,0,4.99,,"Wordpress Plugins",ShortPixel,84,https://appsfomo.com/reviews/shortpixel/,2021-02-03,https://shortpixel.com/pricing,"Buy Now",,200000,,,None,,,,,,,,,,,,,,,,,,,,,,,,,,,,,,,,,,,,,,,,,,,,,,,,Easy,,,,,,,,,,,,,,,,,,,,,,,,,,,,,,,,,,,,"2 Weeks Ago",,,GPL,,,,,,,,,,"Own Site",,,,,,,,,,,,,,,,,,,,,,,,,,,,,,,,,,,,"Monthly payment|One-time payment",,,,,,,,,,,,,02-02-2021,,,,,,,,,Unlimited,,,,,,,,,,,,,,,Monthly,"Support tickets",,,,,,,,,,,"Image Optimizer",,,,,,,,,,,,,,,,,,,,,Latest,,
10007,"WP Fluent Forms",,product,external,0,59,,"Wordpress Plugins>Forms &amp; Popups",WpManageNinja,78,https://appsfomo.com/reviews/fluent-forms/,2021-02-05,https://wpmanageninja.com/downloads/fluentform-pro-add-on/,"Buy Now",,"50,000+",,,"10+ Addons",,,,,,,,,,,,,,,,,,,,,,,,,,,,,,,,,,,,,,,,,,,,,,,,Easy,,,,,,,,,,,,,,,,,,,,,,,,,,,,,,,,,,,,"2 Months ago",,,GPL,,,,,,,,,,"Own Site",,,,,,,,,,,,,,,,,,,,,,,,,,,,,,,,,,,,"Annual subscription|Lifetime",,,,,,,,,,,,,05-02-2021,,,,,,,,,"5 sites|Single site|Unlimited",,,,,,,,,,,,,,,"12 months","Support tickets",,,,,,,,,,,"Form builder",,,,,,,,,,,,,,,,,,,,,Latest,,
10059,Ora,,product,external,0,10,4.33,"SaaS>Project Management",,11,https://appsfomo.com/reviews/ora/,2021-02-11,https://ora.pm/,"Sign Up",,,,,,,Yes,,,,,,,,,,,8,,,,,,,,Ora.pm,,,,,,,,,,,,,,,,,,,,,,,,,,,,,,,,,,,,,,,,,,,,,"Free Tier",,,,,,,,,,,2015,,Slack,,,,,,,,,Yes,,,,"Appsumo,Other",,,,,,,Available,,N/A,,,,,,,,,,,,,,,,,,,,,,,,,,,,,,,,Montlhy|Onetime|Yearly,,,,,,,,,,,Bulgaria,,"Febraury 2021",,,,,,,,,,,,,,,,,,,,,,,,,,"Email|Live Chat","Android|IOS|Linux|Web Based|Windows",,,,,,,,,,,,,,,,,,,,,,,,,,,,,,,,
10060,Glorify,,product,external,0,29.99,,"SaaS>Design &amp; Collaboration",Glorify,92,https://appsfomo.com/reviews/glorify/,2021-02-12,https://www.glorifyapp.com/pricing/,"Sign Up",,,,,,,Yes,,,,,,,,,,,8.8,,,,,,,,Glorify,,,,,,,,,,,,,,,,,,,,,,,,,,,,,,,,,,,,,,,,,,,,,"Free Tier",,,,,,,,,,,2019,,"Stock Libraries|Template bundle",,,,,,,,,Yes,,,,"Appsumo,Other",,,,,,,"Not Available",,"30 Days",,,,,,,,,,,,,,,,,,,,,,,,,,,,,,,,Montlhy|Yearly,,,,,,,,,,,UK,,"Febraury 2021",,,,,,,,,,,,,,,,,,,,,,,,,,"Email|Live Chat","Web Based",,,,,,,,,,,,,,,,,,,,,,,,,,,,,,,,
10061,Trello,,product,external,0,5,,"SaaS>Project Management",Trello,89,https://appsfomo.com/reviews/trello/,2021-02-12,https://trello.com/home,"Sign Up",,,,,,,No,,,,,,,,,,,8.6,,,,,,,,Trello,,,,,,,,,,,,,,,,,,,,,,,,,,,,,,,,,,,,,,,,,,,,,"Free Tier",,,,,,,,,,,2011,,"Jira cloud|Miro|Slack|Zapier",,,,,,,,,No,,,,N/A,,,,,,,Available,,"60 Days",,,,,,,,,,,,,,,,,,,,,,,,,,,,,,,,Montlhy,,,,,,,,,,,USA,,"Febraury 2021",,,,,,,,,,,,,,,,,,,,,,,,,,"Email|Live Chat|Ticketing","Android|Web Based|Windows",,,,,,,,,,,,,,,,,,,,,,,,,,,,,,,,
10062,VistaCreate,,product,external,0,10,,"SaaS>Design &amp; Collaboration",VistaCreate,89,https://appsfomo.com/reviews/crello/,2021-02-12,https://crello.com/,"Sign Up",,,,,,,No,,,,,,,,,,,9.2,,,,,,,,VistaCreate,,,,,,,,,,,,,,,,,,,,,,,,,,,,,,,,,,,,,,,,,,,,,"Free Tier",,,,,,,,,,,2017,,"Adobe XD|Jira|Slack",,,,,,,,,Yes,,,,Appsumo,,,,,,,Available,,N/A,,,,,,,,,,,,,,,,,,,,,,,,,,,,,,,,Montlhy|Yearly,,,,,,,,,,,Cyprus,,"Febraury 2021",,,,,,,,,,,,,,,,,,,,,,,,,,"Email|Live Chat","Android|IOS|Linux|Web Based|Windows",,,,,,,,,,,,,,,,,,,,,,,,,,,,,,,,
10082,"WP Security Ninja",,product,external,0,7.99,,"Wordpress Plugins>Security Plugin","WP Security Ninja",33,https://appsfomo.com/reviews/wp-security-ninja/,2021-02-27,https://wpsecurityninja.com/#pricing,"Buy Now",,10000,,,None,,,,,,,,,,,,,,,,,,,,,,,,,,,,,,,,,,,,,,,,,,,,,,,,Easy,,,,,,,,,,,,,,,,,,,,,,,,,,,,,,,,,,,,"1 Week ago",,,GPL,,,,,,,,,,"Own Site",,,,,,,,,,,,,,,,,,,,,,,,,,,,,,,,,,,,"Annual subscription|Monthly payment|One-time payment",,,,,,,,,,,,,15-02-2021,,,,,,,,,"10 Sites|100 sites|25 Sites|3 Sites|50 Sites|Single site",,,,,,,,,,,,,,,"12 months|Life time|Monthly","Support tickets",,,,,,,,,,,Security,,,,,,,,,,,,,,,,,,,,,Latest,,
10114,"All-in-One WP Migration",,product,external,0,69,,"Wordpress Plugins>Security Plugin",ServMask,70,https://appsfomo.com/reviews/all-in-one-wp-migration/,2021-02-18,https://import.wp-migration.com/,"Buy Now",,"3+ Million",,,"18 paid extensions",,,,,,,,,,,,,,,,,,,,,,,,,,,,,,,,,,,,,,,,,,,,,,,,Easy,,,,,,,,,,,,,,,,,,,,,,,,,,,,,,,,,,,,"2 Weeks Ago",,,GPL,,,,,,,,,,"Own Site",,,,,,,,,,,,,,,,,,,,,,,,,,,,,,,,,,,,"One-time payment",,,,,,,,,,,,,17-02-2021,,,,,,,,,"Single site",,,,,,,,,,,,,,,"Life time",Email,,,,,,,,,,,Migration,,,,,,,,,,,,,,,,,,,,,Latest,,
10260,TexAu,,product,external,0,29,,"SaaS>Business Tools",TexAu,86,https://appsfomo.com/reviews/texau/,2021-03-08,https://texau.com/,"Sign Up",,,,,,,Yes,,,,,,,,,,,8.4,,,,,,,,TexAu,,,,,,,,,,,,,,,,,,,,,,,,,,,,,,,,,,,,,,,,,,,,,"Free Tier",,,,,,,,,,,2020,,Zapier,,,,,,,,,Yes,,,,Appsumo,,,,,,,Available,,N/A,,,,,,,,,,,,,,,,,,,,,,,,,,,,,,,,Montlhy|Yearly,,,,,,,,,,,USA,,Mar-21,,,,,,,,,,,,,,,,,,,,,,,,,,"Email|Live Chat","Android|Web Based|Windows",,,,,,,,,,,,,,,,,,,,,,,,,,,,,,,,
10281,Amelia,,product,external,0,59,,"Wordpress Plugins>Calendar",TMS,16,https://appsfomo.com/reviews/amelia-wordpress-appointment-booking-plugin/,2021-03-09,https://wpamelia.com/pricing/,"Buy Now",,20k+,,,None,,,,,,,,,,,,,,,,,,,,,,,,,,,,,,,,,,,,,,,,,,,,,,,,Easy,,,,,,,,,,,,,,,,,,,,,,,,,,,,,,,,,,,,"1 month ago",,,GPL,,,,,,,,,,"Own Site",,,,,,,,,,,,,,,,,,,,,,,,,,,,,,,,,,,,"Annual subscription|Yearly",,,,,,,,,,,,,09-03-2021,,,,,,,,,"3 Sites|Single site|Unlimited",,,,,,,,,,,,,,,"12 months","Support tickets",,,,,,,,,,,Calendars,,,,,,,,,,,,,,,,,,,,,Latest,,
10284,"Advanced Custom Fields",,product,external,0,49,,"Wordpress Plugins>Miscellaneous",ACF,28,https://appsfomo.com/reviews/advanced-custom-fields/,2021-03-19,https://www.advancedcustomfields.com/pro/,"Buy Now",,"1+ million",,,"10+ Addons",,,,,,,,,,,,,,,,,,,,,,,,,,,,,,,,,,,,,,,,,,,,,,,,Easy,,,,,,,,,,,,,,,,,,,,,,,,,,,,,,,,,,,,"4 weeks ago",,,GPL,,,,,,,,,,"Own Site",,,,,,,,,,,,,,,,,,,,,,,,,,,,,,,,,,,,"Annual subscription",,,,,,,,,,,,,09-03-2021,,,,,,,,,"10 Sites|Single site|Unlimited",,,,,,,,,,,,,,,"12 months","Documentation|Live chat|Support tickets",,,,,,,,,,,"Page Builder",,,,,,,,,,,,,,,,,,,,,Latest,,
10402,RelayThat,,product,external,0,15,,"SaaS>Design &amp; Collaboration",RelayThat,87,https://appsfomo.com/reviews/relaythat/,2021-03-19,https://www.dealify.com/relaythat/?deal=stellar,"Sign Up",,,,,,,No,,,,,,,,,,,9.1,,,,,,,,RelayThat,,,,,,,,,,,,,,,,,,,,,,,,,,,,,,,,,,,,,,,,,,,,,"Not Available",,,,,,,,,,,2016,,"Stock images",,,,,,,,,Yes,,,,Appsumo,,,,,,,"Not Available",,N/A,,,,,,,,,,,,,,,,,,,,,,,,,,,,,,,,Montlhy,,,,,,,,,,,USA,,Mar-21,,,,,,,,,,,,,,,,,,,,,,,,,,Email|Ticketing,"Web Based",,,,,,,,,,,,,,,,,,,,,,,,,,,,,,,,
10797,Shopify,,product,external,0,25,,eCommerce,Shopify,,https://appsfomo.com/reviews/shopify/,2021-03-26,https://www.relaythat.com/pricing,"Buy Now",,,,,,,,,,,,,,,,,,,"Tobias Lütke",,,,,,,,,,,,,,,,,,,,,,,,"10 free and 64 + paid themes",,,,,,,,,,Easy,,,,,,,,,,,,,,,,,,,,,,,,,,,,,,,,,,,,,,,,,,,,,,,,"Email Marketing","Own Site",,,,,,,,,,,,,,,,,,,,,,,"Master Card|Visa Card",,,,,,,,,,,,,"Monthly payment",,,,,,,,,,,,2006,15-03-2021,,"Apps|Multi-Channel Integration|Payment Gateways|Point of sale|Product Management|Shipping","PCI DSS|SSl",,,,,,,,,,,,,,,,,,,,,,,"Blogs|Emails|Help center",,,,,,,,,,e-commerce,,,,,,,,,,,,,,,,,,,,,,,
11133,Magento,,product,external,0,,,eCommerce,,,https://appsfomo.com/reviews/magento/,2021-03-29,https://magento.com/products/pricing,"Buy Now",,,,,,,,,,,,,,,,,,,Adobe,,,,,,,,,,,,,,,,,,,,,,,,,,,,,,,,,,Advanced,,,,,,,,,,,,,,,,,,,,,,,,,,,,,,,,,,,,,,,,,,,,,,,,,"Own Site",,,,,,,,,,,,,,,,,,,,,,,"Master Card|Paypal|Stripe|Visa Card",,,,,,,,,,,,,"Free Open-source|On Demand Pricing",,,,,,,,,,,,"March 2008",15-03-2021,,,,,,,,,,,,,,,,,,,,,,,,,,"Help center",,,,,,,,,,"Enterprise Software",,,,,,,,,,,,,,,,,,,,,,,
11198,WordPress,,product,external,0,0.00,,"Content Management Systems",,,https://appsfomo.com/reviews/wordpress/,2021-03-31,https://wordpress.org/,"Download Now",,,,,,,,,,,,,,,,,,,"Matt Mullenweg|Mike Little",,,,,,,,,,,,,,,,,,,,,,,,,,,,,,,,,,Easy,,,,,,,,,,,,,,,,,,,,,,,,,,,,,2003,,,,,,,,,"GPL v3",,,,,,,,,,,,,,,,,,,,,,,,,,,,,,,,,,,,,,,,,,,,,,,,"Free (Open source)",,,,,,,,,,,,,,,,,,,,,,,,,,,,,,,,,,,,,,,,,,,,,,,,Blogging,,,,,,,,,,,,,,,,,,,,,,,
11413,"User Back",,product,external,0,79,,"SaaS>Business Tools","User Back",81,https://appsfomo.com/reviews/user-back/,2021-04-01,https://www.userback.io/pricing,"Sign Up",,,,,,,Yes,,,,,,,,,,,8.6,,,,,,,,Userback,,,,,,,,,,,,,,,,,,,,,,,,,,,,,,,,,,,,,,,,,,,,,"Free Trial",,,,,,,,,,,2016,,"Wordpress plugin|Zapier",,,,,,,,,Yes,,,,Appsumo,,,,,,,"Not Available",,N/A,,,,,,,,,,,,,,,,,,,,,,,,,,,,,,,,Montlhy|Yearly,,,,,,,,,,,Australia,,Apr-21,,,,,,,,,,,,,,,,,,,,,,,,,,"Email|Live Chat|Ticketing","Web Based",,,,,,,,,,,,,,,,,,,,,,,,,,,,,,,,
11527,"7 Zip",,product,external,0,,,"Apps &amp; Utilities",,,https://appsfomo.com/reviews/7-zip/,2021-04-02,https://www.7-zip.org/,"Install Now",,,,,,,,,,,,,,,,,,,"Igor Pavlov",,,,,,,,,,,,,,,,,,,,,,,,,,,,,,,,,,Easy,,,,,,,,,,,,,,,,,,,,,,,,,,,,,1999,,,,,,,"2 Years ago",,LGPLv2.1,,,,,,,,,,,,,,,,,,"89 Languages",,,,,,,,,,,,,,,,,,,,,,,Linux|ReactOS|Windows,,,,,,,,,,,,,,,,,,,,,,,,,,,,,,,,,,,,,,,,,,"Community Support",,,,,,,,,,,,,"Utility Software",,,,,,,,,,,,,,,,,,,,,,,
11620,Drupal,,product,external,0,0.00,,"Content Management Systems",,80,https://appsfomo.com/reviews/drupal/,2021-04-07,https://www.drupal.org/,"Download Now",,,,,,,,,,,,,,,,,,,,,,,,,,,,,,,,,,,,,,,,,,,,,,,,,,,,,,,,,,,,,,,,,,,,,,,,,,,,,,,,,,,,,,,,,,,,,,,,,,,,,,,,,,,,,,,,,,,,,,,,,,,,,,,,,,,,,,,,,,,,,,,,,,,,,,,,,,,,,,,,,,,,,,,,,,,,,,,,,,,,,,,,,,,,,,,,,,,,,,,,,,,,,,,,,,
11694,"WP Reset",,product,external,0,4.99,,"Wordpress Plugins",,84,https://appsfomo.com/reviews/wp-reset/,2021-04-08,https://shortpixel.com/pricing,"Buy Now",,200000,,,None,,,,,,,,,,,,,,,,,,,,,,,,,,,,,,,,,,,,,,,,,,,,,,,,Easy,,,,,,,,,,,,,,,,,,,,,,,,,,,,,,,,,,,,"2 Weeks Ago",,,GPL,,,,,,,,,,"Own Site",,,,,,,,,,,,,,,,,,,,,,,,,,,,,,,,,,,,"Monthly payment|One-time payment",,,,,,,,,,,,,02-02-2021,,,,,,,,,Unlimited,,,,,,,,,,,,,,,Monthly,"Support tickets",,,,,,,,,,,"Image Optimizer",,,,,,,,,,,,,,,,,,,,,Latest,,
11772,WebARX,,product,external,0,14.99,,Security,WebARX,89,https://appsfomo.com/reviews/webarx/,2021-04-09,https://www.webarxsecurity.com/pricing/,"Buy Now",,,,,,,,,,,,,,,,,,,"Oliver Sild",Available,,"Monitors blacklisted IPs",,,,,,,,,,,,,,,,,,,,,,,,,,,,,,,Easy,,,,,,,,"Remote Firewall protection",,,,,,,,,,,,,,,,,,,,,2007,,,,,,,,,,,,,,,,,Available,,,,,,,,,,,,,,,,,,,,,,,,,,,,,,,,,,,,,,,,Annually|Monthly,,,,,,,,,,,,12-04-2021,,,,,,,,,,,,,,,,,,"Monitors SSL/ TLS",,,,,,,,,,,,,,,,,,"Web Security",,,,,,,,,,,,,"Checks regularly",,,,,,,,,,
13015,Grammarly,,product,external,0,12,,"SaaS>Content creation",Grammarly,87,https://appsfomo.com/reviews/grammarly/,2021-05-03,https://www.grammarly.com/premium,"Sign Up",,,,,,,Yes,,,,,,,,,,,9,,,,,,,,Grammarly,,,,,,,,,,,,,,,,,,,,,,,,,,,,,,,,,,,,,,,,,,,,,"Free Trial",,,,,,,,,,,2009,,"Excel|Power point|Skype|Slack|Word",,,,,,,,,Yes,,,,Other,,,,,,,Available,,N/A,,,,,,,,,,,,,,,,,,,,,,,,,,,,,,,,Montlhy,,,,,,,,,,,USA,,May-21,,,,,,,,,,,,,,,,,,,,,,,,,,"Email|Live Chat|Ticketing","Android|Web Based|Windows",,,,,,,,,,,,,,,,,,,,,,,,,,,,,,,,
13338,TortoiseGit,,product,external,0,,,"Apps &amp; Utilities",,,https://appsfomo.com/reviews/tortoisegit/,2021-05-05,https://download.tortoisegit.org/tgit/,"Install Now",,,,,,,,,,,,,,,,,,,,,,,,,,,,,,,,,,,,,,,,,,,,,,,,,,,,,,,,,,,,,,,,,,,,,,,,,,,,,,,,,,,,,,,,,,,,,,,,,,,,,,,,,,,,,,,,,,,,,,,,,,,,,,,,,,,,,,,,,,,,,,,,,,,,,,,,,,,,,,,,,,,,,,,,,,,,,,,,,,,,,,,,,,,,,,,,,,,,,,,,,,,,,,,,,,
13461,ArticleForge,,product,external,0,27,,"SaaS>Content creation",,79,https://appsfomo.com/reviews/articleforge/,2021-05-06,https://www.articleforge.com/?ref=021ce2,"Sign Up",,,,,,,Yes,,,,,,,,,,,8.6,,,,,,,,Glimpse.ai,,,,,,,,,,,,,,,,,,,,,,,,,,,,,,,,,,,,,,,,,,,,,"Not Available",,,,,,,,,,,2009,,"Wordpress plugin",,,,,,,,,Yes,,,,Other,,,,,,,"Not Available",,"30 Days",,,,,,,,,,,,,,,,,,,,,,,,,,,,,,,,Montlhy|Yearly,,,,,,,,,,,USA,,May-21,,,,,,,,,,,,,,,,,,,,,,,,,,Email,"Web Based",,,,,,,,,,,,,,,,,,,,,,,,,,,,,,,,
13549,Virusdie,,product,external,0,15,,Security,,,https://appsfomo.com/reviews/virusdie/,2021-05-10,https://virusdie.com/user/referal/?id=196793,"Buy Now",,,,,,,,,,,,,,,,,,,"Elijah Malyshev",Available,,"Monitors blacklisted IPs",,,,,,,,,,,,,,,,,,,,,,,,,,,,,,,Easy,,,,,,,,"Auto Firewall",,,,,,,,,,,,,,,,,,,,,2013,,,,,,,,,,,,,,,,,,,,,,,,,,,,,,,,,,,,,,,,,,,,,,,,,,,,,,,,,Monthly,,,,,,,,,,,,07-05-2021,,,,,,,,,,,,,,,,,"Not Available",,,,,,,,,,,,,,,,,,,"Web Security",,,,,,,,,,,,,"Checks regularly",,,,,,,,,,
13698,Loginpress,,product,external,0,39,,"Wordpress Plugins>Forms &amp; Popups",Appsumo,68,https://appsfomo.com/reviews/loginpress/,2021-05-13,https://loginpress.pro/pricing/,"Buy Now",,200000,,,"10+ Addons",,,,,,,,,,,,,,,,,,,,,,,,,,,,,,,,,,,,,,,,,,,,,,,,Easy,,,,,,,,,,,,,,,,,,,,,,,,,,,,,,,,,,,,,,,GPL,,,,,,,,,,"Own Site",,,,,,,,,,,,,,,,,,,,,,,,,,,,,,,,,,,,Agency|Lifetime|Personal|Starter,,,,,,,,,,,,,13-05-2021,,,,,,,,,Unlimited,,,,,,,,,,,,,,,Monthly,"Support tickets",,,,,,,,,,,"Form builder",,,,,,,,,,,,,,,,,,,,,"4.0 or higher",,
14060,Sucuri,,product,external,0,9.99,,Security,,18,https://appsfomo.com/reviews/sucuri/,2021-05-17,https://sucuri.net/website-security-platform/signup/,"Buy Now",,,,,,,,,,,,,,,,,,,"Daniel B.",Available,,Available,,,,,,,,,,,,,,,,,,,,,,,,,,,,,,,Easy,,,,,,,,"Auto Firewall|Web Application Firewall",,,,,,,,,,,,,,,,,,,,,2010,,,,,,,,,,,,,,,,,,,,,,,,,,,,,,,,,,,,,,,,,,,,,,,,,,,,,,,,,Annually|Monthly,,,,,,,,,,,,17/05/2021,,,,,,,,,,,,,,,,,"Integration with Lets's Encrypt",,,,,,,,,,,,,,,,,,,"Web Security",,,,,,,,,,,,,"Checks regularly",,,,,,,,,,
14737,"All In One WordPress Security and Firewall Plugin",,product,external,0,0,,"Uncategorized Reviews",,76,https://appsfomo.com/reviews/all-in-one-wordpress-security-and-firewall-plugin/,2021-05-22,https://www.tipsandtricks-hq.com/wordpress-security-and-firewall-plugin,"Buy Now",,"900,000+",,,,,,,,,,,,,,,,,,,,,,,,,,,,,,,,,,,,,,,,,,,,,,,,,,,Easy,,,,,,,,,,,,,,,,,,,,,,,,,,,,,,,,,,,,,,,GPL,,,,,,,,,,"Own Site",,,,,,,,,,,,,,,,,,,,,,,,,,,,,,,,,,,,Free,,,,,,,,,,,,,22-05-2021,,,,,,,,,Unlimited,,,,,,,,,,,,,,,Monthly,"Support tickets",,,,,,,,,,,"Anti- Virus|Security",,,,,,,,,,,,,,,,,,,,,"5.0 or higher",,
15653,LiveWebinar,,product,external,0,17.99,,SaaS>Communication,LiveWebinar,87,https://appsfomo.com/reviews/livewebinar/,2021-06-04,https://app.livewebinar.com/pricing,"Sign Up",,,,,,,Yes,,,,,,,,,,,8.8,,,,,,,,LiveWebinar,,,,,,,,,,,,,,,,,,,,,,,,,,,,,,,,,,,,,,,,,,,,,"Free Tier",,,,,,,,,,,2016,,Hubspot|Mailchimp|Senfox|Zapier,,,,,,,,,Yes,,,,Appsumo,,,,,,,"Not Available",,N/A,,,,,,,,,,,,,,,,,,,,,,,,,,,,,,,,Montlhy|Yearly,,,,,,,,,,,Poland,,Jun-21,,,,,,,,,,,,,,,,,,,,,,,,,,Email,"Web Based",,,,,,,,,,,,,,,,,,,,,,,,,,,,,,,,
15862,"Essential Addons for Elementor",,product,external,0,39.97,,"Wordpress Plugins>Page Builder","WP developer",,https://appsfomo.com/reviews/essential-addons-for-elementor/,2021-06-15,https://essential-addons.com/elementor/#pricing,"Buy Now",,1M+,,,"7 Extentions",,,,,,,,,,,,,,,,,,,,,,,,,,,,,,,,,,,,,,,,,,,,,,,,Easy,,,,,,,,,,,,,,,,,,,,,,,,,,,,,,,,,,,,"1 Week ago",,,GPL,,,,,,,,,,"Own Site",,,,,,,,,,,,,,,,,,,,,,,,,,,,,,,,,,,,"Annual subscription|Lifetime",,,,,,,,,,,,,14-06-2021,,,,,,,,,"Single site|Unlimited",,,,,,,,,,,,,,,"12 months","Support tickets",,,,,,,,,,,"Page Builder",,,,,,,,,,,,,,,,,,,,,Latest,,
16794,Cartflows,,product,external,0,299,239,"Wordpress Plugins>E-commerce",,20,https://appsfomo.com/reviews/cartflows/,2021-07-07,https://cartflows.com/,"Buy Now",,,,,,,,,,,,,,,,,,,,,,,,,,,,,,,,,,,,,,,,,,,,,,,,,,,,,Easy,,,,,,,,,,,,,,,,,,,,,,,,,,,,,,,,,,,,,,,,,,,,,,,,,,,,,,,,,,,,,,,,,,,,,,,,,,,,,,,,,,,,,,,,,,,,,,,,,,,,,,,,,,,,,,,,,,,,,,,,,,,,,,,,,,,,,,,,,,,,,,,,,,,,,,,,,,,,,
16916,"WP Engine",,product,external,0,25,,"Uncategorized Reviews",,,https://appsfomo.com/reviews/wp-engine/,2021-07-20,https://wpengine.com/,"Buy Now",,,,,,,,,,,,,,,,,,,,,,,,"Own CDN",,,,,,,,"Custom Panel",,,,,,Yes,,,Available,,,10GB|30GB,,,,,,Supported,,,Easy,"Purchases from other site",,Depends,,,,,,,,,,Free,"Does not sell domain",,,,,,,"Only Supports SFTP",,,,,,,,,,,,,,,,2010,,,,,,,,,,,,"Own Site",Free,,,"30 Days|Yes",,,,,,,,,,,,,,,673ms,"No Domain selling|purchases from namecheap or other",,,,,,,,,,,,,,,,,,,,,,,,,,,,,,,,,,"Single Server",,,"Pro plans",,,,,,,,"Free SSL and HTTp/2 Enabled",,,Available,,"No Domain selling",,"Email Support 24*7|One-to-One help",,,,,,,,,,,,,,,,,,"WP Engine Platform Uptime 100%",,,,,,Available,Yes,,,"Beaver Builder for compactibility",,,,,,,Supports,
17751,Kinsta,,product,external,0,30,,Hosting,,,https://appsfomo.com/reviews/kinsta/,2021-09-03,https://kinsta.com/,"Buy Now",,,,,,,,,,,,,,,,,,,,,,,,"Own CDN",,,,,,,,"Kinsta dashbord panel",,,,,,Yes,,,Available,,,10GB,,,,,,Supported,,,Easy,"No Email hosting support",,Depends,,,,,,,,,,Free,No,,,,,,,"Access Avilable",,,,,,,,,,,,,,,,2013,,,,,,,,,,,,,Free,,,"30 Days|Yes",,,,,,,,,,,,,,,"487 ms",Available,,,,,,,,,,,,,,,,,,,,,,,,,,,,,,,,,,"Single Server",,,Available,,,,,,,,"Free SSL and HTTp/2 Enabled",,,Available,,Available,,"Live Chat|Support Ticket",,,,,,,,,,,,,,,,,,99.99%,,,,,,Available,Yes,,,"Wordpress website Builder",,,,,,,"Supports Only WordPress",
17798,"Backup Guard",,product,external,0,25,,"Uncategorized Reviews",,,https://appsfomo.com/reviews/backup-guard/,2021-09-06,https://backup-guard.com/,"Buy Now",,"60,000+",,,,,,,,,,,,,,,,,,,,,,,,,,,,,,,,,,,,,,,,,,,,,,,,,,,Easy,,,,,,,,,,,,,,,,,,,,,,,,,,,,,,,,,,,,,,,GPL,,,,,,,,,,,,,,,,,,,,,,,,,,,,,,,,,,,,,,,,,,,,,,Starter,,,,,,,,,,,,,06-09-2021,,,,,,,,,"Up to 2 Websites (Lifetime Usage)",,,,,,,,,,,,,,,"emergency support",Forum,,,,,,,,,,,backup|Migration|Security,,,,,,,,,,,,,,,,,,,,,"3.9 or higher",,
18134,Mailpoet,,product,external,0,18,,"Wordpress Plugins",,22,https://appsfomo.com/reviews/mailpoet/,2021-09-21,https://www.mailpoet.com/,"Buy Now",,,,,,,,,,,,,,,,,,,,,,,,,,,,,,,,,,,,,,,,,,,,,,,,,,,,,Easy,,,,,,,,,,,,,,,,,,,,,,,,,,,,,,,,,,,,,,,,,,,,,,,,,,,,,,,,,,,,,,,,,,,,,,,,,,,,,,,,,,,,,,,,,,,,,,,,,,,,,,,,,,,,,,,,,,,,,,,,,,,,,,,,,,,,,,,,,,,,,,,,,,,,,,,,,,,,,
18166,Hostinger,,product,external,0,1.39,,"Uncategorized Reviews",,,https://appsfomo.com/reviews/hostinger/,2021-09-20,https://www.hostinger.in/,"Buy Now",,,,,,,,,,,,,,,,,,,,,,,,"Own CDN",,,,,,,,"No tradinational Cpanel",,,,,,Yes,,,No,,,100GB|200GB|30GB,,,,,,Supported,,,Easy,"Free for pro",,Depends,,,,,,,,,,Free,"Only In Premium",,,,,,,"SSH Avaiable",,,,,,,,,,,,,,,,2011,,,,,,,,,,,,,Free,,,"30 Days|Yes",,,,,,,,,,,,,,,1.56s,Available,,,,,,,,,,,,,,,,,,,,,,,,,,,,,,,,,,Default,,,"Pro plans|Single shared plan",,,,,,,,"Free SSL and HTTp/2 Enabled",,,No,,Available,,"Live Chat",,,,,,,,,,,,,,,,,,99.99%,,,,,,Available,Yes,,,"Wordpress website Builder",,,,,,,Supports,
18413,Weje,,product,external,0,10,,SaaS>Communication,Weje,88,https://appsfomo.com/reviews/weje/,2021-09-30,https://appsfomo.com/weje/,"Sign Up",,,,,,,No,,,,,,,,,,,8.8,,,,,,,,"HyperTech Inc",,,,,,,,,,,,,,,,,,,,,,,,,,,,,,,,,,,,,,,,,,,,,"Free Tier",,,,,,,,,,,2021,,"AirTable|Figma|Google Docs|Miro documents",,,,,,,,,Yes,,,,Dealify,,,,,,,Available,,"30 Days",,,,,,,,,,,,,,,,,,,,,,,,,,,,,,,,Montlhy,,,,,,,,,,,USA,,Sep-21,,,,,,,,,,,,,,,,,,,,,,,,,,"Email|Live Chat|Ticketing","Android|Web Based",,,,,,,,,,,,,,,,,,,,,,,,,,,,,,,,
18590,Autoptimize,,product,external,0,0,,"Wordpress Plugins>Wordpress Optimization",,,https://appsfomo.com/reviews/autoptimize/,2021-10-11,https://wordpress.org/plugins/autoptimize/,"Buy Now",,1+million,,,,,,,,,,,,,,,,,,,,,,,,,,,,,,,,,,,,,,,,,,,,,,,,,,,Easy,,,,,,,,,,,,,,,,,,,,,,,,,,,,,,,,,,,,,,,GPL,,,,,,,,,,,,,,,,,,,,,,,,,,,,,,,,,,,,,,,,,,,,,,Free,,,,,,,,,,,,,11-10-2021,,,,,,,,,Unlimited,,,,,,,,,,,,,,,Monthly,Forum,,,,,,,,,,,"Website Optimizer",,,,,,,,,,,,,,,,,,,,,"4.9 or higher",,
19614,"WPvivid Backup",,product,external,0,69,,"Wordpress Plugins>Security Plugin",,23,https://appsfomo.com/reviews/wpvivid-backup/,2022-01-28,https://wpvivid.com/,"Buy Now",,"100,000+",,,,,,,,,,,,,,,,,,,,,,,,,,,,,,,,,,,,,,,,,,,,,,,,,,,Easy,,,,,,,,,,,,,,,,,,,,,,,,,,,,,,,,,,,,,,,GPL,,,,,,,,,,,,,,,,,,,,,,,,,,,,,,,,,,,,,,,,,,,,,,Freelancer,,,,,,,,,,,,,29-01-2022,,,,,,,,,"Subscription Plan",,,,,,,,,,,,,,,"emergency support","Email Support|Forum",,,,,,,,,,,backup|Migration|restore,,,,,,,,,,,,,,,,,,,,,"4.5 or higher",,
20584,Quillbot,,product,external,0,4,,"SaaS>Content creation",Quillbot,93,https://appsfomo.com/reviews/quillbot/,2022-08-01,https://quillbot.com/,"Sign Up",,,,,,,Yes,,,,,,,,,,,8.8,,,,,,,,Quillbot,,,,,,,,,,,,,,,,,,,,,,,,,,,,,,,,,,,,,,,,,,,,,"Free Tier",,,,,,,,,,,2017,,Chrome|Gmail|Linkedin|Word,,,,,,,,,Yes,,,,Other,,,,,,,"Not Available",,"30 Days",,,,,,,,,,,,,,,,,,,,,,,,,,,,,,,,Montlhy|Yearly,,,,,,,,,,,USA,,Aug-22,,,,,,,,,,,,,,,,,,,,,,,,,,Email,"Web Based",,,,,,,,,,,,,,,,,,,,,,,,,,,,,,,,
21191,Crove.app,,product,external,0,9,,"SaaS>Business Tools",Crove.app,27,https://appsfomo.com/reviews/crove-app/,2022-08-24,https://shop.appsfomo.com/p/3EQ3/r,"Sign Up",,,,,,,No,,,,,,,,,,,8,,,,,,,,Crove.app,,,,,,,,,,,,,,,,,,,,,,,,,,,,,,,,,,,,,,,,,,,,,"Free Tier",,,,,,,,,,,2020,,Hubspot|Pabbly|Slack|Zapier,,,,,,,,,Yes,,,,Appsumo,,,,,,,"Not Available",,"30 Days",,,,,,,,,,,,,,,,,,,,,,,,,,,,,,,,Montlhy|Yearly,,,,,,,,,,,India,,Aug-22,,,,,,,,,,,,,,,,,,,,,,,,,,"Email|Live Chat|Ticketing","Web Based",,,,,,,,,,,,,,,,,,,,,,,,,,,,,,,,
21211,Chugzi,,product,external,0,97,,"SaaS>Content creation",Chugzi™,27,https://appsfomo.com/reviews/chugzi/,2022-08-24,https://shop.appsfomo.com/p/hZLz/r,"Sign Up",,,,,,,Yes,,,,,,,,,,,7.4,,,,,,,,Chugzi™,,,,,,,,,,,,,,,,,,,,,,,,,,,,,,,,,,,,,,,,,,,,,"Free Trial",,,,,,,,,,,2020,,N/A,,,,,,,,,Yes,,,,Appsumo,,,,,,,"Not Available",,N/A,,,,,,,,,,,,,,,,,,,,,,,,,,,,,,,,Montlhy|Onetime|Yearly,,,,,,,,,,,USA,,Aug-22,,,,,,,,,,,,,,,,,,,,,,,,,,"Email|Live Chat","Web Based",,,,,,,,,,,,,,,,,,,,,,,,,,,,,,,,
21454,WPSmartPay,,product,external,0,99,,"Wordpress Plugins",WPSmartPay,,https://appsfomo.com/reviews/wpsmartpay/,2022-09-12,https://wpsmartpay.com/,"Buy Now",,,,,,,,,,,No,,,,,,,,"Parvez Akther",,,,,,,,,,,,,,,,,,,,,,,,,,,,,,,,,,Easy,,,,,,,,,,,,,,,,,"Not Available",,,,,,,,,,,,,,,,,,,,,,,,,,,,,,,,Appsumo,,"Not Available",,14,,,,,,,,,,,,,,,,,,,Paypal,,,,,,,,,,,,,"Annual subscription",,,,,,,5.6,,,,,2020,"July 2022",,,,,,,,,,,,,,,,,,,,Unlimited,,Yearly,,,,"Emails|Help center|Live Chat",Browser|Windows,,,,,,,,,"Wordpress Plugin",,,,"Unlimited Users",,,Unlimited,,,,,,,,,,,,,,,,
21491,Usetiful,,product,external,0,29,,SaaS>Communication,Usetiful,27,https://appsfomo.com/reviews/usetiful/,2022-09-12,https://www.usetiful.com/,"Sign Up",,,,,,,Yes,,,,,,,,,,,7.8,,,,,,,,Dobbytec,,,,,,,,,,,,,,,,,,,,,,,,,,,,,,,,,,,,,,,,,,,,,"Free Tier",,,,,,,,,,,2019,,N/A,,,,,,,,,Yes,,,,Appsumo,,,,,,,"Not Available",,N/A,,,,,,,,,,,,,,,,,,,,,,,,,,,,,,,,Montlhy|Yearly,,,,,,,,,,,Estonia,,Sep-22,,,,,,,,,,,,,,,,,,,,,,,,,,Email|Ticketing,"Web Based",,,,,,,,,,,,,,,,,,,,,,,,,,,,,,,,
21673,RemasterMedia,,product,external,0,6.5,,"SaaS>Audio|SaaS>Video &amp; Media",RemasterMedia,27,https://appsfomo.com/reviews/remastermedia/,2022-10-18,https://www.remastermedia.com/,"Sign Up",,,,,,,Yes,,,,,,,,,,,7,,,,,,,,RemasterMedia,,,,,,,,,,,,,,,,,,,,,,,,,,,,,,,,,,,,,,,,,,,,,"Not Available",,,,,,,,,,,2019,,"Mobile|Other apps|Web",,,,,,,,,Yes,,,,Other,,,,,,,"Not Available",,N/A,,,,,,,,,,,,,,,,,,,,,,,,,,,,,,,,"Montlhy|Pay as you Go|Yearly",,,,,,,,,,,USA,,Oct-22,,,,,,,,,,,,,,,,,,,,,,,,,,"Email|Live Chat","Web Based",,,,,,,,,,,,,,,,,,,,,,,,,,,,,,,,
21689,Biteplay,,product,external,0,99,,"SaaS>Audio|SaaS>Video &amp; Media",Biteplay,27,https://appsfomo.com/reviews/biteplay/,2022-10-18,https://biteplay.com/,"Sign Up",,,,,,,Yes,,,,,,,,,,,7.4,,,,,,,,Biteplay,,,,,,,,,,,,,,,,,,,,,,,,,,,,,,,,,,,,,,,,,,,,,"Free Trial",,,,,,,,,,,2019,,"Google Ads|SwipeTube Chrome extension by VidTao|Youtbe",,,,,,,,,Yes,,,,Appsumo,,,,,,,"Not Available",,"14 Days",,,,,,,,,,,,,,,,,,,,,,,,,,,,,,,,Montlhy,,,,,,,,,,,Brazil,,Oct-22,,,,,,,,,,,,,,,,,,,,,,,,,,Email,"Web Based",,,,,,,,,,,,,,,,,,,,,,,,,,,,,,,,
21763,GummySearch,,product,external,0,29,,"SaaS>Business Tools",GummySearch,27,https://appsfomo.com/reviews/gummysearch/,2022-09-26,https://gummysearch.com/,"Sign Up",,,,,,,Yes,,,,,,,,,,,7,,,,,,,,GummySearch,,,,,,,,,,,,,,,,,,,,,,,,,,,,,,,,,,,,,,,,,,,,,"Free Trial",,,,,,,,,,,2021,,N/A,,,,,,,,,No,,,,N/A,,,,,,,"Not Available",,N/A,,,,,,,,,,,,,,,,,,,,,,,,,,,,,,,,Montlhy|Yearly,,,,,,,,,,,USA,,Sep-22,,,,,,,,,,,,,,,,,,,,,,,,,,Email,"Web Based",,,,,,,,,,,,,,,,,,,,,,,,,,,,,,,,
22024,ContentBot,,product,external,0,29,,"SaaS>Content creation",ContentBot,87,https://appsfomo.com/reviews/contentbot/,2022-10-18,https://contentbot.ai/,"Sign Up",,,,,,,Yes,,,,,,,,,,,8.2,,,,,,,,ContentBot.ai,,,,,,,,,,,,,,,,,,,,,,,,,,,,,,,,,,,,,,,,,,,,,"Not Available",,,,,,,,,,,2021,,N/A,,,,,,,,,Yes,,,,Appsumo,,,,,,,"Not Available",,N/A,,,,,,,,,,,,,,,,,,,,,,,,,,,,,,,,"Montlhy|Pay as you Go",,,,,,,,,,,USA,,Oct-22,,,,,,,,,,,,,,,,,,,,,,,,,,"Email|Live Chat","Web Based",,,,,,,,,,,,,,,,,,,,,,,,,,,,,,,,
22130,TrueRanker,,product,external,0,6.99,,"SaaS>Marketing and Sales",TrueRanker,85,https://appsfomo.com/reviews/trueranker/,2022-10-18,https://trueranker.com/,"Sign Up",,,,,,,Yes,,,,,,,,,,,8.5,,,,,,,,TrueRanker,,,,,,,,,,,,,,,,,,,,,,,,,,,,,,,,,,,,,,,,,,,,,"Free Trial",,,,,,,,,,,2019,,Chrome|Wordpress,,,,,,,,,Yes,,,,Appsumo,,,,,,,Available,,Available,,,,,,,,,,,,,,,,,,,,,,,,,,,,,,,,Montlhy|Yearly,,,,,,,,,,,Spain,,Oct-22,,,,,,,,,,,,,,,,,,,,,,,,,,"Email|Live Chat","Android|Web Based",,,,,,,,,,,,,,,,,,,,,,,,,,,,,,,,
22168,Trust,,product,external,0,19,,"Uncategorized Reviews",Trust,87,https://appsfomo.com/reviews/trust/,2022-10-18,https://usetrust.io/,"Buy Now",,,,,,,,,,,No,,,,,,,,"Carsten Schaefer",,,,,,,,,,,,,,,,,,,,,,,,,,,,,,,,,,Easy,,,,,,,,,,,,,,,,,Available,,,,,,,,,,,,,,,,,,,,,,,,,,,,,,,,"Own Site",,"Not Available",,14,,,,,,,,,,,,,,,,,,,"Credit Card",,,,,,,,,,,,,"Annual subscription|Monthly Subscription",,,,,,,9.5,,,,,2020,"Semptember 2022",,,,,,,,,,,,,,,,,,,,Unlimited,,Monthly|Yearly,,,,"Emails|Live Chat",Browser,,,,,,,,,Marketing|Testimonial,,,,"Unlimited Users",,,Unlimited,,,,,,,,,,,,,,,,
22217,NeuronWriter,,product,external,0,19,,"SaaS>Content creation",NeuronWriter,93,https://appsfomo.com/reviews/neuronwriter/,2022-11-03,https://shop.appsfomo.com/p/71yK/r,"Sign Up",,,,,,,No,,,,,,,,,,,8,,,,,,,,CONTADO,,,,,,,,,,,,,,,,,,,,,,,,,,,,,,,,,,,,,,,,,,,,,"Not Available",,,,,,,,,,,2019,,"Google Search Console",,,,,,,,,Yes,,,,Appsumo,,,,,,,"Not Available",,N/A,,,,,,,,,,,,,,,,,,,,,,,,,,,,,,,,Montlhy,,,,,,,,,,,Poland,,Nov-22,,,,,,,,,,,,,,,,,,,,,,,,,,"Email|Live Chat","Web Based",,,,,,,,,,,,,,,,,,,,,,,,,,,,,,,,
22248,Vepaar,,product,external,0,5,,"SaaS>Business Tools",Vepaar,85,https://appsfomo.com/reviews/vepaar/,2022-10-25,https://vepaar.com/,"Sign Up",,,,,,,Yes,,,,,,,,,,,7.5,,,,,,,,Vepaar,,,,,,,,,,,,,,,,,,,,,,,,,,,,,,,,,,,,,,,,,,,,,"Free Tier",,,,,,,,,,,2015,,Chrome|Salesforce|Stripe|Whatsapp,,,,,,,,,Yes,,,,Appsumo,,,,,,,Available,,N/A,,,,,,,,,,,,,,,,,,,,,,,,,,,,,,,,Montlhy|Yearly,,,,,,,,,,,India,,Oct-22,,,,,,,,,,,,,,,,,,,,,,,,,,"Email|Live Chat","Android|Linux|Web Based|Windows",,,,,,,,,,,,,,,,,,,,,,,,,,,,,,,,
22264,Scalenut,,product,external,0,29,,"SaaS>Content creation",Scalenut,93,https://appsfomo.com/reviews/scalenut/,2022-10-25,https://www.scalenut.com/,"Sign Up",,,,,,,Yes,,,,,,,,,,,8,,,,,,,,Scalenut,,,,,,,,,,,,,,,,,,,,,,,,,,,,,,,,,,,,,,,,,,,,,"Free Trial",,,,,,,,,,,2020,,Copyscape|Semrush|Wordpress,,,,,,,,,Yes,,,,Pitchground,,,,,,,"Not Available",,N/A,,,,,,,,,,,,,,,,,,,,,,,,,,,,,,,,Montlhy|Yearly,,,,,,,,,,,India,,Oct-22,,,,,,,,,,,,,,,,,,,,,,,,,,"Email|Live Chat","Web Based|Windows",,,,,,,,,,,,,,,,,,,,,,,,,,,,,,,,
22281,Prelo,,product,external,0,23,,"SaaS>Business Tools",Prelo,87,https://appsfomo.com/reviews/prelo/,2022-10-25,https://www.prelo.io/,"Sign Up",,,,,,,No,,,,,,,,,,,8,,,,,,,,Prelo,,,,,,,,,,,,,,,,,,,,,,,,,,,,,,,,,,,,,,,,,,,,,"Free Tier",,,,,,,,,,,2021,,CRM,,,,,,,,,Yes,,,,Appsumo,,,,,,,"Not Available",,N/A,,,,,,,,,,,,,,,,,,,,,,,,,,,,,,,,Montlhy|Yearly,,,,,,,,,,,USA,,Oct-22,,,,,,,,,,,,,,,,,,,,,,,,,,Ticketing,"Web Based|Windows",,,,,,,,,,,,,,,,,,,,,,,,,,,,,,,,
22320,"Xpro Addons for Elementor",,product,external,0,37,,"Uncategorized Reviews","Xpro Elementor Addons",91,https://appsfomo.com/reviews/xpro-addons-for-elementor/,2022-11-03,https://elementor.wpxpro.com/,"Buy Now",,,,,,,,,,,No,,,,,,,,"Ali R.",,,,,,,,,,,,,,,,,,,,,,,,,,,,,,,,,,Easy,,,,,,,,,,,,,,,,,"Not Available",,,,,,,,,,,,,,,,,,,,,,,,,,,,,,,,"Own Site",,"Not Available",,14,,,,,,,,,,,,,,,,,,,"Credit Card|Paypal",,,,,,,,,,,,,"Annual subscription|Lifetime",,,,,,,6.8,,,,,"March 2022","Oct 2022",,,,,,,,,,,,,,,,,,,,Unlimited,,Lifetime|Yearly,,,,"Emails|Online Form|Ticketing",Browser|Mac|Windows,,,,,,,,,"Elementor Addon|Web development",,,,"Unlimited Users",,,Unlimited,,,,,,,,,,,,,,,,
22336,SheerSEO,,product,external,0,10,,"SaaS>Marketing and Sales",SheerSEO,87,https://appsfomo.com/reviews/sheerseo/,2022-11-09,https://www.sheerseo.com/,"Sign Up",,,,,,,Yes,,,,,,,,,,,7,,,,,,,,SheerSEO,,,,,,,,,,,,,,,,,,,,,,,,,,,,,,,,,,,,,,,,,,,,,"Free Tier",,,,,,,,,,,2007,,"Facebook|Google Keyword Planner|Google Search Console|Majestic|Twitter|XML",,,,,,,,,Yes,,,,Appsumo,,,,,,,"Not Available",,N/A,,,,,,,,,,,,,,,,,,,,,,,,,,,,,,,,Montlhy|Yearly,,,,,,,,,,,USA,,Nov-22,,,,,,,,,,,,,,,,,,,,,,,,,,"Email|Live Chat|Ticketing","Web Based",,,,,,,,,,,,,,,,,,,,,,,,,,,,,,,,
22376,Wordplay ,,product,external,0,35,,"SaaS>Content creation",Wordplay,87,https://appsfomo.com/reviews/wordplay/,2022-11-09,https://shop.appsfomo.com/p/OKk0/r,"Sign Up",,,,,,,Yes,,,,,,,,,,,7.3,,,,,,,,Wordplay.ai,,,,,,,,,,,,,,,,,,,,,,,,,,,,,,,,,,,,,,,,,,,,,"Free Trial",,,,,,,,,,,2022,,Chrome|Google|Wordpress,,,,,,,,,Yes,,,,Appsumo,,,,,,,"Not Available",,"7 days",,,,,,,,,,,,,,,,,,,,,,,,,,,,,,,,Montlhy|Yearly,,,,,,,,,,,USA,,Nov-22,,,,,,,,,,,,,,,,,,,,,,,,,,Email|Ticketing,"Linux|Web Based|Windows",,,,,,,,,,,,,,,,,,,,,,,,,,,,,,,,
22406,WooLentor,,product,external,0,39,,"Wordpress Themes",WooLentor,87,https://appsfomo.com/reviews/woolentor/,2022-11-09,https://woolentor.com/,"Buy Now",,,,,,,,,,,No,,,,,,,,Unknown,,,,,,,,,,,,,,,,,,,,,,,,,,,,,,,,,,Easy,,,,,,,,,,,,,,,,,Available,,,,,,,,,,,,,,,,,,,,,,,,,,,,,,,,"Own Site",,"Not Available",,15,,,,,,,,,,,,,,,,,,,"Credit Card|Debit Card",,,,,,,,,,,,,"Annual subscription|Lifetime",,,,,,,7.6,,,,,2012,"August 2022",,,,,,,,,,,,,,,,,,,,Unlimited,,Lifetime|Yearly,,,,"Emails|Live Chat|Online Form",Browser,,,,,,,,,"Wordpress Plugin",,,,"Unlimited Users",,,Unlimited,,,,,,,,,,,,,,,,
22432,"Microsoft Power Automate",,product,external,0,15,,"SaaS>Automation and Data","Microsoft Power Automate",87,https://appsfomo.com/reviews/microsoft-power-automate/,2022-11-09,https://shop.appsfomo.com/p/kznH/r,"Sign Up",,,,,,,No,,,,,,,,,,,8,,,,,,,,"Microsoft Power Automate",,,,,,,,,,,,,,,,,,,,,,,,,,,,,,,,,,,,,,,,,,,,,"Free Trial",,,,,,,,,,,2021,,"GoogleDrive|Microsoft Office 365|Salesforce|SAP ERP",,,,,,,,,No,,,,N/A,,,,,,,Available,,N/A,,,,,,,,,,,,,,,,,,,,,,,,,,,,,,,,"Montlhy|Pay as you Go",,,,,,,,,,,USA,,Nov-22,,,,,,,,,,,,,,,,,,,,,,,,,,"Email|Live Chat|Ticketing","Android|Web Based|Windows",,,,,,,,,,,,,,,,,,,,,,,,,,,,,,,,
22458,useArtemis,,product,external,0,29,,"SaaS>Business Tools",useArtemis,87,https://appsfomo.com/reviews/useartemis/,2022-11-07,https://shop.appsfomo.com/p/EyIf/r,"Sign Up",,,,,,,Yes,,,,,,,,,,,8,,,,,,,,useArtemis,,,,,,,,,,,,,,,,,,,,,,,,,,,,,,,,,,,,,,,,,,,,,"Not Available",,,,,,,,,,,2022,,Chrome|Linkedin,,,,,,,,,Yes,,,,Appsumo,,,,,,,"Not Available",,N/A,,,,,,,,,,,,,,,,,,,,,,,,,,,,,,,,Montlhy,,,,,,,,,,,France,,Nov-22,,,,,,,,,,,,,,,,,,,,,,,,,,"Email|Live Chat|Ticketing","Web Based",,,,,,,,,,,,,,,,,,,,,,,,,,,,,,,,
22491,"Bit Integrations",,product,external,0,19,,"Wordpress Plugins>Security Plugin","Bit Integrations",93,https://appsfomo.com/reviews/bit-integrations/,2022-11-11,https://www.bitapps.pro/bit-integrations,"Buy Now",,,,,,,,,,,No,,,,,,,,"Abdul Kaioum",,,,,,,,,,,,,,,,,,,,,,,,,,,,,,,,,,Easy,,,,,,,,,,,,,,,,,Available,,,,,,,,,,,,,,,,,,,,,,,,,,,,,,,,"Own Site",,"Not Available",,"30 Days",,,,,,,,,,,,,,,,,,,"Credit Card",,,,,,,,,,,,,Yearly,,,,,,,8,,,,,2015,"Semptember 2022",,,,,,,,,,,,,,,,,,,,Unlimited,,Yearly,,,,"Live Chat|Ticketing",Browser|Windows,,,,,,,,,Automation,,,,"Unlimited Users",,,Unlimited,,,,,,,,,,,,,,,,
22518,BackupSheep,,product,external,0,10,,"SaaS>Hosting &amp; Cloud Services",BackupSheep,93,https://appsfomo.com/reviews/backupsheep/,2022-12-08,https://backupsheep.com/,"Sign Up",,,,,,,Yes,,,,,,,,,,,7.7,,,,,,,,BackupSheep,,,,,,,,,,,,,,,,,,,,,,,,,,,,,,,,,,,,,,,,,,,,,"Free Tier",,,,,,,,,,,2017,,"Amazon S3|Dropbox|Google Drive|Onedrive",,,,,,,,,Yes,,,,Appsumo,,,,,,,"Not Available",,N/A,,,,,,,,,,,,,,,,,,,,,,,,,,,,,,,,Montlhy,,,,,,,,,,,Canada,,Dec-22,,,,,,,,,,,,,,,,,,,,,,,,,,"Email|Live Chat","Web Based",,,,,,,,,,,,,,,,,,,,,,,,,,,,,,,,
22564,Dukaan,,product,external,0,4.62,,"SaaS>Business Tools",Dukaan,87,https://appsfomo.com/reviews/dukaan/,2022-11-30,http://shop.appsfomo.com/p/7Kke/r,"Sign Up",,,,,,,Yes,,,,,,,,,,,8.4,,,,,,,,Dukaan,,,,,,,,,,,,,,,,,,,,,,,,,,,,,,,,,,,,,,,,,,,,,"Free Trial",,,,,,,,,,,2020,,"Facebook pixel|Google Adwords|Intercom|Payal|Stripe",,,,,,,,,Yes,,,,Appsumo,,,,,,,Available,,N/A,,,,,,,,,,,,,,,,,,,,,,,,,,,,,,,,Montlhy|Yearly,,,,,,,,,,,India,,Dec-22,,,,,,,,,,,,,,,,,,,,,,,,,,"Email|Live Chat","Android|Web Based",,,,,,,,,,,,,,,,,,,,,,,,,,,,,,,,
22606,Heartbeat,,product,external,0,29,,SaaS>Communication,Heartbeat,93,https://appsfomo.com/reviews/heartbeat/,2022-12-08,https://www.heartbeat.chat/,"Sign Up",,,,,,,No,,,,,,,,,,,6.4,,,,,,,,"Heartbeat Chat Inc",,,,,,,,,,,,,,,,,,,,,,,,,,,,,,,,,,,,,,,,,,,,,"Free Trial",,,,,,,,,,,2020,,"Google Calender|Notion|Stripe|Zapier|zoom",,,,,,,,,Yes,,,,Appsumo,,,,,,,"Not Available",,N/A,,,,,,,,,,,,,,,,,,,,,,,,,,,,,,,,Montlhy,,,,,,,,,,,USA,,Dec-22,,,,,,,,,,,,,,,,,,,,,,,,,,"Email|Live Chat|Ticketing","Android|IOS|Web Based|Windows",,,,,,,,,,,,,,,,,,,,,,,,,,,,,,,,
22654,"WP Force SSL",,product,external,0,59,,"Wordpress Plugins>Security Plugin","WP Force SSL",93,https://appsfomo.com/reviews/wp-force-ssl/,2022-11-28,https://wpforcessl.com/,"Buy Now",,,,,,,,,,,No,,,,,,,,"Gordan Orlic",,,,,,,,,,,,,,,,,,,,,,,,,,,,,,,,,,Easy,,,,,,,,,,,,,,,,,Available,,,,,,,,,,,,,,,,,,,,,,,,,,,,,,,,"Own Site",,"Not Available",,"7 days",,,,,,,,,,,,,,,,,,,"Credit Card",,,,,,,,,,,,,Lifetime,,,,,,,,,,,,2022,"Semptember 2022",,,,,,,,,,,,,,,,,,,,Unlimited,,Lifetime,,,,Emails|Ticketing,Browser,,,,,,,,,Security,,,,"Unlimited Users",,,Unlimited,,,,,,,,,,,,,,,,
22670,"Grab Your Reviews",,product,external,0,29,,"SaaS>Marketing and Sales","Grab Your Reviews",90,https://appsfomo.com/reviews/grab-your-reviews/,2022-12-12,https://shop.appsfomo.com/p/lKLc/r,"Sign Up",,,,,,,No,,,,,,,,,,,8.2,,,,,,,,"Grab Your Reviews",,,,,,,,,,,,,,,,,,,,,,,,,,,,,,,,,,,,,,,,,,,,,"Free Trial",,,,,,,,,,,2020,,Zapier,,,,,,,,,Yes,,,,Appsumo,,,,,,,"Not Available",,N/A,,,,,,,,,,,,,,,,,,,,,,,,,,,,,,,,Montlhy|Yearly,,,,,,,,,,,India,,Dec-22,,,,,,,,,,,,,,,,,,,,,,,,,,"Email|Live Chat|Phone call|Ticketing","Android|Web Based",,,,,,,,,,,,,,,,,,,,,,,,,,,,,,,,
23000,LeadRocks,,product,external,0,29,,"SaaS>Business Tools",LeadRocks,87,https://appsfomo.com/reviews/leadrocks/,2022-12-08,https://shop.appsfomo.com/p/nCwY/r,"Sign Up",,,,,,,No,,,,,,,,,,,6.6,,,,,,,,LeadRocks,,,,,,,,,,,,,,,,,,,,,,,,,,,,,,,,,,,,,,,,,,,,,"Free Tier",,,,,,,,,,,2022,,Chrome|Linkedin,,,,,,,,,Yes,,,,Appsumo,,,,,,,"Not Available",,N/A,,,,,,,,,,,,,,,,,,,,,,,,,,,,,,,,Montlhy,,,,,,,,,,,Cyprus,,Dec-22,,,,,,,,,,,,,,,,,,,,,,,,,,"Email|Live Chat","Web Based|Windows",,,,,,,,,,,,,,,,,,,,,,,,,,,,,,,,
23042,pxl.to,,product,external,0,30,,"SaaS>Marketing and Sales",pxl.to,81,https://appsfomo.com/reviews/pxl-to/,2022-12-08,https://shop.appsfomo.com/p/u5aq/r,"Sign Up",,,,,,,Yes,,,,,,,,,,,6,,,,,,,,pxl.to,,,,,,,,,,,,,,,,,,,,,,,,,,,,,,,,,,,,,,,,,,,,,"Free Trial",,,,,,,,,,,2022,,"Facebook pixel|Google Adwords|Google Analytics|Linkedin",,,,,,,,,Yes,,,,Appsumo,,,,,,,"Not Available",,N/A,,,,,,,,,,,,,,,,,,,,,,,,,,,,,,,,Montlhy,,,,,,,,,,,USA,,Dec-22,,,,,,,,,,,,,,,,,,,,,,,,,,Email,"Web Based",,,,,,,,,,,,,,,,,,,,,,,,,,,,,,,,
23323,"Rank Math",,product,external,0,59,,"Wordpress Plugins>SEO Plugin","Rank Math",93,https://appsfomo.com/?post_type=product&p=23323,1970-01-01,https://rankmath.com/,"Sign Up Today",,,,,,,,,,,,,,,,,,9,,,,,,,,RankMath,,,,,,,,,,,,,,,,,,,,,,,,,,,,,,,,,,,,,,,,,,,,,Available,,,,,,,,,,,2018,,"Bing|Google|Google Search Console|Linkedin|Pinterest|Twitter",,,,,,,,,Yes,,,,Appsumo,,,,,,,"Not Available",,"30 Days",,,,,,,,,,,,,,,,,,,,,,,,,,,,,,,,Yearly,,,,,,,,,,,India,,,,,,,,,,,,,,,,,,,,,,,,,,,,"Email|Live Chat|Ticketing","Browser|Web Based",,,,,,,,,,,,,,,,,,,,,,,,,,,,,,,,
