Name,ID,Type,SKU,External URL,Affiliate Link,Article URL,Button text,Featured,Content Structure,Unique Feature,Review Date ,Review Date ,Price ($),Price Suffix (/Month or /Year),Company Name ,Registered Country ,Initial Release, Pricing options , Free Version, Lifetime Deal Offered , LTD Platform , Money-Back Guarantee , Appsfomo Ratings ,Support type ,Integrations , Supported Device , Mobile app 
Cloudflare,6206,external,,https://www.cloudflare.com/,Not Found,https://appsfomo.com/reviews/cloudflare/,Sign Up Today,Done,Done,,9/11/2020,November 2021,20,/Month,Cloudflare Inc,USA,2009,"Montlhy,Yearly",Free Tier,No,N/A,N/A,,"Live Chat,Email",,Web Based,Not Available
BunnyCDN,6408,external,,,Not Found,https://appsfomo.com/reviews/bunnycdn/,Sign Up Today,Done,Done,,12/11/2020,November 2021,1,/Month,bunny.net,Slovenia,2015,Pay as You Go,Free Trial,No,N/A,N/A,,"Email,Ticketing","Wordpress, CMS Websites, Cloud Storage providers",Web Based,Not Available
Plutio,6537,external,,https://www.plutio.com/,Not Found,https://appsfomo.com/reviews/plutio/,Sign Up Today,Done,Done,,17-11-2020,November 2021,19,/Month,Plutio,UK,2018,Montlhy,Free Tier,Yes,Appsumo,N/A,8.6,"Live Chat,Email","Integromat,Pably.PayPal, Project Cards, Stripe, Zapier","Web Based,Windows,Android",Available
Mailchimp,6645,external,,https://mailchimp.com/,https://shop.appsfomo.com/p/cWPi/r,https://appsfomo.com/reviews/mailchimp/,Sign Up Today,Done,Done,,19-11-2020,November 2021,9,/Month,Intuit Mailchimp,USA,2001,Montlhy,Free Tier,No,N/A,N/A,,"Live Chat,Email","WooCommerce, shopify, Stripe","Web Based,Windows,Android",Available
SendGrid,6938,external,,https://sendgrid.com/,Not Found,https://appsfomo.com/reviews/sendgrid/,Sign Up Today,Done,Done,,24-11-2020,November 2021,19.95,/Month,Twilio SendGrid,USA,2009,Montlhy,Free Tier,No,N/A,N/A,,"Live Chat,Email","Microsoft Azure, Google Cloud Platform, Amazon Web Services","Web Based,Android",Available
Ora,10059,external,,https://ora.pm/,Not Found,https://appsfomo.com/reviews/ora/,Sign Up Today,Done,Done,,11/2/2021,Febraury 2021,10,/Month,Ora.pm,Bulgaria,2015,"Montlhy,Yearly,Onetime",Free Tier,Yes,"Appsumo,Other",N/A,,"Live Chat,Email",Slack,"Web Based,Windows,Android,IOS,Linux",Available
Glorify,10060,external,,https://www.glorifyapp.com/pricing/,Not Found,https://appsfomo.com/reviews/glorify/,Sign Up Today,Done,Done,,12/2/2021,Febraury 2021,29.99,/Month,Glorify,UK,2019,"Montlhy,Yearly",Free Tier,Yes,"Appsumo,Other",30 Days,8.8,"Live Chat,Email","Stock Libraries, Template bundle",Web Based,Not Available
Trello,10061,external,,https://trello.com/home,Not Found,https://appsfomo.com/reviews/trello/,Sign Up Today,Done,Done,,12/2/2021,Febraury 2021,5,/Month,Trello,USA,2011,Montlhy,Free Tier,No,N/A,60 Days,8.6,"Live Chat,Email,Ticketing","Slack, Jira cloud, Miro, zapier","Web Based,Windows,Android",Available
Crello,10062,external,,https://crello.com/,Not Found,https://appsfomo.com/reviews/crello/,Sign Up Today,Done,Done,,12/2/2021,Febraury 2021,10,/Month,VistaCreate,Cyprus,2017,"Montlhy,Yearly",Free Tier,Yes,Appsumo,N/A,9.2,"Live Chat,Email","Adobe XD, Jira, Slack","Web Based,Windows,Android,IOS,Linux",Available
SpinRewriter,10216,external,,https://www.spinrewriter.com/?ref=27ce3,Not Found,https://appsfomo.com/reviews/spinrewriter/,Sign Up Today,Done,,,5/3/2021,March 2021,47,/Month,Infinect LLC,Europe,2011,"Montlhy,Yearly,Onetime",Free Trial,Yes,Other,30 Days,8.6,"Email,Ticketing",Wordpress plugin,"Web Based,Windows,Android",Available
TexAu,10260,external,,https://texau.com/,Not Found,https://appsfomo.com/reviews/texau/,Sign Up Today,Done,Done,,8/3/2021,March 2021,29,/Month,TexAu,USA,2020,"Montlhy,Yearly",Free Tier,Yes,Appsumo,N/A,8.4,"Live Chat,Email",Zapier,"Web Based,Windows,Android",Available
RelayThat,10402,external,,https://www.relaythat.com/pricing,https://www.dealify.com/relaythat/?deal=stellar,https://appsfomo.com/reviews/relaythat/,Sign Up Today,Done,Done,,19-03-2021,March 2021,15,/Month,RelayThat,USA,2016,Montlhy,Not Available,Yes,Appsumo,N/A,9.1,"Email,Ticketing",Stock images,Web Based,Not Available
User Back,11413,external,,https://www.userback.io/pricing,Not Found,https://appsfomo.com/reviews/user-back/,Sign Up Today,Done,Done,,1/4/2021,April 2021,79,/Month,Userback,Australia,2016,"Montlhy,Yearly",Free Trial,Yes,Appsumo,N/A,8.6,"Live Chat,Email,Ticketing","Wordpress plugin, Zapier",Web Based,Not Available
Grammarly,13015,external,,https://www.grammarly.com/premium,Not Found,https://appsfomo.com/reviews/grammarly/,Sign Up Today,Done,Done,,3/5/2021,May 2021,12,/Month,Grammarly,USA,2009,Montlhy,Free Trial,Yes,Other,N/A,,"Live Chat,Email,Ticketing","Excel, Power point, Skype, Slack, Word","Web Based,Windows,Android",Available
ArticleForge,13461,external,,https://www.articleforge.com,https://www.articleforge.com/?ref=021ce2,https://appsfomo.com/reviews/articleforge/,Sign Up Today,Done,Done,,6/5/2021,May 2021,27,/Month,Glimpse.ai,USA,2009,"Montlhy,Yearly",Not Available,Yes,Other,30 Days,,Email,Wordpress plugin,Web Based,Not Available
LiveWebinar,15653,external,,https://app.livewebinar.com/pricing,Not Found,https://appsfomo.com/reviews/livewebinar/,Sign Up Today,Done,Done,,4/6/2021,June 2021,17.99,/Month,LiveWebinar,Poland,2016,"Montlhy,Yearly",Free Tier,Yes,Appsumo,N/A,8.8,Email,"Hubspot, Mailchimp, Senfox, Zapier",Web Based,Not Available
Weje,18413,external,,https://appsfomo.com/weje/,Not Found,https://appsfomo.com/reviews/weje/,Sign Up Today,Done,Done,,30-09-2021,September 2021,10,/Month,HyperTech Inc,USA,2021,Montlhy,Free Tier,Yes,Dealify,30 Days,8.8,"Live Chat,Email,Ticketing","Google Docs, AirTable, Figma,Miro documents","Web Based,Android",Available
Quillbot,20584,external,,https://quillbot.com/,Not Found,https://appsfomo.com/reviews/quillbot/,Sign Up Today,Done,Done,,1/8/2022,August 2022,4,/Month,Quillbot,USA,2017,"Montlhy,Yearly",Free Tier,Yes,Other,30 Days,8.8,Email,"Chrome, word, Linkedin, Gmail",Web Based,Not Available
Crove.app,21191,external,,https://crove.app/,https://shop.appsfomo.com/p/3EQ3/r,https://appsfomo.com/reviews/crove-app/,Sign Up Today,Done,Done,,24-08-2022,August 2022,9,/Month,Crove.app,India,2020,"Montlhy,Yearly",Free Tier,Yes,Appsumo,30 Days,8,"Live Chat,Email,Ticketing","Zapier, Pabbly, Hubspot, Slack",Web Based,Not Available
Chugzi,21211,external,,https://www.chugzi.com/,https://shop.appsfomo.com/p/hZLz/r,https://appsfomo.com/reviews/chugzi/,Sign Up Today,Done,Done,,24-08-2022,August 2022,97,/Month,Chugzi™,USA,2020,"Montlhy,Yearly,Onetime",Free Trial,Yes,Appsumo,N/A,,"Live Chat,Email",N/A,Web Based,Not Available
Usetiful,21491,external,,https://www.usetiful.com/,Not Found,https://appsfomo.com/reviews/usetiful/,Sign Up Today,Done,Done,,12/9/2022,September 2022,29,/Month,Dobbytec,Estonia,2019,"Montlhy,Yearly",Free Tier,Yes,Appsumo,N/A,,"Email,Ticketing",N/A,Web Based,Not Available
RemasterMedia,21673,external,,https://www.remastermedia.com/,Not Found,https://appsfomo.com/reviews/remastermedia/,Sign Up Today,Done,Done,,18-10-2022,October 2022,6.5,/Month,RemasterMedia,USA,2019,"Montlhy,Yearly,Pay as You Go",Not Available,Yes,Other,N/A,,"Live Chat,Email","Web, Mobile, Other apps",Web Based,Not Available
Biteplay,21689,external,,https://biteplay.com/,Not Found,https://appsfomo.com/reviews/biteplay/,Sign Up Today,Done,Done,,18-10-2022,October 2022,99,/Month,Biteplay,Brazil,2019,Montlhy,Free Trial,Yes,Appsumo,14 Days,,Email,"Google Ads, SwipeTube Chrome extension by VidTao, Youtbe",Web Based,Not Available
GummySearch,21763,external,,https://gummysearch.com/,Not Found,https://appsfomo.com/reviews/gummysearch/,Sign Up Today,Done,Done,,26-09-2022,September 2022,29,/Month,GummySearch,USA,2021,"Montlhy,Yearly",Free Trial,No,N/A,N/A,,Email,N/A,Web Based,Not Available
ContentBot,22024,external,,https://contentbot.ai/,Not Found,https://appsfomo.com/reviews/contentbot/,Sign Up Today,Done,Done,,18-10-2022,October 2022,29,/Month,ContentBot.ai,USA,2021,"Montlhy,Pay as You Go",Not Available,Yes,Appsumo,N/A,,"Live Chat,Email",N/A,Web Based,Not Available
TrueRanker,22130,external,,https://trueranker.com/,Not Found,https://appsfomo.com/reviews/trueranker/,Sign Up Today,Done,Done,,18-10-2022,October 2022,6.99,/Month,TrueRanker,Spain,2019,"Montlhy,Yearly",Free Trial,Yes,Appsumo,Available,,"Live Chat,Email","Chrome, Wordpress","Web Based,Android",Available
NeuronWriter,22217,external,,https://neuronwriter.com/#process,https://shop.appsfomo.com/p/71yK/r,https://appsfomo.com/reviews/neuronwriter/,Sign Up Today,Done,Done,,3/11/2022,November 2022,19,/Month,CONTADO,Poland,2019,Montlhy,Not Available,Yes,Appsumo,N/A,8,"Live Chat,Email",Google Search Console,Web Based,Not Available
Vepaar,22248,external,,https://vepaar.com/,Not Found,https://appsfomo.com/reviews/vepaar/,Sign Up Today,Done,Done,,25-10-2022,October 2022,5,/Month,Vepaar,India,2015,"Montlhy,Yearly",Free Tier,Yes,Appsumo,N/A,7.5,"Live Chat,Email","Stripe,Salesforce, Whatsapp, Chrome","Web Based,Windows,Android,Linux",Available
Scalenut,22264,external,,https://www.scalenut.com/,Not Found,https://appsfomo.com/reviews/scalenut/,Sign Up Today,Done,Done,,25-10-2022,October 2022,29,/Month,Scalenut,India,2020,"Montlhy,Yearly",Free Trial,Yes,Pitchground,N/A,8,"Live Chat,Email","Wordpress, Semrush, Copyscape","Web Based,Windows",Not Available
Prelo,22281,external,,https://www.prelo.io/,Not Found,https://appsfomo.com/reviews/prelo/,Sign Up Today,Done,Done,,25-10-2022,October 2022,23,/Month,Prelo,USA,2021,"Montlhy,Yearly",Free Tier,Yes,Appsumo,N/A,,Ticketing,CRM,"Web Based,Windows",Not Available
SheerSEO,22336,external,,https://www.sheerseo.com/,Not Found,https://appsfomo.com/reviews/sheerseo/,Sign Up Today,Done,Done,,9/11/2022,November 2022,10,/Month,SheerSEO,USA,2007,"Montlhy,Yearly",Free Tier,Yes,Appsumo,N/A,7,"Live Chat,Email,Ticketing","XML, Facebook, Twitter, Majestic, Google Search Console,Google Keyword Planner",Web Based,Not Available
Wordplay ,22376,external,,https://wordplay.ai/,https://shop.appsfomo.com/p/OKk0/r,https://appsfomo.com/reviews/wordplay/,Sign Up Today,Done,Done,,9/11/2022,November 2022,35,/Month,Wordplay.ai,USA,2022,"Montlhy,Yearly",Free Trial,Yes,Appsumo,7 Days,7.3,"Email,Ticketing","Chrome, Google, WordPress","Web Based,Windows,Linux",Not Available
Microsoft Power Automate,22432,external,,https://powerautomate.microsoft.com/en-us/,https://shop.appsfomo.com/p/kznH/r,https://appsfomo.com/reviews/microsoft-power-automate/,Sign Up Today,Done,Done,,9/11/2022,November 2022,15,/Month,Microsoft Power Automate,USA,2021,"Montlhy,Pay as You Go",Free Trial,No,N/A,N/A,8,"Live Chat,Email,Ticketing","Microsoft Office 365, GoogleDrive, SAP ERP, Salesforce","Web Based,Windows,Android",Available
useArtemis,22458,external,,https://useartemis.co/,https://shop.appsfomo.com/p/EyIf/r,https://appsfomo.com/reviews/useartemis/,Sign Up Today,Done,Done,,7/11/2022,November 2022,29,/Month,useArtemis,France,2022,Montlhy,Not Available,Yes,Appsumo,N/A,8,"Live Chat,Email,Ticketing","Linkedin ,Chrome",Web Based,Not Available
BackupSheep,22518,external,,https://backupsheep.com/,Not Found,https://appsfomo.com/?post_type=product&p=22518,Sign Up Today,Done,Done,,,December 2022,10,/Month,BackupSheep,Canada,2017,Montlhy,Free Tier,Yes,Appsumo,N/A,7.7,"Live Chat,Email","Amazon S3, Google Drive, Onedrive, Dropbox",Web Based,Not Available
Dukaan,22564,external,,https://mydukaan.io/,shop.appsfomo.com/p/7Kke/r,https://appsfomo.com/?post_type=product&p=22564,Sign Up Today,Done,Done,,,December 2022,4.62,/Month,Dukaan,India,2020,"Montlhy,Yearly",Free Trial,Yes,Appsumo,N/A,8.4,"Live Chat,Email","Facebook pixel, Intercom, Stripe, Payal, Google Adwords","Web Based,Android",Available
Heartbeat,22606,external,,https://www.heartbeat.chat/,Not Found,https://appsfomo.com/?post_type=product&p=22606,Sign Up Today,Done,Done,,,December 2022,29,/Month,Heartbeat Chat Inc,USA,2020,Montlhy,Free Trial,Yes,Appsumo,N/A,6.4,"Live Chat,Email,Ticketing","Notion, Stripe, Zapier, zoom, Google Calender","Web Based,Windows,Android,IOS",Not Available
Grab Your Reviews,22670,external,,https://grabyourreviews.com/,Not Found,https://appsfomo.com/?post_type=product&p=22670,Sign Up Today,Done,Done,,,December 2022,29,/Month,Grab Your Reviews,India,2020,"Montlhy,Yearly",Free Trial,Yes,Appsumo,N/A,8.2,"Live Chat,Email,Ticketing,Phone Call",Zapier,"Web Based,Android",Not Available
WP Force SSL,22670,external,,,https://shop.appsfomo.com/p/lKLc/r,https://appsfomo.com/?post_type=product&p=22670,Sign Up Today,Done,Done,,,December 2022,29,/Month,Grab Your Reviews,India,2020,"Montlhy,Yearly",Free Trial,Yes,Appsumo,N/A,8.2,"Live Chat,Email,Ticketing,Phone Call",Zapier,"Web Based,Android",Not Available
LeadRocks,23000,external,,https://leadrocks.io/,https://shop.appsfomo.com/p/nCwY/r,https://appsfomo.com/?post_type=product&p=23000,Sign Up Today,Done,Done,,,December 2022,29,/Month,LeadRocks,Cyprus,2022,Montlhy,Free Tier,Yes,Appsumo,N/A,6.6,"Live Chat,Email","Chrome, Linkedin ","Web Based,Windows",Not Available
pxl.to,23042,external,,https://www.pxl.to/,https://shop.appsfomo.com/p/u5aq/r,https://appsfomo.com/?post_type=product&p=23042,Sign Up Today,Done,Done,,,December 2022,30,/Month,pxl.to,USA,2022,Montlhy,Free Trial,Yes,Appsumo,N/A,6,Email,"Facebook pixel, Linkedin, Google Adwords, Google Analytics",Web Based,Not Available