ID,Title,Sku,Parent Product ID,Product Type,Brand,_seopress_analysis_target_kw,_seopress_titles_title,_wp_page_template,_rh_woo_product_layout
710,Swift Performance,710,0,external,Swte Plugins,Swift Performance Review,"Swift Performance Plugin Features, reviews and Pricing | Appsfomo",default,global
2920,WPForms,2920,0,external,WPForms,WPForms Review,"WPForms Plugin Features, reviews and Pricing | Appsfomo",default,global
2923,Ninja Forms,2923,0,external,Saturday Drive,Ninja Forms Review,"Ninja Forms Plugin Features, reviews and Pricing | Appsfomo",default,global
2924,Gravity forms,2924,0,external,Rocketgenius,Gravity forms Review,"Gravity forms Plugin Features, reviews and Pricing | Appsfomo",default,global
2925,Formidable Forms,2925,0,external,Startegy11,Formidable Forms Review,"Formidable Forms Plugin Features, reviews and Pricing | Appsfomo",default,global
2926,Frontend Publishing Pro,2926,0,external,Khaxan,Frontend Publishing Pro Review,"Frontend Publishing Pro Plugin Features, reviews and Pricing | Appsfomo",default,global
2930,Envira Gallery,2930,0,external,Envira Gallery,Envira Gallery Review,"Envira Gallery Plugin Features, reviews and Pricing | Appsfomo",default,global
2934,Super Forms,2934,0,external,Feeling 4 Design,Super Forms Review,"Super Forms Plugin Features, reviews and Pricing | Appsfomo",default,global
2936,ARForms,2936,0,external,AR Forms,ARForms Review,"ARForms Plugin Features, reviews and Pricing | Appsfomo",default,global
2938,NEX forms,2938,0,external,Basix,NEX forms Review,"NEX forms Plugin Features, reviews and Pricing | Appsfomo",default,global
2940,Eform,2940,0,external,WPQuark,Eform Review,"Eform Plugin Features, reviews and Pricing | Appsfomo",default,global
2944,WonderPlugin,2944,0,external,Magic Hills Pty Ltd,WonderPlugin Review,"WonderPlugin Plugin Features, reviews and Pricing | Appsfomo",default,global
2946,Foo Gallery,2946,0,external,Foo Plugins,Foo Gallery Review,"Foo Gallery Plugin Features, reviews and Pricing | Appsfomo",default,global
2948,NextGEN Gallery,2948,0,external,Imagely,NextGEN Gallery Review,"NextGEN Gallery Plugin Features, reviews and Pricing | Appsfomo",default,global
2952,Awesome Gallery,2952,0,external,Karev,Awesome Gallery Review,"Awesome Gallery Plugin Features, reviews and Pricing | Appsfomo",default,global
2954,Ultimate Membership Pro,2954,0,external,Wpindeed,Ultimate Membership Pro Review,"Ultimate Membership Pro Plugin Features, reviews and Pricing | Appsfomo",default,global
2956,All In One SEO,2956,0,external,All in One SEO Team,All In One SEO Review,"All In One SEO Plugin Features, reviews and Pricing | Appsfomo",default,global
2958,Restrict Content Pro,2958,0,external,Liquid Web,Restrict Content Pro Review,"Restrict Content Pro Plugin Features, reviews and Pricing | Appsfomo",default,global
2962,User Pro,2962,0,external,Deluxe Themes,User Pro Review,"User Pro Plugin Features, reviews and Pricing | Appsfomo",default,global
2964,Keyword Tool,2964,0,external,SEO Review Tools,Keyword Tool Review,"Keyword Tool Plugin Features, reviews and Pricing | Appsfomo",default,global
2966,Visual Composer,2966,0,external,Visual Composer Website Builder,Visual Composer Review,"Visual Composer Plugin Features, reviews and Pricing | Appsfomo",default,global
2972,Site Origin,2972,0,external, Stranger Studios,Site Origin Review,"Site Origin Plugin Features, reviews and Pricing | Appsfomo",default,global
2976,Paid Membership Pro,2976,0,external,AccessKeys,Paid Membership Pro Review,"Paid Membership Pro Plugin Features, reviews and Pricing | Appsfomo",default,global
2980,AccessPress Anonymous Post Pro,2980,0,external,SEMursh,AccessPress Anonymous Post Pro Review,"AccessPress Anonymous Post Pro Plugin Features, reviews and Pricing | Appsfomo",default,global
2982,SEMrush,2982,0,external, WP Sharks,SEMrush Review,"SEMrush Plugin Features, reviews and Pricing | Appsfomo",default,global
2984,S2 Member Pro,2984,0,external,WP Sharks,S2 Member Pro Review,"S2 Member Pro Plugin Features, reviews and Pricing | Appsfomo",default,global
2986,Slider Revolution,2986,0,external,ThemePunch,Slider Revolution Review,"Slider Revolution Plugin Features, reviews and Pricing | Appsfomo",default,global
2988,LayerSlider,2988,0,external,Web-Settler,LayerSlider Review,"LayerSlider Plugin Features, reviews and Pricing | Appsfomo",default,global
2990,Soliloquy,2990,0,external, Soliloquy Team,Soliloquy Review,"Soliloquy Plugin Features, reviews and Pricing | Appsfomo",default,global
2992,Meta Slider,2992,0,external,Meta Slider,Meta Slider Review,"Meta Slider Plugin Features, reviews and Pricing | Appsfomo",default,global
2993,Ithemes Security Pro,2993,0,external,iThemes,Ithemes Security Pro Review,"Ithemes Security Pro Plugin Features, reviews and Pricing | Appsfomo",default,global
2995,Wonder Slider,2995,0,external,Magic Hills Pty Ltd,Wonder Slider Review,"Wonder Slider Plugin Features, reviews and Pricing | Appsfomo",default,global
2997,Superfly,2997,0,external,Looks Awesome,Superfly Review,"Superfly Plugin Features, reviews and Pricing | Appsfomo",default,global
2999,Easy Social Share Button,2999,0,external,Appscreo,Easy Social Share Button Review,"Easy Social Share Button Plugin Features, reviews and Pricing | Appsfomo",default,global
3001,Wordfence,3001,0,external,Wordfence,Wordfence Review,"Wordfence Plugin Features, reviews and Pricing | Appsfomo",default,global
3003,Monarch,3003,0,external,Elegant Themes,Monarch Review,"Monarch Plugin Features, reviews and Pricing | Appsfomo",default,global
3005,Shield WordPress Security,3005,0,external,WP Plugins,Shield WordPress Security Review,"Shield WordPress Security Plugin Features, reviews and Pricing | Appsfomo",default,global
3007,Bookly,3007,0,external,Ladela,Bookly Review,"Bookly Plugin Features, reviews and Pricing | Appsfomo",default,global
3009,Flow Flow,3009,0,external,Looks Awesome,Flow Flow Review,"Flow Flow Plugin Features, reviews and Pricing | Appsfomo",default,global
3011,Booki,3011,0,external,Typps,Booki Review,"Booki Plugin Features, reviews and Pricing | Appsfomo",default,global
3013,Social Media Feather,3013,0,external,Social Media Feather,Social Media Feather Review,"Social Media Feather Plugin Features, reviews and Pricing | Appsfomo",default,global
3015,Layered Popups,3015,0,external,Layered Popups,Layered Popups Review,"Layered Popups Plugin Features, reviews and Pricing | Appsfomo",default,global
3017,Social share buttons - social pug,3017,0,external,Mediavine,Social share buttons - social pug Review,"Social share buttons - social pug Plugin Features, reviews and Pricing | Appsfomo",default,global
3019,Realtyna,3019,0,external,Realtyna,Realtyna Review,"Realtyna Plugin Features, reviews and Pricing | Appsfomo",default,global
3023,Booked,3023,0,external,BoxyStudio,Booked Review,"Booked Plugin Features, reviews and Pricing | Appsfomo",default,global
3027,Awesome Live Chat,3027,0,external,KamalKhan,Awesome Live Chat Review,"Awesome Live Chat Plugin Features, reviews and Pricing | Appsfomo",default,global
3029,WP Simple Booking calendar,3029,0,external,Veribo,WP Simple Booking calendar Review,"WP Simple Booking calendar Plugin Features, reviews and Pricing | Appsfomo",default,global
3031,Chat X,3031,0,external,Screets,Chat X Review,"Chat X Plugin Features, reviews and Pricing | Appsfomo",default,global
3035,EventOn,3035,0,external,EeventOn,EventOn Review,"EventOn Plugin Features, reviews and Pricing | Appsfomo",default,global
3037,Real Estate Pro,3037,0,external,E-plugins,Real Estate Pro Review,"Real Estate Pro Plugin Features, reviews and Pricing | Appsfomo",default,global
3039,Ninja Popups,3039,0,external,ARScodes,Ninja Popups Review,"Ninja Popups Plugin Features, reviews and Pricing | Appsfomo",default,global
3043,Estatik,3043,0,external,Estatik,Estatik Review,"Estatik Plugin Features, reviews and Pricing | Appsfomo",default,global
3045,Easy Property Listing,3045,0,external,Real Estate Connected,Easy Property Listing Review,"Easy Property Listing Plugin Features, reviews and Pricing | Appsfomo",default,global
3047,WordPress Live Chat Plugin,3047,0,external,Screets,WordPress Live Chat Plugin Review,"WordPress Live Chat Plugin Plugin Features, reviews and Pricing | Appsfomo",default,global
3049,WP Flat Visual Chat,3049,0,external,Loopus,WP Flat Visual Chat Review,"WP Flat Visual Chat Plugin Features, reviews and Pricing | Appsfomo",default,global
3051,Templatera,3051,0,external,WPbakery,Templatera Review,"Templatera Plugin Features, reviews and Pricing | Appsfomo",default,global
3053,Interactive World Maps,3053,0,external,Interactive World Maps,Interactive World Maps Review,"Interactive World Maps Plugin Features, reviews and Pricing | Appsfomo",default,global
3055,WooCommerce Single Product Page Builder,3055,0,external,SiteSao,WooCommerce Single Product Page Builder Review,"WooCommerce Single Product Page Builder Plugin Features, reviews and Pricing | Appsfomo",default,global
3057,Visual Composer Clipboard,3057,0,external,WPbakery,Visual Composer Clipboard Review,"Visual Composer Clipboard Plugin Features, reviews and Pricing | Appsfomo",default,global
3059,Ultimate Addons for Visual Composer,3059,0,external,Brainstorm Force,Ultimate Addons for Visual Composer Review,"Ultimate Addons for Visual Composer Plugin Features, reviews and Pricing | Appsfomo",default,global
3061,Visual Composer Extensions Addon,3061,0,external,Wpbakery,Visual Composer Extensions Addon Review,"Visual Composer Extensions Addon Plugin Features, reviews and Pricing | Appsfomo",default,global
3063,4k Icon Fonts for Visual Composer,3063,0,external,Wpbakery,4k Icon Fonts for Visual Composer Review,"4k Icon Fonts for Visual Composer Plugin Features, reviews and Pricing | Appsfomo",default,global
3065,Ultimate Tweaker,3065,0,external,Amino-Studio,Ultimate Tweaker Review,"Ultimate Tweaker Plugin Features, reviews and Pricing | Appsfomo",default,global
3067,Akismet,3067,0,external, Automattic,Akismet Review,"Akismet Plugin Features, reviews and Pricing | Appsfomo",default,global
3069,WPML,3069,0,external,OnTheGoSystems,WPML Review,"WPML Plugin Features, reviews and Pricing | Appsfomo",default,global
3071,Visual Composer Extensions Addon All in One,3071,0,external,Wpbakery,Visual Composer Extensions Addon All in One Review,"Visual Composer Extensions Addon All in One Plugin Features, reviews and Pricing | Appsfomo",default,global
3073,Easy Tables,3073,0,external,Wpbakery,Easy Tables Review,"Easy Tables Plugin Features, reviews and Pricing | Appsfomo",default,global
3077,Massive Addons for Visual Composer,3077,0,external,Wpbakery,Massive Addons for Visual Composer Review,"Massive Addons for Visual Composer Plugin Features, reviews and Pricing | Appsfomo",default,global
3079,DHVC form,3079,0,external,Wpbakery,DHVC form Review,"DHVC form Plugin Features, reviews and Pricing | Appsfomo",default,global
3081,Woocommerce Products Layouts,3081,0,external,Wpbakery,Woocommerce Products Layouts Review,"Woocommerce Products Layouts Plugin Features, reviews and Pricing | Appsfomo",default,global
3083,WP Rocket,3083,0,external,WP Rocket,WP Rocket Review,"WP Rocket Plugin Features, reviews and Pricing | Appsfomo",default,global
3085,Anti-spam Pro,3085,0,external,WebVitalii,Anti-spam Pro Review,"Anti-spam Pro Plugin Features, reviews and Pricing | Appsfomo",default,global
3087,W3 Total Cache,3087,0,external,BoldGrid,W3 Total Cache Review,"W3 Total Cache Plugin Features, reviews and Pricing | Appsfomo",default,global
3089,WP Fastest Cache,3089,0,external,Emre Vona,WP Fastest Cache Review,"WP Fastest Cache Plugin Features, reviews and Pricing | Appsfomo",default,global
3091,Comet Cache,3091,0,external,WebSharks,Comet Cache Review,"Comet Cache Plugin Features, reviews and Pricing | Appsfomo",default,global
3095,Anti-spam Bee,3095,0,external,Pluginkollektiv,Anti-spam Bee Review,"Anti-spam Bee Plugin Features, reviews and Pricing | Appsfomo",default,global
3099,CleanTalk,3099,0,external,?leanTalk,CleanTalk Review,"CleanTalk Plugin Features, reviews and Pricing | Appsfomo",default,global
3101,WPBruiser,3101,0,external,WPBruiser,WPBruiser Review,"WPBruiser Plugin Features, reviews and Pricing | Appsfomo",default,global
3103,WP Cerber,3103,0,external,Cerber Tech Inc.,WP Cerber Review,"WP Cerber Plugin Features, reviews and Pricing | Appsfomo",default,global
3105,"WordPress, BuddyPress Users Chat Plugin",3105,0,external,Mircode,"WordPress, BuddyPress Users Chat Plugin Review","WordPress, BuddyPress Users Chat Plugin Plugin Features, reviews and Pricing | Appsfomo",default,global
3107,WooCommerce Amazon Affiliates,3107,0,external,AA-Team,WooCommerce Amazon Affiliates Review,"WooCommerce Amazon Affiliates Plugin Features, reviews and Pricing | Appsfomo",default,global
3109,Table Rate Shipping,3109,0,external,Bolderelements,Table Rate Shipping Review,"Table Rate Shipping Plugin Features, reviews and Pricing | Appsfomo",default,global
3111,Woof,3111,0,external,Realmag777,Woof Review,"Woof Plugin Features, reviews and Pricing | Appsfomo",default,global
3113,WooCommerce Extra Product Options,3113,0,external,Themecomplete,WooCommerce Extra Product Options Review,"WooCommerce Extra Product Options Plugin Features, reviews and Pricing | Appsfomo",default,global
3115,WooCommerce Shipping Tracking,3115,0,external,Vanquish,WooCommerce Shipping Tracking Review,"WooCommerce Shipping Tracking Plugin Features, reviews and Pricing | Appsfomo",default,global
3117,WooCommerce Dynamic Pricing and Discounts,3117,0,external,RightPress,WooCommerce Dynamic Pricing and Discounts Review,"WooCommerce Dynamic Pricing and Discounts Plugin Features, reviews and Pricing | Appsfomo",default,global
3119,Hide My WP,3119,0,external,wpWave,Hide My WP Review,"Hide My WP Plugin Features, reviews and Pricing | Appsfomo",default,global
3121,Testimonials Showcase,3121,0,external,Testimonials Showcase,Testimonials Showcase Review,"Testimonials Showcase Plugin Features, reviews and Pricing | Appsfomo",default,global
3123,Reviewer,3123,0,external,Reviewer,Reviewer Review,"Reviewer Plugin Features, reviews and Pricing | Appsfomo",default,global
3125,Let's Review,3125,0,external,Codetipi,Let's Review Review,"Let's Review Plugin Features, reviews and Pricing | Appsfomo",default,global
3127,Taqyeem,3127,0,external, TieLabs ,Taqyeem Review,"Taqyeem Plugin Features, reviews and Pricing | Appsfomo",default,global
3129,Rating Form,3129,0,external,SerdarG,Rating Form Review,"Rating Form Plugin Features, reviews and Pricing | Appsfomo",default,global
3131,Sidebar Widget Manager,3131,0,external,OTW themes,Sidebar Widget Manager Review,"Sidebar Widget Manager Plugin Features, reviews and Pricing | Appsfomo",default,global
3133,Custom Widget Areas for WordPress,3133,0,external,RightHere,Custom Widget Areas for WordPress Review,"Custom Widget Areas for WordPress Plugin Features, reviews and Pricing | Appsfomo",default,global
3135,Widget Ninja,3135,0,external,Web Factory,Widget Ninja Review,"Widget Ninja Plugin Features, reviews and Pricing | Appsfomo",default,global
3137,Popping Sidebars and Widgets,3137,0,external,OTW themes,Popping Sidebars and Widgets Review,"Popping Sidebars and Widgets Plugin Features, reviews and Pricing | Appsfomo",default,global
3139,5sec Google Maps Pro,3139,0,external,Web Factory,5sec Google Maps Pro Review,"5sec Google Maps Pro Plugin Features, reviews and Pricing | Appsfomo",default,global
3143,Hero Maps Premium,3143,0,external,Hero Plugins,Hero Maps Premium Review,"Hero Maps Premium Plugin Features, reviews and Pricing | Appsfomo",default,global
3149,Hero Menu,3149,0,external,Hero Plugins,Hero Menu Review,"Hero Menu Plugin Features, reviews and Pricing | Appsfomo",default,global
3151,Ajax Translator Revolution,3151,0,external,Sur Studio,Ajax Translator Revolution Review,"Ajax Translator Revolution Plugin Features, reviews and Pricing | Appsfomo",default,global
3155,The Grid,3155,0,external,Theme-one,The Grid Review,"The Grid Plugin Features, reviews and Pricing | Appsfomo",default,global
3157,Instagram Feed,3157,0,external,Elfsight,Instagram Feed Review,"Instagram Feed Plugin Features, reviews and Pricing | Appsfomo",default,global
3161,Wordpress Automatic Plugin,3161,0,external,ValvePress,Wordpress Automatic Plugin Review,"Wordpress Automatic Plugin Plugin Features, reviews and Pricing | Appsfomo",default,global
3163,Scrapes,3163,0,external,Octolooks,Scrapes Review,"Scrapes Plugin Features, reviews and Pricing | Appsfomo",default,global
3165,Responsive flipbook,3165,0,external,MPC Themes,Responsive flipbook Review,"Responsive flipbook Plugin Features, reviews and Pricing | Appsfomo",default,global
3169,Go Pricing,3169,0,external, Granth ,Go Pricing Review,"Go Pricing Plugin Features, reviews and Pricing | Appsfomo",default,global
3171,Advanced Google Maps,3171,0,external,Weblizar,Advanced Google Maps Review,"Advanced Google Maps Plugin Features, reviews and Pricing | Appsfomo",default,global
3173,Smart Image Compressor,3173,0,external,Shall,Smart Image Compressor Review,"Smart Image Compressor Plugin Features, reviews and Pricing | Appsfomo",default,global
3177,WP Data Tables,3177,0,external,TMS-Plugins,WP Data Tables Review,"WP Data Tables Plugin Features, reviews and Pricing | Appsfomo",default,global
3179,WP Cost Estimation,3179,0,external,Loopus,WP Cost Estimation Review,"WP Cost Estimation Plugin Features, reviews and Pricing | Appsfomo",default,global
3181,WP Timeline,3181,0,external,Ex-themes,WP Timeline Review,"WP Timeline Plugin Features, reviews and Pricing | Appsfomo",default,global
3183,Content Egg,3183,0,external,WPsoul,Content Egg Review,"Content Egg Plugin Features, reviews and Pricing | Appsfomo",default,global
3185,White Label,3185,0,external,Acmee,White Label Review,"White Label Plugin Features, reviews and Pricing | Appsfomo",default,global
3187,Essential Grid,3187,0,external,Theme Punch,Essential Grid Review,"Essential Grid Plugin Features, reviews and Pricing | Appsfomo",default,global
3189,Master Slider,3189,0,external,Averta,Master Slider Review,"Master Slider Plugin Features, reviews and Pricing | Appsfomo",default,global
3191,Kraken,3191,0,external,Kraken,Kraken Review,"Kraken Plugin Features, reviews and Pricing | Appsfomo",default,global
3193,Mega Menu,3193,0,external,AccessKeys,Mega Menu Review,"Mega Menu Plugin Features, reviews and Pricing | Appsfomo",default,global
3197,Yellow Pencil,3197,0,external,Wasp Themes,Yellow Pencil Review,"Yellow Pencil Plugin Features, reviews and Pricing | Appsfomo",default,global
3203,Mini Go,3203,0,external,PremioThemes,Mini Go Review,"Mini Go Plugin Features, reviews and Pricing | Appsfomo",default,global
3205,Image map pro,3205,0,external,Nickys,Image map pro Review,"Image map pro Plugin Features, reviews and Pricing | Appsfomo",default,global
3207,Mailster,3207,0,external,EverPress,Mailster Review,"Mailster Plugin Features, reviews and Pricing | Appsfomo",default,global
3209,Tube,3209,0,external,Merkulove,Tube Review,"Tube Plugin Features, reviews and Pricing | Appsfomo",default,global
3211,Agile store locator,3211,0,external,Agilelogix,Agile store locator Review,"Agile store locator Plugin Features, reviews and Pricing | Appsfomo",default,global
3215,Album Stripes,3215,0,external,GalleryCreator,Album Stripes Review,"Album Stripes Plugin Features, reviews and Pricing | Appsfomo",default,global
3217,Mycase,3217,0,external,Egprojets,Mycase Review,"Mycase Plugin Features, reviews and Pricing | Appsfomo",default,global
3223,Google Analytics E-commerce,3223,0,external,E-commerce,Google Analytics E-commerce Review,"Google Analytics E-commerce Plugin Features, reviews and Pricing | Appsfomo",default,global
3225,Woo Commerce Recover Abandoned Art,3225,0,external,FantasticPlugins,Woo Commerce Recover Abandoned Art Review,"Woo Commerce Recover Abandoned Art Plugin Features, reviews and Pricing | Appsfomo",default,global
3227,Popup Container adobe muse widget,3227,0,external,MuseTemplatesPro,Popup Container adobe muse widget Review,"Popup Container adobe muse widget Plugin Features, reviews and Pricing | Appsfomo",default,global
3229,Ultratabs Magento Extension,3229,0,external,NWDthemes,Ultratabs Magento Extension Review,"Ultratabs Magento Extension Plugin Features, reviews and Pricing | Appsfomo",default,global
3233,Powerbanners,3233,0,external,NWDthemes,Powerbanners Review,"Powerbanners Plugin Features, reviews and Pricing | Appsfomo",default,global
3235,Wunderadmin,3235,0,external,NWDthemes,Wunderadmin Review,"Wunderadmin Plugin Features, reviews and Pricing | Appsfomo",default,global
3239,Magneto installer/duplicator,3239,0,external,NWDthemes,Magneto installer/duplicator Review,"Magneto installer/duplicator Plugin Features, reviews and Pricing | Appsfomo",default,global
3241,Newsletter popup for magneto,3241,0,external,Nardo2010,Newsletter popup for magneto Review,"Newsletter popup for magneto Plugin Features, reviews and Pricing | Appsfomo",default,global
3583,Yoast SEO,3583,0,external,Consofas,Yoast SEO Review,"Yoast SEO Plugin Features, reviews and Pricing | Appsfomo",default,global
