ID,Title,rehub_offer_product_url,affiliate_url
11307,Hubblu,https://pitchground.com/products/hubblu,https://pitchground.sjv.io/KezD2A
11436,Dashup,https://pitchground.com/products/dashup,https://pitchground.sjv.io/7mMZLr
11444,Mailmodo,https://pitchground.com/products/mailmodo,https://pitchground.sjv.io/mgG7rq
11837,Postpace,https://pitchground.com/products/postpace,https://pitchground.sjv.io/qny7kj
12208,LeadKlozer,https://pitchground.com/products/leadklozer,https://pitchground.sjv.io/x9Z7Xd
12307,LocalPress,https://pitchground.com/products/localpress,https://pitchground.sjv.io/QOb5zM
13711,Serpwizz,https://pitchground.com/products/serpwizz/,https://pitchground.sjv.io/9WEXx0
14419,PageMaker,https://pitchground.com/products/pagemaker,https://pitchground.sjv.io/rnX7e5
15779,Scalify,https://pitchground.com/products/scalify,https://pitchground.sjv.io/jWmvDv
15861,Dashfrugal,https://pitchground.com/products/dashfrugal,https://pitchground.sjv.io/P0bPYX
17664,Olvy,https://pitchground.com/products/olvy,https://pitchground.sjv.io/5bnVm9
17678,Linktube,https://pitchground.com/products/linktube,https://pitchground.sjv.io/e4N6JD
17691,NeverSpam by Allegrow,https://pitchground.com/products/neverspam,https://pitchground.sjv.io/a1e0Yb
17727,Intervue,https://pitchground.com/products/intervue,https://pitchground.sjv.io/Aojbkx
17854,Vetrina Live,https://pitchground.com/products/vetrinalive,https://pitchground.sjv.io/Gjgvor
17909,VectorGrove,https://pitchground.com/products/vectorgrove,https://pitchground.sjv.io/Jr2xQr
18140,Scalenut,https://pitchground.com/products/scalenut,https://pitchground.sjv.io/ZdNZ4Q
18152,Evaboot,https://pitchground.com/products/evaboot,https://pitchground.sjv.io/XxNVZ4
