ID,Title,New Article
710,Swift Performance,Swift Performance Review
716,Divi Theme,Divi Theme Review
1522,WPastra Theme,WPastra Theme Review
2920,WPForms,WPForms Review
2954,Ultimate Membership Pro,Ultimate Membership Pro Review
2956,All In One SEO,All In One SEO Review
2958,Restrict Content Pro,Restrict Content Pro Review
2960,SEO by Squirrly,SEO by Squirrly Review
2972,Site Origin,Site Origin Review
2974,Beaver Builder,Beaver Builder Review
2982,SEMrush,SEMrush Review
2986,Slider Revolution,Slider Revolution Review
2993,Ithemes Security Pro,Ithemes Security Pro Review
3001,Wordfence,Wordfence Review
3067,Akismet,Akismet Review
3069,WPML,WPML Review
3083,WP Rocket,WP Rocket Review
3085,Anti-spam Pro,Anti-spam Pro Review
3087,W3 Total Cache,W3 Total Cache Review
3089,WP Fastest Cache,WP Fastest Cache Review
3103,WP Cerber,WP Cerber Review
3111,Woof,Woof Review
3119,Hide My WP,Hide My WP Review
3163,Scrapes,Scrapes Review
3167,Ajax Search Pro,Ajax Search Pro Review
3177,WP Data Tables,WP Data Tables Review
3183,Content Egg,Content Egg Review
3195,WordPress Real Media Library,WordPress Real Media Library Review
3197,Yellow Pencil,Yellow Pencil Review
3207,Mailster,Mailster Review
3291,Theme X,Theme X Review
3293,Newspaper,Newspaper Review
3297,The7,The7 Review
3301,Jupiter,Jupiter Review
3307,Publisher,Publisher Review
3309,Rehub,Rehub Review
3313,Eduma,Eduma Review
3325,Enfold,Enfold Review
3327,Be Theme,Be Theme Review
3341,WYZI- Business Finder,WYZI- Business Finder Review
3365,Woffice,Woffice Review
3371,WPLMS,WPLMS Review
3373,EducationPress,EducationPress Review
3389,Oxygen,Oxygen Review
3430,Thrive,Thrive Review
3465,Bellevue,Bellevue Review
3580,Avada,Avada Review
3583,Yoast SEO,Yoast SEO Review
6206,Cloudflare,Cloudflare Review
6255,cPanel,cPanel Review
6408,BunnyCDN,BunnyCDN Review
6419,SiteGround,SiteGround Review
6427,Bluehost,Bluehost Review
6488,Plesk,Plesk Review
6537,Plutio,Plutio Review
6622,CiuisCRM,CiuisCRM Review
6645,Mailchimp,Mailchimp Review
6938,SendGrid,SendGrid Review
8302,Hestia,Hestia Review
8314,OceanWP,OceanWP Review
8336,ShopIsle,ShopIsle Review
8340,BetterDocs,BetterDocs Review
8345,Generatepress,Generatepress Review
8405,Kadence,Kadence Review
8509,Imagely,Imagely Review
9234,Brizy,Brizy Review
9530,SEOPress,SEOPress Review
9862,Elementor Pro,Elementor Pro Review
9880,LearnDash,LearnDash Review
9895,Caldera Forms,Caldera Forms Review
9904,StackSocial,StackSocial Review
9911,AppSumo,AppSumo Review
9936,Shortpixel,Shortpixel Review
10007,WP Fluent Forms,WP Fluent Forms Review
10059,Ora,Ora Review
10060,Glorify,Glorify Review
10061,Trello,Trello Review
10062,VistaCreate,VistaCreate Review
10082,WP Security Ninja,WP Security Ninja Review
10114,All-in-One WP Migration,All-in-One WP Migration Review
10260,TexAu,TexAu Review
10281,Amelia,Amelia Review
10284,Advanced Custom Fields,Advanced Custom Fields Review
10402,RelayThat,RelayThat Review
10797,Shopify,Shopify Review
11133,Magento,Magento Review
11198,WordPress,WordPress Review
11413,User Back,User Back Review
11527,7 Zip,7 Zip Review
11620,Drupal,Drupal Review
11694,WP Reset,WP Reset Review
11772,WebARX,WebARX Review
13015,Grammarly,Grammarly Review
13338,TortoiseGit,TortoiseGit Review
13461,ArticleForge,ArticleForge Review
13549,Virusdie,Virusdie Review
13698,Loginpress,Loginpress Review
14060,Sucuri,Sucuri Review
14737,All In One WordPress Security and Firewall Plugin,All In One WordPress Security and Firewall Plugin Review
15653,LiveWebinar,LiveWebinar Review
15862,Essential Addons for Elementor,Essential Addons for Elementor Review
16794,Cartflows,Cartflows Review
16916,WP Engine,WP Engine Review
17751,Kinsta,Kinsta Review
17798,Backup Guard,Backup Guard Review
18134,Mailpoet,Mailpoet Review
18166,Hostinger,Hostinger Review
18413,Weje,Weje Review
18590,Autoptimize,Autoptimize Review
19614,WPvivid Backup,WPvivid Backup Review
20584,Quillbot,Quillbot Review
21191,Crove.app,Crove.app Review
21211,Chugzi,Chugzi Review
21454,WPSmartPay,WPSmartPay Review
21491,Usetiful,Usetiful Review
21673,RemasterMedia,RemasterMedia Review
21689,Biteplay,Biteplay Review
21763,GummySearch,GummySearch Review
22024,ContentBot,ContentBot Review
22130,TrueRanker,TrueRanker Review
22168,Trust,Trust Review
22217,NeuronWriter,NeuronWriter Review
22248,Vepaar,Vepaar Review
22264,Scalenut,Scalenut Review
22281,Prelo,Prelo Review
22320,Xpro Addons for Elementor,Xpro Addons for Elementor Review
22336,SheerSEO,SheerSEO Review
22376,Wordplay,Wordplay Review
22406,WooLentor,WooLentor Review
22432,Microsoft Power Automate,Microsoft Power Automate Review
22458,useArtemis,useArtemis Review
22491,Bit Integrations,Bit Integrations Review
22518,BackupSheep,BackupSheep Review
22564,Dukaan,Dukaan Review
22606,Heartbeat,Heartbeat Review
22654,WP Force SSL,WP Force SSL Review
22670,Grab Your Reviews,Grab Your Reviews Review
23000,LeadRocks,LeadRocks Review
23042,pxl.to,pxl.to Review
23323,RankMath,RankMath Review
23517,Meta API,Meta API Review
23719,Boost.space,Boost.space Review
23923,Test,Test Review
24051,Instantly,Instantly Review
