ID,Title,Permalink,Categories,"Affiliate Store",rehub_offer_product_url
1926,picjumbo,https://appsfomo.com/picjumbo/,"Image &amp; Video Editing",Stacksocial,https://stacksocial.com/sales/picjumbo-designer-plan-lifetime-subscription?aid=a-j0gmt06o
3685,Eventee,https://appsfomo.com/eventee/,Productivity,AppSumo,https://appsumo.com/eventee/
4944,"Coming Soon & Maintenance Mode",https://appsfomo.com/coming-soon-to-a-site-near-you/,"Web development",AppSumo,https://appsumo.com/coming-soon-maintenance-mode/
5026,Clientjoy,https://appsfomo.com/clientjoy/,"Client Management",AppSumo,https://appsumo.com/clientjoy/
5215,TechTracker,https://appsfomo.com/techtracker/,"Lead Generation","SaaS Mantra",https://saasmantra.com/deals/techtracker
8165,"Missinglettr Curate",https://appsfomo.com/missinglettr-curate/,"Lead Generation|SEO &amp; Marketing",AppSumo,https://appsumo.com/missinglettr-curate/
8205,Iubenda,https://appsfomo.com/iubenda/,"Business Management",AppSumo,https://appsumo.com/iubenda/
9269,Botstar,https://appsfomo.com/botstar/,"Lead Generation|SaaS Software|SEO &amp; Marketing|Support",AppSumo,https://appsumo.com/botstar/
9291,BackupGuard,https://appsfomo.com/backupguard/,"SaaS Software|Web development|Wordpress",AppSumo,https://appsumo.com/backupguard-wordpress-plugin/
9374,EditMate,https://appsfomo.com/editmate/,"Business Management|SaaS Software|SEO &amp; Marketing",AppSumo,https://appsumo.com/editmate/
9460,SyncSpider,https://appsfomo.com/syncspider/,"Business Management|SaaS Software|Sales &amp; E-commerce|SEO &amp; Marketing",AppSumo,https://appsumo.com/syncspider/
9494,"Promo Republic",https://appsfomo.com/promo-republic/,"Business Management|Content Creation|SaaS Software|SEO &amp; Marketing",AppSumo,https://appsumo.com/promorepublic/
9605,"LightKey Pro",https://appsfomo.com/lightkey-pro/,Productivity,Stacksocial,https://stacksocial.com/sales/lightkey-pro-lifetime-subscription/?aid=a-j0gmt06o
9642,Optinly,https://appsfomo.com/optinly/,"Sales &amp; E-commerce|SEO &amp; Marketing|Web development",AppSumo,https://appsumo.com/optinly/
9677,Labiknow,https://appsfomo.com/labiknow/,"Business Management|Support",Dealify,https://www.dealify.com/labiknow/?deal=stellar
9706,Listnr,https://appsfomo.com/listnr/,"Content Creation",Dealify,https://www.dealify.com/listnr/?deal=stellar
9736,"Warm Welcome",https://appsfomo.com/warm-welcome/,"Business Management|Client Management|Productivity",AppSumo,https://appsumo.com/warmwelcome/
10444,Way,https://appsfomo.com/way/,Wordpress,Stacksocial,https://stacksocial.com/sales/way-pro-no-code-landing-page-builder-lifetime-subscription/?aid=a-j0gmt06o
10446,TruConversion,https://appsfomo.com/truconversion/,"Lead Generation",AppSumo,https://appsumo.com/truconversion/
10447,piZap,https://appsfomo.com/pizap/,"Image &amp; Video Editing",Stacksocial,https://stacksocial.com/sales/pizap-pro-lifetime-subscription?aid=a-j0gmt06o
10471,Noci,https://appsfomo.com/noci/,"Business Management|Lead Generation|SEO &amp; Marketing|Support",Dealify,https://www.dealify.com/noci/?deal=stellar
10531,"Get Backup Pro 3",https://appsfomo.com/get-backup-pro-3/,"Backup and Storage",Stacksocial,https://stacksocial.com/sales/backup-pro-single-license?aid=a-j0gmt06o
10562,NeverSpam,https://appsfomo.com/neverspam/,"SEO &amp; Marketing",Dealify,https://www.dealify.com/neverspam/?deal=stellar
10567,Internxt,https://appsfomo.com/internxt/,"Backup and Storage",AppSumo,https://appsumo.com/internxt/
10596,Botspice,https://appsfomo.com/botspice/,"Business Management|Lead Generation|SEO &amp; Marketing",AppSumo,https://appsumo.com/marketplace-botspice/
10700,Viewst,https://appsfomo.com/viewst/,"Image &amp; Video Editing|SEO &amp; Marketing",AppsFomo,https://appsumo.com/viewst/
10804,Beagle,https://appsfomo.com/beagle/,Security,AppSumo,https://appsumo.com/beaglesecurity/
10838,Pushfy,https://appsfomo.com/pushfy/,"Business Management|Lead Generation|SEO &amp; Marketing",AppSumo,https://appsumo.com/marketplace-pushfy-boost-your-conversions-increase-leads-sales-w/
10890,Instoo,https://appsfomo.com/instoo/,"Lead Generation|SEO &amp; Marketing",AppSumo,https://appsumo.com/instoo/
10943,Easynote,https://appsfomo.com/easynote/,"Business Management|Productivity",AppsFomo,https://dealmirror.com/product/easynote-lifetime-deal/
10945,Screpy,https://appsfomo.com/screpy/,"SEO &amp; Marketing",AppSumo,https://appsumo.com/screpy/
11055,"Exact Visitor",https://appsfomo.com/exact-visitor/,"Business Management|Client Management|Lead Generation",Stacksocial,https://saasmantra.com/deals/exactvisitor
11110,Decktopus,https://appsfomo.com/decktopus/,"Content Creation|Lead Generation",Dealify,https://www.dealify.com/decktopus/?deal=stellar
11137,"Starchive 1TB Cloud Storage",https://appsfomo.com/starchive-1tb-cloud-storage/,"Backup and Storage|Security",Stacksocial,https://stacksocial.com/sales/starchive-1-tb-individual-plan-cloud-storage-lifetime-subscription?aid=a-j0gmt06o
11154,bCast,https://appsfomo.com/bcast/,"Lead Generation|SaaS Software",AppSumo,https://appsumo.com/bcast/
11200,Writesonic,https://appsfomo.com/writesonic/,"Content Creation",Stacksocial,https://stacksocial.com/sales/writesonic-starter-plan-lifetime-subscription?aid=a-j0gmt06o
11222,"AI Kontent",https://appsfomo.com/ai-kontent/,"Content Creation|SEO &amp; Marketing",AppSumo,https://appsumo.com/marketplace-aikontent/
11276,Rymotely,https://appsfomo.com/rymotely/,"Content Creation",DealMirror,https://dealmirror.com/product/rymotely-lifetime-deal/?ref=interstellar.consulting
11306,Mailifier,https://appsfomo.com/mailifier/,"Business Management|Client Management|Lead Generation",Dealify,https://www.dealify.com/mailifier/?deal=stellar
11307,Hubblu,https://appsfomo.com/hubblu/,"Business Management",Pitchground,https://pitchground.sjv.io/KezD2A
11357,"Coassemble Learning Management System",https://appsfomo.com/coassemble-learning-management-system/,"LMS &amp; Training",Stacksocial,https://stacksocial.com/sales/coassemble-lifetime-subscription/?aid=a-j0gmt06o%C2%A0
11436,Dashup,https://appsfomo.com/dashup/,"Business Management|Client Management|Lead Generation",Pitchground,https://pitchground.sjv.io/7mMZLr
11444,Mailmodo,https://appsfomo.com/mailmodo/,"Client Management",Pitchground,https://pitchground.sjv.io/mgG7rq
11582,Explore,https://appsfomo.com/explore/,"Lead Generation","SaaS Mantra",https://saasmantra.com/deals/omniconvert
11614,Marketplan,https://appsfomo.com/marketplan/,"Client Management",LTDhunt,https://marketplan.io/ltd-offer-ltd-hunt/
11627,Clearfy,https://appsfomo.com/clearfy/,"Web development|Wordpress",SaaSwizz,https://clearfy.pro/saaswiz/
11695,Encharge,https://appsfomo.com/encharge/,"Business Management|SEO &amp; Marketing",AppSumo,https://appsumo.com/encharge/
11732,MassFlow,https://appsfomo.com/massflow/,"Business Management|Client Management|SEO &amp; Marketing",DealFuel,https://www.dealfuel.com/seller/massflow-website-visitor-analytics/?ap_id=interstellar
11820,1Brand,https://appsfomo.com/1brand/,"Business Management|Content Creation",AppSumo,https://appsumo.com/1brand/
11837,Postpace,https://appsfomo.com/postpace/,"Content Creation|SEO &amp; Marketing",Pitchground,https://pitchground.sjv.io/qny7kj
11850,"WP Compress",https://appsfomo.com/wp-compress/,Wordpress,AppSumo,https://appsumo.com/wp-compress/
11863,Backupper,https://appsfomo.com/backupper/,"Backup and Storage|Support",Stacksocial,https://bitsdujour.stacksocial.com/sales/lifetime-of-aomei-backupper-professional/?aid=a-j0gmt06o
11881,Integrately,https://appsfomo.com/integrately/,"Business Management|SaaS Software",AppsFomo,https://integrately.com/ltd
11933,YouPost,https://appsfomo.com/youpost/,"Content Creation",Dealify,https://www.dealify.com/youpost/?deal=stellar
11978,"Squirrly SEO",https://appsfomo.com/squirrly-seo/,Support|Wordpress,AppSumo,https://appsumo.com/squirrly-seo/
12024,Adguard,https://appsfomo.com/adguard/,Security,Stacksocial,https://stacksocial.com/sales/adguard-personal-plan-lifetime-subscription?aid=a-j0gmt06o
12057,Ashore,https://appsfomo.com/ashore/,"Client Management|Productivity",AppSumo,https://appsumo.com/ashore/
12067,FeedBear,https://appsfomo.com/feedbear/,"Client Management|Productivity|Web development",AppSumo,https://appsumo.com/marketplace-feedbear/
12078,Pabbly,https://appsfomo.com/pabbly/,"Productivity|SaaS Software",AppsFomo,https://www.pabbly.com/connect-onetime/
12142,Zuitte,https://appsfomo.com/zuitte/,"Business Management|Client Management|Productivity",Dealify,https://www.dealify.com/zuitte/?deal=stellar
12162,Rytr,https://appsfomo.com/rytr/,"Content Creation|SEO &amp; Marketing",AppSumo,https://appsumo.com/marketplace-rytr/
12180,Acadle,https://appsfomo.com/acadle/,"Web development",AppSumo,https://appsumo.com/acadle/
12208,LeadKlozer,https://appsfomo.com/leadklozer/,"Lead Generation",Pitchground,https://pitchground.sjv.io/x9Z7Xd
12271,"Luminar 4 Power Bundle",https://appsfomo.com/luminar-4-power-bundle/,"Image &amp; Video Editing",Stacksocial,https://stacksocial.com/sales/the-award-winning-luminar-4-power-bundle
12307,LocalPress,https://appsfomo.com/localpress/,Wordpress,Pitchground,https://pitchground.sjv.io/QOb5zM
12338,TexAu,https://appsfomo.com/texau/,"Business Management|Client Management|Lead Generation|Productivity",AppSumo,https://appsumo.com/texau/
12348,"GA Insights",https://appsfomo.com/ga-insights/,"Business Management|Productivity",Stacksocial,https://stacksocial.com/sales/ga-insights-reports-plan-lifetime-subscription?aid=a-j0gmt06o
12421,Scrapbook,https://appsfomo.com/scrapbook/,"Business Management|Lead Generation|SEO &amp; Marketing",Dealify,https://stacksocial.com/sales/ga-insights-reports-plan-lifetime-subscription?aid=a-j0gmt06o
12430,"Invoice Crowd",https://appsfomo.com/invoice-crowd/,"LMS &amp; Training",AppSumo,https://appsumo.com/marketplace-invoice-crowd/
12456,"Social Champ",https://appsfomo.com/social-champ/,"Lead Generation|SEO &amp; Marketing",AppSumo,https://appsumo.com/social-champ/
12496,"Brizy Pro",https://appsfomo.com/brizy-pro/,Wordpress,AppsFomo,https://www.brizy.io/brizy-pro-pricing/
12623,"Keyword Hero",https://appsfomo.com/keyword-hero/,Wordpress,AppSumo,https://appsumo.com/keywordhero/
12688,ActiveCollab,https://appsfomo.com/activecollab/,"Business Management|Productivity",AppSumo,https://appsumo.com/activecollab/
12730,NeuralText,https://appsfomo.com/neuraltext/,"Content Creation|SEO &amp; Marketing",AppSumo,https://appsumo.com/neuraltext/
12844,"OneHash Enterprise Resource Planning For Startups",https://appsfomo.com/onehash-enterprise-resource-planning-for-startups/,"Business Management|Client Management",DealFuel,https://www.dealfuel.com/seller/onehash-enterprise-resource-planning/
12850,Spoke,https://appsfomo.com/spoke/,"Business Management|Productivity",AppSumo,https://appsumo.com/spoke/
12883,Recreate,https://appsfomo.com/recreate/,"Productivity|SEO &amp; Marketing",DealMirror,https://dealmirror.com/product/recreate-lifetime-deal/?ref=interstellar.consulting
12936,Voicely,https://appsfomo.com/voicely/,"Content Creation",DealMirror,https://dealmirror.com/product/voicely-lifetime-deal/?ref=interstellar.consulting
13070,Taskomat,https://appsfomo.com/taskomat/,"Business Management",Dealify,https://www.dealify.com/taskomat/
13112,Typebot,https://appsfomo.com/typebot/,"Business Management|Client Management|Lead Generation","SaaS Mantra",https://saasmantra.com/deals/typebot
13113,Enerpize,https://appsfomo.com/enerpize/,"Client Management",AppSumo,https://appsumo.com/enerpize/
13173,NativeForms,https://appsfomo.com/nativeforms/,"SEO &amp; Marketing","SaaS Mantra",https://saasmantra.com/deals/nativeforms
13223,"SEOnify SEO",https://appsfomo.com/seonify-seo/,Wordpress,DealFuel,https://www.dealfuel.com/seller/seonify-seo-tools-visitor-analytics/?ap_id=interstellar
13280,"Zen Mind Map",https://appsfomo.com/zen-mind-map/,"Business Management|Content Creation|Productivity",AppSumo,https://appsumo.com/marketplace-zen-mind-map/
13347,Treasure,https://appsfomo.com/treasure/,"Backup and Storage",AppSumo,https://appsumo.com/treasure/
13564,Flowlu,https://appsfomo.com/flowlu/,"Business Management",AppSumo,https://appsumo.com/flowlu/
13711,Serpwizz,https://appsfomo.com/serpwizz/,"Lead Generation|SEO &amp; Marketing",Pitchground,https://pitchground.sjv.io/9WEXx0
14125,ContentBot,https://appsfomo.com/contentbot/,"Content Creation",AppSumo,https://appsumo.com/contentbot/
14154,AppMySite,https://appsfomo.com/appmysite/,"Sales &amp; E-commerce|Wordpress",AppSumo,https://appsumo.com/appmysite/
14258,SendFox,https://appsfomo.com/sendfox/,"Lead Generation|Sales &amp; E-commerce|SEO &amp; Marketing",AppSumo,https://appsumo.com/sendfox/
14388,Blakify,https://appsfomo.com/blakify/,"Content Creation",AppSumo,https://appsumo.com/products/marketplace-blakify-ai/
14419,PageMaker,https://appsfomo.com/pagemaker/,"Sales &amp; E-commerce|SEO &amp; Marketing",Pitchground,https://pitchground.sjv.io/rnX7e5
14872,"Exod ai",https://appsfomo.com/exod-ai/,"Image &amp; Video Editing|Lead Generation|SEO &amp; Marketing",Dealify,https://www.dealify.com/exod/
15655,"Filmstro Pro",https://appsfomo.com/filmstro-pro/,"Content Creation|Image &amp; Video Editing",AppSumo,https://appsumo.com/products/filmstro/
15707,"Design Wizard",https://appsfomo.com/design-wizard/,"Image &amp; Video Editing",Stacksocial,https://stacksocial.com/sales/design-wizard-pro-lifetime-subscription/?aid=a-j0gmt06o
15724,iBrave,https://appsfomo.com/ibrave/,"Web development|Wordpress",Stacksocial,https://stacksocial.com/sales/ibrave-cloud-web-hosting-lifetime-subscription/?aid=a-j0gmt06o
15749,Senseily,https://appsfomo.com/senseily/,"LMS &amp; Training|Online Course",Dealify,https://www.dealify.com/senseily/
15765,Leadsolo,https://appsfomo.com/leadsolo/,"Business Management|Lead Generation",DealFuel,https://www.dealfuel.com/seller/leadsolo-prospect-finder/?ap_id=interstellar
15779,Scalify,https://appsfomo.com/scalify/,"Lead Generation",Pitchground,https://pitchground.sjv.io/jWmvDv
15781,Akubooks,https://appsfomo.com/akubooks/,"Invoice|Sales &amp; E-commerce",DealFuel,https://www.dealfuel.com/seller/akubooks-invoice-generator/?ap_id=interstellar
15797,LeadPay,https://appsfomo.com/leadpay/,"Business Management|Lead Generation",Dealify,https://www.dealify.com/leadpay/?deal=stellar
15802,Dragit,https://appsfomo.com/dragit/,"Business Management|Email designer","SaaS Mantra",https://saasmantra.com/deals/dragit
15826,Crikle,https://appsfomo.com/crikle/,"Productivity|Sales &amp; E-commerce",AppSumo,https://appsumo.com/products/crikle/
15857,"Feature Monkey",https://appsfomo.com/feature-monkey/,"Client Management|Productivity",Dealify,https://www.dealify.com/featuremonkey/?deal=stellar
15861,Dashfrugal,https://appsfomo.com/dashfrugal/,"Client Management|Productivity|Support",Pitchground,https://pitchground.sjv.io/P0bPYX
15877,Samdock,https://appsfomo.com/samdock/,"Client Management|Invoice|Lead Generation|Sales &amp; E-commerce",AppSumo,https://appsumo.com/products/marketplace-samdock/
15885,"Liro Pro",https://appsfomo.com/liro-pro/,"Image &amp; Video Editing",Stacksocial,https://stacksocial.com/sales/liro-pro-lifetime-subscription/?aid=a-j0gmt06o
15899,ProWritingAid,https://appsfomo.com/prowritingaid/,"Content Creation|Online Course",Stacksocial,http://stacksocial.com/sales/the-award-winning-prowritingaid-lifetime-subscription-bundle/?aid=a-j0gmt06o
15902,"Auto Post Thumbnail",https://appsfomo.com/auto-post-thumbnail/,"Content Creation|Image &amp; Video Editing",DealMirror,https://dealmirror.com/product/auto-featured-image-lifetime-deal/?ref=interstellar.consulting
15922,CuriosityStream,https://appsfomo.com/curiositystream/,Uncategorized,Stacksocial,https://stacksocial.com/sales/curiositystream-hd-plan-lifetime-subscription/?aid=a-j0gmt06o
15933,StoryXpress,https://appsfomo.com/storyxpress/,Uncategorized,Stacksocial,https://stacksocial.com/sales/2-years-of-storyxpress-lite/?aid=a-j0gmt06o
15961,JivoChat,https://appsfomo.com/jivochat/,"Sales &amp; E-commerce|Support",AppSumo,https://appsumo.com/products/jivochat/
15997,Doopoll,https://appsfomo.com/doopoll/,Forms|Support|Surveys,Dealify,https://www.dealify.com/doopoll/?deal=stellar
16005,Now4real,https://appsfomo.com/now4real/,"Business Management|SEO &amp; Marketing|Support","SaaS Mantra",https://saasmantra.com/deals/now4real
16034,Screpy,https://appsfomo.com/screpy-2/,"Lead Generation|SEO &amp; Marketing",Dealify,https://www.dealify.com/screpy/?deal=stellar
16042,FeedBear,https://appsfomo.com/feedbear-2/,"Client Management|Productivity",DealFuel,https://www.dealfuel.com/seller/feedbear-product-feedback/?ap_id=interstellar
16050,LaunchFlows,https://appsfomo.com/launchflows/,"Productivity|Sales &amp; E-commerce|Wordpress",DigitalThink,https://digitalthink.io/deal/launchflows/?ref=slogin
16058,Tomba,https://appsfomo.com/tomba/,"Lead Generation|Sales &amp; E-commerce",DigitalThink,https://digitalthink.io/deal/tomba/?ref=slogin
16068,ADYOUNEED,https://appsfomo.com/adyouneed/,"Sales &amp; E-commerce|SEO &amp; Marketing",AppSumo,https://appsumo.com/products/adyouneed/
16076,Poirot,https://appsfomo.com/poirot/,"Business Management|Lead Generation|Productivity","SaaS Mantra",https://saasmantra.com/deals/poirot
16110,MindMaster,https://appsfomo.com/mindmaster/,"Business Management|Productivity",Stacksocial,https://stacksocial.com/sales/mindmaster/?aid=a-j0gmt06o
16115,Pinstriped,https://appsfomo.com/pinstriped/,"Business Management|Productivity",Stacksocial,https://stacksocial.com/sales/pinstriped-premium-plan-lifetime-subscription-2/?aid=a-j0gmt06o
16146,Sitejet,https://appsfomo.com/sitejet/,"Client Management|Productivity|Web development|Wordpress",AppSumo,https://appsumo.com/products/sitejet/
16160,Frill,https://appsfomo.com/frill/,"Client Management|Productivity|Support",AppSumo,https://appsumo.com/products/frill/
16179,"WooFunnels Anniversary LTD",https://appsfomo.com/woofunnels-anniversary-ltd/,"Productivity|Sales &amp; E-commerce|Wordpress","Own site",https://buildwoofunnels.com/third-anniversary-ltd/
16232,ScaffoldHub,https://appsfomo.com/scaffoldhub/,"Web development|Wordpress",Stacksocial,https://stacksocial.com/sales/scaffoldhub-developer-plan-lifetime-subscription/?aid=a-j0gmt06o
16238,CTemplar,https://appsfomo.com/ctemplar/,Security,Stacksocial,https://stacksocial.com/sales/ctemplar-prime-plan-lifetime-subscription/?aid=a-j0gmt06o
16299,WordProof,https://appsfomo.com/wordproof/,Security,Dealify,https://www.dealify.com/wordproof/?deal=stellar
16313,Rootpal,https://appsfomo.com/rootpal/,Wordpress,Stacksocial,https://stacksocial.com/sales/rootpal-wordpress-hosting-lifetime-subscription/?aid=a-j0gmt06o
16402,Formspark,https://appsfomo.com/formspark/,"Forms|Sales &amp; E-commerce|Support",Dealify,https://www.dealify.com/formspark/?deal=stellar
16407,MobAppCreator,https://appsfomo.com/mobappcreator/,"Business Management|Sales &amp; E-commerce",Dealify,https://www.dealify.com/mobappcreator/?deal=stellar
16415,Vizologi,https://appsfomo.com/vizologi/,"Business Management|Productivity",Dealify,https://www.dealify.com/vizologi/?deal=stellar
16417,Prizmo,https://appsfomo.com/prizmo/,OCR|Text-To-Speech,Stacksocial,https://stacksocial.com/sales/prizmo-4-pro-pack/?aid=a-j0gmt06o
16426,Paintstorm,https://appsfomo.com/paintstorm/,"Image &amp; Video Editing|Painting",Stacksocial,https://stacksocial.com/sales/paintstorm-studio-lifetime-subscription-1-pc/?aid=a-j0gmt06o
16459,"FlexClip Video Maker",https://appsfomo.com/flexclip-video-maker/,"Image &amp; Video Editing|Productivity|SEO &amp; Marketing|Web development",DealMirror,https://dealmirror.com/product/flexclip-lifetime-deal/?ref=interstellar.consulting
16467,AutoWriter,https://appsfomo.com/autowriter/,"Content Creation|Productivity|SEO &amp; Marketing|Web development",DealMirror,https://dealmirror.com/product/autowriter-lifetime-deal/?ref=interstellar.consulting
16477,"Local Lead Scaner",https://appsfomo.com/local-lead-scaner/,"Lead Generation",DigitalThink,https://digitalthink.io/deal/local-lead-scanner/?ref=slogin
16485,Movavi,https://appsfomo.com/movavi/,"Image &amp; Video Editing",DealMirror,https://dealmirror.com/product/movavi-video-suite-2021-lifetime-deal-for-window-mac%20/?ref=interstellar.consulting
16538,"Human Presence",https://appsfomo.com/human-presence/,Security|Wordpress,Dealify,https://www.dealify.com/humanpresence/?deal=stellar
16585,"KATA Trendy WordPress Theme",https://appsfomo.com/kata-trendy-wordpress-theme/,Productivity|Wordpress,DealFuel,https://www.dealfuel.com/seller/kata-trendy-wordpress-theme/?ap_id=interstellar
16594,Sendinblue,https://appsfomo.com/sendinblue/,"Client Management|Email designer|Web development",AppSumo,https://appsumo.com/products/sendinblue-lifetime/
16826,Funnelll,https://appsfomo.com/funnelll/,"Lead Generation|Sales &amp; E-commerce",AppSumo,https://appsumo.com/products/funnelll/
16841,"WP Reset",https://appsfomo.com/wp-reset/,"Productivity|Web development|Wordpress",AppSumo,https://appsumo.com/products/wp-reset/
16853,wpDataTables,https://appsfomo.com/wpdatatables/,"Productivity|Web development|Wordpress",AppSumo,https://appsumo.com/products/wpdatatables/
16862,"EWWW Image Optimizer",https://appsfomo.com/ewww-image-optimizer/,"Productivity|SEO &amp; Marketing|Web development|Wordpress",AppSumo,https://appsumo.com/products/ewww-image-optimizer/
16873,LongShot.Ai,https://appsfomo.com/longshot-ai/,"Content Creation|Productivity|SEO &amp; Marketing",Dealify,https://www.dealify.com/longshot/?deal=stellar
16883,Adcrux,https://appsfomo.com/adcrux/,"Email designer|Productivity|SEO &amp; Marketing",Dealify,https://www.dealify.com/adcrux/?deal=stellar
16895,"Notic – Social Proof Application",https://appsfomo.com/notic-social-proof-application/,"Client Management|Productivity|SEO &amp; Marketing",DealFuel,https://www.dealfuel.com/seller/notic-social-proof-application/?ap_id=interstellar
16938,Nexweave,https://appsfomo.com/nexweave/,"Email designer|Image &amp; Video Editing",AppSumo,https://appsumo.com/products/nexweave/
16946,CourseMaker,https://appsfomo.com/coursemaker/,"LMS &amp; Training|Online Course","SaaS Mantra",https://saasmantra.com/deals/coursemaker
16956,"AdLock Ad Blocker",https://appsfomo.com/adlock-ad-blocker/,Security,Bitsdujour,https://bitsdujour.stacksocial.com/sales/adlock-lifetime-subscription
16965,"Addons for Elementor",https://appsfomo.com/addons-for-elementor/,Wordpress,DealMirror,https://dealmirror.com/product/exclusive-addons-lifetime-deal/?ref=interstellar.consulting
16974,Crello,https://appsfomo.com/crello/,"Image &amp; Video Editing",AppSumo,https://appsumo.com/products/crello/
16981,"Mockplus Cloud",https://appsfomo.com/mockplus-cloud/,"Image &amp; Video Editing",AppSumo,https://stacksocial.com/sales/mockplus-cloud-pro-2-year-subscription-3-users?aid=a-j0gmt06o
16994,Plutio,https://appsfomo.com/plutio/,"Client Management|Productivity",AppSumo,https://appsumo.com/products/plutio/
16997,Sendgomail,https://appsfomo.com/sendgomail/,"Email designer|SEO &amp; Marketing",DealMirror,https://dealmirror.com/product/sendgomail-lifetime-deal/?ref=interstellar.consulting
17024,Play.ht,https://appsfomo.com/play-ht/,"Image &amp; Video Editing|Productivity|SEO &amp; Marketing",AppSumo,https://appsumo.com/products/playht/
17054,Qualzz,https://appsfomo.com/qualzz/,"Sales &amp; E-commerce",DigitalThink,https://digitalthink.io/deal/qualzz/?ref=slogin
17062,CrowdPower,https://appsfomo.com/crowdpower/,"Email designer|Productivity|SEO &amp; Marketing",Dealify,https://www.dealify.com/crowdpower/?deal=stellar
17063,Fastdok,https://appsfomo.com/fastdok/,"Business Management","SaaS Mantra",https://saasmantra.com/deals/fastdok
17072,"Natural Text to Speech",https://appsfomo.com/natural-text-to-speech/,"Content Creation",Stacksocial,https://stacksocial.com/sales/naturaltts-online-text-to-speech-converter-lifetime-subscription
17087,Promoly,https://appsfomo.com/promoly/,"SEO &amp; Marketing","SaaS Mantra",https://www.dealify.com/promoly/?deal=stellar
17103,"Venus Design System",https://appsfomo.com/venus-design-system/,"Productivity|SEO &amp; Marketing|Web development",Stacksocial,https://stacksocial.com/sales/venus-design-system-freelancer-plan-lifetime-subscription/?aid=a-j0gmt06o
17114,"Action 4",https://appsfomo.com/action-4/,"Content Creation|Image &amp; Video Editing",Stacksocial,https://stacksocial.com/sales/action-screen-recording-software-and-gameplay-recorder?aid=a-j0gmt06o
17121,Consolto,https://appsfomo.com/consolto/,"Business Management|Client Management",AppSumo,https://appsumo.com/products/consolto/
17134,Trust,https://appsfomo.com/trust/,"Forms|Lead Generation|Productivity",Dealify,https://www.dealify.com/usetrust/?deal=stellar
17157,Genei,https://appsfomo.com/genei/,"Content Creation|Productivity","SaaS Mantra",https://saasmantra.com/deals/genei
17170,Pixlr,https://appsfomo.com/pixlr/,"Image &amp; Video Editing","SaaS Mantra",https://stacksocial.com/sales/pixlr-premium-1-year-subscription%20/?aid=a-j0gmt06o
17181,"Shells™ Personal Cloud Computer",https://appsfomo.com/shells-personal-cloud-computer/,"Backup and Storage|Security",Stacksocial,https://stacksocial.com/sales/shells-basic-plan-1-year-subscription/?aid=a-j0gmt06o
17197,Botsify,https://appsfomo.com/botsify/,"Lead Generation|Support",AppSumo,https://appsumo.com/products/botsify/
17210,Connected,https://appsfomo.com/connected/,"Client Management|Productivity|Security",AppSumo,https://appsumo.com/products/connected/
17225,LeadScripts+,https://appsfomo.com/leadscripts/,Content|Marketing|Sales,AppSumo,https://appsumo.com/products/leadscripts-plus-exclusive/
17235,MarketingMaster,https://appsfomo.com/marketingmaster/,"Chat bots|Sales &amp; E-commerce|SEO &amp; Marketing","SaaS Mantra",https://saasmantra.com/deals/marketingmaster
17250,Uptics,https://appsfomo.com/uptics/,"Sales &amp; E-commerce|SEO &amp; Marketing","SaaS Mantra",https://saasmantra.com/deals/uptics
17258,"Drawtify Infographic Creator",https://appsfomo.com/drawtify-infographic-creator/,"Content|Graphic Designer",DealFuel,https://www.dealfuel.com/seller/infographic-creator%20/?ap_id=interstellar
17268,FotoJet,https://appsfomo.com/fotojet/,"Graphic Designer|Image &amp; Video Editing",DealMirror,https://dealmirror.com/product/fotojet-bundle-deal%20/?ref=interstellar.consulting
17279,"LiveWebinar Pro",https://appsfomo.com/livewebinar-pro/,"Graphic Designer|Image &amp; Video Editing",DealMirror,https://stacksocial.com/sales/lifetime-of-livewebinar-pro/?aid=a-j0gmt06o
17296,Autowriter,https://appsfomo.com/autowriter-2/,"Content Creation",DealMirror,https://dealmirror.com/product/autowriter-lifetime-deal/?ref=interstellar.consulting
17308,Pcloud,https://appsfomo.com/pcloud/,"Backup and Storage|Security",Stacksocial,https://stacksocial.com/sales/pcloud-premium-plus-cloud-storage-1-yr-subscription/?aid=a-j0gmt06o
17332,"Blurweb App",https://appsfomo.com/blurweb-app/,Security,DealMirror,https://dealmirror.com/product/blurweb-app-lifetime-deal/?ref=interstellar.consulting
17339,Silentinbox,https://appsfomo.com/silentinbox/,"Emails handler|Marketing",DealFuel,https://www.dealify.com/silentinbox%20/?deal=stellar
17349,ImageColorizer,https://appsfomo.com/imagecolorizer/,"Image &amp; Video Editing",DealMirror,https://dealmirror.com/product/imagecolorizer-lifetime-deal/?ref=interstellar.consulting
17361,"Wondershare DemoCreator",https://appsfomo.com/wondershare-democreator/,"Image &amp; Video Editing|Productivity",Stacksocial,https://stacksocial.com/sales/wondershare-democreator-for-mac/?aid=a-j0gmt06o
17373,"Nichesss AI Copywriter",https://appsfomo.com/nichesss-ai-copywriter/,Marketing|Productivity|Sales,Stacksocial,https://stacksocial.com/sales/nichesss-lifetime-subscription/?aid=a-j0gmt06o
17376,Yizy,https://appsfomo.com/yizy/,"Graphic Designer|Marketing|Web development","SaaS Mantra",https://saasmantra.com/deals/yizy
17435,"Intego Antivirus",https://appsfomo.com/intego-antivirus/,Security,Stacksocial,https://stacksocial.com/sales/intego-antivirus-1-year-subscription?aid=a-j0gmt06o
17442,ProductLift,https://appsfomo.com/productlift/,"Business Management|Productivity|Sales|Web development",Dealify,https://www.dealify.com/productlift/?deal=stellar
17443,"Peppertype AI",https://appsfomo.com/peppertype-ai/,"Content Creation",AppSumo,https://appsumo.com/products/peppertypeai/
17462,"Drawtify Lifetime Deal",https://appsfomo.com/drawtify-lifetime-deal/,"Graphic Designer|Productivity|Web development",Dealify,https://dealmirror.com/product/drawtify-lifetime-deal/?ref=interstellar.consulting
17473,Vidtoon,https://appsfomo.com/vidtoon/,"Graphic Designer|Image &amp; Video Editing|Productivity|Web development",Stacksocial,https://stacksocial.com/sales/vidtoon-2-0-animated-video-maker-lifetime-subscription/?aid=a-j0gmt06o
17485,CrawlQ,https://appsfomo.com/crawlq/,Content|Marketing|Sales,AppSumo,https://appsumo.com/products/crawlq/
17498,Interviewer.AI,https://appsfomo.com/interviewer-ai/,hr|Productivity|Video,AppSumo,https://appsumo.com/products/interviewerai/
17510,Reditus,https://appsfomo.com/reditus/,"Lead Generation|Marketing|Sales",AppSumo,https://appsumo.com/products/marketplace-reditus/
17522,uchat,https://appsfomo.com/uchat/,"Chat bots",DigitalThink,https://digitalthink.io/deal/uchat/?ref=slogin
17535,"hipCV Resume Builder",https://appsfomo.com/hipcv-resume-builder/,"Content|hr|Resume Builders",Stacksocial,https://stacksocial.com/sales/hipcv-resume-builder-1-year-subscription/?aid=a-j0gmt06o
17550,ImgDownloader,https://appsfomo.com/imgdownloader/,"SaaS Software",DealMirror,https://dealmirror.com/product/imgdownloader-lifetime-deal-pro-plan/?ref=interstellar.consulting
17556,BackgroundCut,https://appsfomo.com/backgroundcut/,"Background remover|Image &amp; Video Editing",Dealify,https://www.dealify.com/backgroundcut/?deal=stellar
17566,"Gecata Game Recorder",https://appsfomo.com/gecata-game-recorder/,"Image &amp; Video Editing|Video",Stacksocial,https://stacksocial.com/sales/gecata-game-recorder/?aid=a-j0gmt06o
17585,Tapdesk,https://appsfomo.com/tapdesk/,"Business Management|Client Management|Lead Generation","SaaS Mantra",https://saasmantra.com/deals/tapdesk
17650,"WordHero - AI Content Writer",https://appsfomo.com/wordhero-ai-content-writer/,"Content Creation|Marketing",AppSumo,https://appsumo.com/products/marketplace-wordhero/
17664,Olvy,https://appsfomo.com/olvy/,"Business Management|Support",Pitchground,https://pitchground.sjv.io/5bnVm9
17678,Linktube,https://appsfomo.com/linktube/,"Lead Generation|Marketing",Pitchground,https://pitchground.sjv.io/e4N6JD
17691,"NeverSpam by Allegrow",https://appsfomo.com/neverspam-by-allegrow/,"Emails handler|Marketing|Sales",Pitchground,https://pitchground.sjv.io/a1e0Yb
17727,Intervue,https://appsfomo.com/intervue/,hr,Pitchground,https://pitchground.sjv.io/Aojbkx
17737,Leadcamp,https://appsfomo.com/leadcamp/,"Lead Generation",AppSumo,https://appsumo.com/products/leadcamp/
17758,PhotoKit,https://appsfomo.com/photokit/,"Graphic Designer|Image &amp; Video Editing",DealMirror,https://dealmirror.com/product/photokit-lifetime-deal/?ref=interstellar.consulting
17771,Slidebean,https://appsfomo.com/slidebean/,"Business Management|Client Management|Content Creation|Productivity",Stacksocial,https://stacksocial.com/sales/slidebean-starter-plan-lifetime-subscription/?aid=a-j0gmt06o
17818,Reniwn,https://appsfomo.com/reniwn/,"Web development",Dealify,https://www.dealify.com/reniwn?deal=stellar
17825,Konnectzit,https://appsfomo.com/konnectzit/,"Productivity|Web development",AppSumo,https://appsumo.com/products/konnectzit/
17841,Ocoya,https://appsfomo.com/ocoya/,"Content Creation|Image &amp; Video Editing|Productivity",Dealify,https://www.dealify.com/ocoya/?deal=stellar
17854,"Vetrina Live",https://appsfomo.com/vetrina-live/,"Client Management|Productivity|Sales &amp; E-commerce",Pitchground,https://pitchground.sjv.io/Gjgvor
17869,twtpoll,https://appsfomo.com/twtpoll/,"Business Management|Chat bots|Client Management|Sales &amp; E-commerce",Pitchground,https://www.dealfuel.com/seller/twtpoll-chatbot-conversational-survey-platform/?ap_id=interstellar
17884,Statfolio,https://appsfomo.com/statfolio/,"Business Management",Stacksocial,https://stacksocial.com/sales/statfolio-pro-plan-lifetime-subscription/?aid=a-j0gmt06o
17899,Acumbamail,https://appsfomo.com/acumbamail/,"SEO &amp; Marketing",AppSumo,https://appsumo.com/products/acumbamail/
17906,Killerplayer,https://appsfomo.com/killerplayer/,"Content Creation|Image &amp; Video Editing",Dealify,https://www.dealify.com/killerplayer/?deal=stellar
17909,VectorGrove,https://appsfomo.com/vectorgrove/,"Content Creation|Image &amp; Video Editing|Productivity",Pitchground,https://pitchground.sjv.io/Jr2xQr
17929,Sidemail,https://appsfomo.com/sidemail/,"Content Creation|Image &amp; Video Editing|Productivity",Stacksocial,https://pitchground.com/products/vectorgrove
17959,"Onehash CRM",https://appsfomo.com/onehash-crm/,"Business Management|Client Management",DealMirror,https://pitchground.com/products/vectorgrove
17966,Hibox,https://appsfomo.com/hibox/,"Chat bots|Client Management|Lead Generation|Productivity|Sales",Stacksocial,https://stacksocial.com/sales/hibox-pro-plan-1-year-subscription/?aid=a-j0gmt06o
17982,WriterZen,https://appsfomo.com/writerzen/,"Content|Content Creation|Lead Generation|Productivity|Sales|SEO &amp; Marketing",Stacksocial,https://stacksocial.com/sales/writerzen-easy-content-creator-for-seo-lifetime-subscription/?aid=a-j0gmt06o
17996,AdGuard,https://appsfomo.com/adguard-2/,Productivity|Security,Stacksocial,https://stacksocial.com/sales/adguard-ad-blocker-family-plan-lifetime-subscription-30-store-credit/%20?aid=a-j0gmt06o
18006,Momento,https://appsfomo.com/momento/,"Client Management|Security","SaaS Mantra",https://saasmantra.com/deals/momento
18018,"AI Image Enlarger",https://appsfomo.com/ai-image-enlarger/,"Client Management|Security","SaaS Mantra",https://saasmantra.com/deals/imglarger
18032,Linkila,https://appsfomo.com/linkila/,"Security|Web development|Wordpress",DealFuel,https://www.dealfuel.com/seller/linkila-branded-short-url/?ap_id=interstellar
18044,CALIPIO,https://appsfomo.com/calipio/,"Client Management|Content|online meeting|Productivity|Security","SaaS Mantra",https://saasmantra.com/deals/calipio
18057,Ranktracker,https://appsfomo.com/ranktracker/,"Data &amp; Analytics|Marketing|SEO &amp; Marketing",AppSumo,https://appsumo.com/products/ranktracker/
18070,Pictory,https://appsfomo.com/pictory/,"Content Creation|Image &amp; Video Editing",AppSumo,https://appsumo.com/products/pictory/
18081,Superdense,https://appsfomo.com/superdense/,Productivity,"SaaS Mantra",https://saas-mantra.sjv.io/vnVZzL
18089,Satiurn,https://appsfomo.com/satiurn/,"Business Management|Client Management|Lead Generation|Marketing","SaaS Mantra",https://saasmantra.com/deals/satiurn
18101,Postpace,https://appsfomo.com/postpace-2/,"Content Creation|Data &amp; Analytics|Lead Generation|Marketing|SEO &amp; Marketing",Dealify,https://www.dealify.com/postpace/?deal=stellar
18121,UnlimPhotos,https://appsfomo.com/unlimphotos/,"Content Creation|Image &amp; Video Editing|Marketing",DealMirror,https://dealmirror.com/product/unlimphotos-lifetime-deal/
18140,Scalenut,https://appsfomo.com/scalenut/,"Content Creation|Data &amp; Analytics|Marketing|SEO &amp; Marketing",Pitchground,https://pitchground.sjv.io/ZdNZ4Q
18152,Evaboot,https://appsfomo.com/evaboot/,"Lead Generation|Marketing",Pitchground,https://pitchground.sjv.io/XxNVZ4
18173,"To Chat",https://appsfomo.com/to-chat/,"Chat bots|Lead Generation|Marketing|SEO &amp; Marketing",DealMirror,https://dealmirror.com/product/tochat-lifetime-deal/?ref=interstellar.consulting
18184,ProveDirect,https://appsfomo.com/provedirect/,"Marketing|Productivity|Sales &amp; E-commerce|Web development",Stacksocial,https://stacksocial.com/sales/provedirect-marketing-funnel-pro-plan-lifetime-subscription
18195,CustomerVox,https://appsfomo.com/customervox/,"Lead Generation|Sales &amp; E-commerce","SaaS Mantra",https://saas-mantra.sjv.io/DV3OM5
18218,Sertifier,https://appsfomo.com/sertifier/,"Content Creation|Image &amp; Video Editing",Dealify,https://www.dealify.com/sertifier?ap_id=interstellar
18225,Weje,https://appsfomo.com/weje/,"Business Management|Productivity","SaaS Mantra",https://saas-mantra.sjv.io/x9ZvWR
18238,"Email CopyDyno",https://appsfomo.com/email-copydyno/,"Email designer|Emails handler|Marketing|Sales &amp; E-commerce",DealMirror,https://dealmirror.com/product/email-copydyno-lifetime-deal/?ref=interstellar.consulting
18250,Pirsonal,https://appsfomo.com/pirsonal/,"Image &amp; Video Editing|Video","SaaS Mantra",https://saas-mantra.sjv.io/mgGBGe
18265,"Kickstart Side Hustle",https://appsfomo.com/kickstart-side-hustle/,Marketing|Sales,Stacksocial,https://stacksocial.com/sales/kickstart-side-hustle-unicorn-warrior-plan-lifetime-subscription/?aid=a-j0gmt06o
18280,3veta,https://appsfomo.com/3veta/,"Marketing|online meeting|Sales","SaaS Mantra",https://saas-mantra.sjv.io/DV3r3j
18306,Picmaker,https://appsfomo.com/picmaker/,"Graphic Designer|Image &amp; Video Editing",AppSumo,https://appsumo.com/products/picmaker/
18317,"Support Champ",https://appsfomo.com/support-champ/,"Business Management|Client Management|Lead Generation|Sales|Support",Pitchground,https://pitchground.sjv.io/e4N6br
18343,"Easy Video Review",https://appsfomo.com/easy-video-review/,"Client Management|Sales|Wordpress",DealMirror,https://dealmirror.com/product/easy-video-reviews-lifetime-deal/?ref=interstellar.consulting
18355,Lingvanex,https://appsfomo.com/lingvanex/,"Content|Language support|Productivity",Dealify,https://www.dealify.com/lingvanex/?deal=stellar
18368,StatusPing,https://appsfomo.com/statusping/,"Data &amp; Analytics|SaaS Software|Security","SaaS Mantra",https://saas-mantra.sjv.io/6bEJDK
18377,Enform.io,https://appsfomo.com/enform-io/,"Business Management|Client Management|Content|Data &amp; Analytics|Lead Generation|Sales","SaaS Mantra",https://saas-mantra.sjv.io/WDN10P
18390,Swipbucket,https://appsfomo.com/swipbucket/,Content|Marketing|Productivity,AppSumo,https://appsumo.com/products/swipebucket/
18425,SOUNDRAW,https://appsfomo.com/soundraw/,Content|Productivity|Video,AppSumo,https://appsumo.com/products/soundraw/
18440,Adriel,https://appsfomo.com/adriel/,"Business Management|Data &amp; Analytics|Marketing",AppSumo,https://appsumo.com/products/adriel/
18450,Ranktracker,https://appsfomo.com/ranktracker-2/,"SEO &amp; Marketing",AppSumo,https://appsumo.com/products/ranktracker/
18460,Coobly,https://appsfomo.com/coobly/,"Business Management",Pitchground,https://pitchground.sjv.io/ORKmnG
18473,Doubletick,https://appsfomo.com/doubletick/,"Email designer|Emails handler",DealMirror,https://dealmirror.com/product/doubletick-lifetime-deal/%20?ref=interstellar.consulting
18489,"Video Funnels",https://appsfomo.com/video-funnels/,"Image &amp; Video Editing|Video",DealMirror,https://dealmirror.com/product/video-funnels-agency-deal/?ref=interstellar.consulting
18492,Peppertype,https://appsfomo.com/peppertype/,"Email designer|Emails handler",Stacksocial,https://stacksocial.com/sales/peppertype-ai-starter-plan-1-year-subscription?aid=a-j0gmt06o
18521,Piktostory,https://appsfomo.com/piktostory/,"Image &amp; Video Editing|online meeting|Video",Stacksocial,https://stacksocial.com/sales/piktostory-lite-plan-lifetime-subscription?aid=a-j0gmt06o
18527,Swish,https://appsfomo.com/swish/,"Content Creation|SEO &amp; Marketing|Web development",Pitchground,https://pitchground.sjv.io/ZdKyxW
18546,ConectoHub,https://appsfomo.com/conectohub/,"Business Management|Content",DealMirror,https://dealmirror.com/product/conectohub-lifetime-deal/?ref=interstellar.consulting
18558,Sizzy,https://appsfomo.com/sizzy/,"Content|Sales &amp; E-commerce|Web development",Dealify,https://www.dealify.com/sizzy/?deal=stellar
18573,Pcloud,https://appsfomo.com/pcloud-lifetime/,"Backup and Storage",AppsFomo,https://partner.pcloud.com/r/14321
18597,Deep,https://appsfomo.com/deep/,"Content|Productivity|Sales &amp; E-commerce|Web development|Wordpress",Stacksocial,https://stacksocial.com/sales/deep-lifetime-subscription-1-website/?aid=a-j0gmt06o
18609,Cuttles,https://appsfomo.com/cuttles/,"Business Management|Content|Data &amp; Analytics|Productivity",AppSumo,https://appsumo.com/products/cuttles/
18619,Studiocart,https://appsfomo.com/studiocart/,"Marketing|Sales &amp; E-commerce|Wordpress",AppsFomo,https://appsumo.com/products/studiocart/
18650,ChatWithIO,https://appsfomo.com/chatwithio/,"Marketing|SaaS Software|Sales &amp; E-commerce",Pitchground,https://pitchground.sjv.io/6bd6L3
18666,"Treasure Cloud",https://appsfomo.com/treasure-cloud/,"Backup and Storage",Stacksocial,https://stacksocial.com/sales/treasure-cloud-4tb-cloud-storage-5-year-subscription?aid=a-j0gmt06o
18675,IBrave,https://appsfomo.com/ibrave-2/,"Business Management|cloud Hosting|Web development",Stacksocial,https://stacksocial.com/sales/ibrave-cloud-web-hosting-lifetime-subscription-unlimited-websites-20-store-credit/?aid=a-j0gmt06o
18690,Adtuo,https://appsfomo.com/adtuo/,"Lead Generation|Marketing|SEO &amp; Marketing",Dealify,https://www.dealify.com/adtuo/?deal=stellar
18707,UIDeck,https://appsfomo.com/uideck/,"Web development",DealMirror,https://dealmirror.com/product/uideck-lifetime-deal/?ref=interstellar.consulting
18714,Offermative,https://appsfomo.com/offermative/,Marketing|Wordpress,Dealify,https://www.dealify.com/offermative/?deal=stellar
18721,Gnymble,https://appsfomo.com/gnymble/,"Marketing|SEO &amp; Marketing",Stacksocial,https://stacksocial.com/sales/1-year-gnymble-sms-marketing-starter-plan-for-82-off/?aid=a-j0gmt06o
18737,Stacks,https://appsfomo.com/stacks/,"Marketing|SEO &amp; Marketing",Stacksocial,https://www.dealfuel.com/seller/stacks-mobile-app-builder/?ap_id=interstellar
18749,Chargg,https://appsfomo.com/chargg/,"Business Management|Marketing|Productivity|Web development",DealMirror,https://dealmirror.com/product/chargg-lifetime-deal/?ref=interstellar.consulting
18760,Sendvilla,https://appsfomo.com/sendvilla/,"Lead Generation|Marketing|SEO &amp; Marketing",DealMirror,https://dealmirror.com/product/sendvilla-lifetime-deal/?ref=interstellar.consulting
18772,WYSIWYG,https://appsfomo.com/wysiwyg/,"SEO &amp; Marketing|Web development",Stacksocial,https://stacksocial.com/sales/wysiwyg-web-builder-17/?aid=a-j0gmt06o
18790,W3Dart,https://appsfomo.com/w3dart/,"Productivity|SaaS Software|Surveys",Pitchground,https://pitchground.com/products/w3dart
18805,FieldProxy,https://appsfomo.com/fieldproxy/,"Forms|Lead Generation|Productivity|SaaS Software|Surveys",Pitchground,https://pitchground.com/products/fieldproxy
18819,Gifing,https://appsfomo.com/gifing/,"Image &amp; Video Editing|Lead Generation|Marketing",Pitchground,https://pitchground.com/products/gifing
18845,Jikoo,https://appsfomo.com/jikoo/,"Chat bots|Lead Generation|Sales",Pitchground,https://pitchground.com/products/jikoo
18855,Appagain,https://appsfomo.com/appagain/,"Business Management|Client Management|Lead Generation",DealMirror,https://dealmirror.com/product/appgain-io-lifetime-deal/%20?ref=interstellar.consulting
18867,Salescamp,https://appsfomo.com/salescamp/,"Client Management|Lead Generation|SaaS Software|Sales",Dealify,https://www.dealify.com/salescamp/?deal=stellar
18894,Linkil,https://appsfomo.com/linkil/,"SEO &amp; Marketing|Wordpress",Dealify,https://www.dealify.com/linkilo/?deal=stellar
18912,Sendwin,https://appsfomo.com/sendwin/,"Client Management|Marketing|Productivity|SEO &amp; Marketing",Dealify,https://www.dealify.com/sendwin/?deal=stellar
18932,Everlint,https://appsfomo.com/everlint/,"Business Management|Client Management|Data &amp; Analytics|Marketing|Productivity",Dealify,https://www.dealify.com/everlint/?deal=stellar
18976,Taskade,https://appsfomo.com/taskade/,"Productivity|SaaS Software",Pitchground,https://pitchground.com/products/taskade
18990,DataMyth,https://appsfomo.com/datamyth/,"Content|Marketing|Productivity|SEO &amp; Marketing",Pitchground,https://pitchground.com/products/datamyth
19024,ServerAvatar,https://appsfomo.com/serveravatar/,"Backup and Storage|Client Management|Marketing|Productivity",DigitalThink,https://digitalthink.io/deal/serveravatar/?ref=slogin
19034,DynoShop,https://appsfomo.com/dynoshop/,"Productivity|Web development|Wordpress",Pitchground,https://pitchground.com/products/dynoshop
19050,Vidthere,https://appsfomo.com/vidthere/,"Business Management|Content|Live webinar|LMS &amp; Training|Productivity",Pitchground,https://pitchground.com/products/vidthere
19060,Soon,https://appsfomo.com/soon/,"Business Management|Client Management|Productivity",Pitchground,https://pitchground.com/products/soon
19075,Invoice-way,https://appsfomo.com/invoice-way/,"Business Management|Data &amp; Analytics|Invoice",Stacksocial,https://stacksocial.com/sales/invoiceway-business-invoicing-software/?aid=a-j0gmt06o
19086,"CLOSEM CRM",https://appsfomo.com/closem-crm/,"Business Management|Client Management|Data &amp; Analytics|Lead Generation",Stacksocial,https://stacksocial.com/sales/closem-crm-lifetime-subscription/?aid=a-j0gmt06o
19097,ABtesting.Ai,https://appsfomo.com/abtesting-ai/,"Business Management|Client Management|Data &amp; Analytics|Lead Generation",Stacksocial,https://stacksocial.com/sales/closem-crm-lifetime-subscription/?aid=a-j0gmt06o
19103,"WP Crowdfunding",https://appsfomo.com/wp-crowdfunding/,Wordpress,AppsFomo,https://www.themeum.com/wp-crowdfunding/pricing/?ref=interstellar
19110,Ithemes,https://appsfomo.com/ithemes/,Wordpress,AppsFomo,https://ithemes.com/black-friday/
19135,FYI,https://appsfomo.com/fyi/,"Business Management|Content|Content Creation|Web development",Pitchground,https://pitchground.sjv.io/NK2oWq
19148,Makezu,https://appsfomo.com/makezu/,"Business Management|Lead Generation",Pitchground,https://pitchground.sjv.io/Yg24Pe
19167,QApop,https://appsfomo.com/qapop/,"Client Management|Content Creation|Lead Generation|Productivity",Pitchground,https://pitchground.sjv.io/MXRozM
19177,Bloo,https://appsfomo.com/bloo/,"Client Management|Productivity|SaaS Software",Pitchground,https://pitchground.sjv.io/NK2oWq
19197,Crewdle,https://appsfomo.com/crewdle/,"Business Management|Productivity",Pitchground,https://pitchground.sjv.io/LPRoqV
19206,Datamyth,https://appsfomo.com/datamth/,"Data &amp; Analytics|SEO &amp; Marketing",Pitchground,https://pitchground.sjv.io/qnOk3b
19216,Laxis,https://appsfomo.com/laxis/,Productivity,Pitchground,https://pitchground.sjv.io/9WyxP4
19224,TabExtend,https://appsfomo.com/tabextend/,Productivity,Dealify,https://www.dealify.com/tabextend/?ap_id=interstellar
19232,Uchat,https://appsfomo.com/uchat-flash-sale/,"Client Management|Sales &amp; E-commerce|Support",DigitalThink,https://digitalthink.io/deal/uchat-flash-sale/?ref=slogin
19240,Boostools,https://appsfomo.com/boostools/,"Marketing|Sales &amp; E-commerce",DigitalThink,https://pitchground.sjv.io/5b1mEb
19250,RocketScrape,https://appsfomo.com/rocketscrape/,"Productivity|Web development",Dealify,https://www.dealify.com/rocketscrape/?deal=stellar
19261,Prelo,https://appsfomo.com/prelo/,"Client Management|Lead Generation|Productivity",Stacksocial,https://stacksocial.com/sales/prelo-standard-plan-lifetime-subscription/?aid=a-j0gmt06o
19276,KeysForWeb,https://appsfomo.com/keysforweb/,Productivity|Security,Stacksocial,https://stacksocial.com/sales/keysforweb-personal-plan-lifetime-subscription/?aid=a-j0gmt06o
19288,Pixmiller,https://appsfomo.com/pixmiller/,"Background remover|Image &amp; Video Editing|Web development","SaaS Mantra",https://saasmantra.com/deals/pixmiller
19305,Further,https://appsfomo.com/further/,"Business Management|Content|Content Creation|Productivity",Pitchground,https://pitchground.sjv.io/kjJQE0
19321,GETitOUT,https://appsfomo.com/getitout/,"Business Management|Lead Generation|Marketing|Productivity|SEO &amp; Marketing",Pitchground,https://pitchground.sjv.io/GjRoJn
19334,MailRefine,https://appsfomo.com/mailrefine/,"Business Management|Email designer|Emails handler|Marketing|Productivity|SEO &amp; Marketing",Pitchground,https://pitchground.sjv.io/JrRoX2%20
19347,"Get Secured",https://appsfomo.com/get-secured/,"Business Management|Marketing|Productivity|Security",Pitchground,https://pitchground.sjv.io/JrRoX2%20
19358,Finli,https://appsfomo.com/finli/,"Business Management|Productivity|Security",Pitchground,https://pitchground.sjv.io/WD2JrJ
19374,Talkie,https://appsfomo.com/talkie/,"Business Management|Chat bots|Client Management|Lead Generation|Productivity",Pitchground,https://pitchground.sjv.io/0JRXoO
19407,HyperHost,https://appsfomo.com/hyperhost/,"Client Management|cloud Hosting|Productivity|Security",Dealify,https://www.dealify.com/hyper-host/?deal=stellar
19421,"Space OKR",https://appsfomo.com/space-okr/,"Business Management|Productivity|SaaS Software",Pitchground,https://pitchground.com/products/spaceokr
19435,"Channel By SPACE",https://appsfomo.com/channel-by-space/,"Business Management|Productivity|SaaS Software",Pitchground,https://pitchground.com/products/channelbyspac
19451,LeadPal,https://appsfomo.com/leadpal/,"Client Management|Lead Generation|Productivity|SaaS Software",DealMirror,https://dealmirror.com/product/leadpal-lifetime-deal/?ref=interstellar.consulting
19461,Texta.ai,https://appsfomo.com/texta-ai/,"Client Management|Content|Content Creation|Productivity",Stacksocial,https://stacksocial.com/sales/texta-ai-premium-plan-lifetime-subscription/?aid=a-j0gmt06o
19475,VertigoHost,https://appsfomo.com/vertigohost-wordpress-hosting/,"Backup and Storage|cloud Hosting|Productivity|Wordpress",Stacksocial,https://stacksocial.com/sales/vertigohost-wordpress-hosting-starter-plan-lifetime-subscriptions/?aid=a-j0gmt06o
19487,"Zen Mind Map",https://appsfomo.com/zen-mind-map-2/,"Data &amp; Analytics|Mind mapping|Productivity",Stacksocial,https://stacksocial.com/sales/zen-mind-map-pro-lifetime-subscription/?aid=a-j0gmt06o
19500,"Join Secret",https://appsfomo.com/join-secret/,"Content|Image &amp; Video Editing|SaaS Software",DigitalThink,https://digitalthink.io/deal/join-secret-flash-sale/?ref=slogin
19520,Quelines,https://appsfomo.com/quelines/,"Client Management|Data &amp; Analytics|SaaS Software","SaaS Mantra",https://saas-mantra.sjv.io/ZdqPWz
19532,13Chats,https://appsfomo.com/13chats/,"Chat bots|Client Management|Support","SaaS Mantra",https://saas-mantra.sjv.io/oeVjdW
19547,Webinarloop,https://appsfomo.com/webinarloop/,"Business Management|Live webinar|online meeting",DealMirror,https://dealmirror.com/product/webinarloop2-lifetime-deal-pro/?ref=interstellar.consulting
19566,Stacks,https://appsfomo.com/stacks-2/,"Productivity|Sales &amp; E-commerce|Web development|Wordpress",DealMirror,https://dealmirror.com/product/stacks-lifetime-deal/?ref=interstellar.consulting
19580,Jimo,https://appsfomo.com/jimo/,"Business Management|Client Management|Productivity|Sales &amp; E-commerce",Pitchground,https://saas-mantra.sjv.io/RyLn9g
19594,"Full Session",https://appsfomo.com/full-session/,"Productivity|Sales &amp; E-commerce|Security|Web development|Wordpress","SaaS Mantra",https://saas-mantra.sjv.io/doDVdK
19606,"Elite Licenser",https://appsfomo.com/elite-licenser/,Sales|Wordpress,DealMirror,https://dealmirror.com/product/elite-licenser-lifetime-deal/
19617,Teambook,https://appsfomo.com/teambook/,"Business Management|Productivity|Project Management",Pitchground,https://pitchground.sjv.io/YgjENB
19629,Answerly,https://appsfomo.com/answerly/,"Business Management|Chat bots|Client Management|Data &amp; Analytics|Productivity",Pitchground,https://pitchground.sjv.io/MXkGb2
19641,"Audio Harvest",https://appsfomo.com/audio-harvest/,"Client Management|Content Creation|Data &amp; Analytics|PodCast|Productivity|Text-To-Speech",Pitchground,https://pitchground.sjv.io/KePazy
19664,Keylitic,https://appsfomo.com/keylitic/,"Content Creation|SEO &amp; Marketing",Pitchground,https://pitchground.sjv.io/DVq93a
19670,"Cheat Layer",https://appsfomo.com/cheat-layer/,"Data &amp; Analytics|Marketing|Productivity",AppSumo,https://appsumo.com/products/cheat-layer-plus-exclusive/
19683,Formaloo,https://appsfomo.com/formaloo/,"Data &amp; Analytics|Lead Generation|Productivity|Web development",AppSumo,https://appsumo.com/products/formaloo/
19695,Keylitic,https://appsfomo.com/keylitic-2/,"Business Management|Content Creation|Data &amp; Analytics|Lead Generation|Productivity|Web development",AppSumo,https://pitchground.sjv.io/DVq93a
19708,"Scopio Authentic Stock Photography",https://appsfomo.com/scopio-authentic-stock-photography/,"Business Management|Content Creation|Data &amp; Analytics|Lead Generation|Productivity|Web development",AppSumo,https://stacksocial.com/sales/scopio-authentic-stock-photography-lifetime-subscription/?aid=a-j0gmt06o
19722,OneSimpleAPI,https://appsfomo.com/onesimpleapi/,"Business Management|Data &amp; Analytics|SaaS Software|SEO &amp; Marketing","SaaS Mantra",https://saas-mantra.sjv.io/rn0kXy
19737,SuiteDash,https://appsfomo.com/suitedash/,"Client Management|Data &amp; Analytics|SaaS Software",AppSumo,https://appsumo.com/products/suitedash/
19751,Vonza,https://appsfomo.com/vonza/,"Content Creation|LMS &amp; Training|Online Course|Productivity","AppSumo|SaaS Mantra",https://appsumo.com/products/vonza/
19766,Fleeq,https://appsfomo.com/fleeq/,"hr|Image &amp; Video Editing|Productivity|Video","AppSumo|SaaS Mantra",https://appsumo.com/products/fleeq/
19784,"CoolNew PDF",https://appsfomo.com/cool-new-pdf/,"Content Creation|OCR|Productivity|Project Management",Pitchground,https://pitchground.sjv.io/yRL202
19797,InstaChamp,https://appsfomo.com/instachamp/,"Client Management|Lead Generation|Sales &amp; E-commerce|SEO &amp; Marketing|Support",Pitchground,https://pitchground.sjv.io/MXjmJK
19811,CL1CK,https://appsfomo.com/cl1ck/,"Content|Data &amp; Analytics|Web development|Wordpress",Pitchground,https://pitchground.sjv.io/Ke9j1x
19827,FlexClip,https://appsfomo.com/flexclip/,"Image &amp; Video Editing|Productivity|Video",Dealify,https://www.dealify.com/flexclip/?deal=stellar
19839,Autowriterpro,https://appsfomo.com/autowriterpro/,"Content|Content Creation|Data &amp; Analytics",Stacksocial,https://stacksocial.com/sales/auto-writer-pro-lifetime-subscription/?aid=a-j0gmt06o
19858,AppMySite,https://appsfomo.com/appmysite-2/,"Data &amp; Analytics|Productivity|Web development|Wordpress",Stacksocial,https://stacksocial.com/sales/appmysite-mobile-app-builder-pro-plan-1-yr-subscription/?aid=a-j0gmt06o
19871,Linkypage,https://appsfomo.com/linkypage/,"Image &amp; Video Editing|Lead Generation|Sales|Sales &amp; E-commerce|SEO &amp; Marketing",Stacksocial,https://stacksocial.com/sales/linkypage-pro-lifetime-subscriptions/?aid=a-j0gmt06o
19893,Postly,https://appsfomo.com/postly/,"Content Creation|SEO &amp; Marketing|Wordpress",AppsFomo,https://appsumo.com/products/postly/
19905,Popupular,https://appsfomo.com/popupular/,"Image &amp; Video Editing|Lead Generation|Sales|Sales &amp; E-commerce|SEO &amp; Marketing",Stacksocial,https://pitchground.sjv.io/0J1bvY
19923,Mailbird,https://appsfomo.com/mailbird/,"Client Management|Productivity",Stacksocial,https://stacksocial.com/sales/mailbird-personal-plan-lifetime-subscriptions/?aid=a-j0gmt06o
19932,"Predis AI",https://appsfomo.com/predis-ai/,"Image &amp; Video Editing|SEO &amp; Marketing",Dealify,https://www.dealify.com/predis-ai/?deal=stellar
19935,StickyPassword,https://appsfomo.com/stickypassword/,"Data &amp; Analytics|Security|SEO &amp; Marketing",Dealify,https://www.dealify.com/stickypassword/?deal=stellar
19947,LoopCV,https://appsfomo.com/loopcv/,Productivity,Dealify,https://www.dealify.com/loopcv/?deal=stellar
19980,Mondly,https://appsfomo.com/mondly/,"Language support|Travelling",Dealify,https://www.dealify.com/mondly/?deal=stellar
19987,AdPuzl,https://appsfomo.com/adpuzl/,"Lead Generation|Marketing",Dealify,https://pitchground.sjv.io/P0nnEM
19994,Campaignware,https://appsfomo.com/campaignware/,"Content Creation|Lead Generation|Marketing",Pitchground,https://pitchground.sjv.io/Vyddk6
20001,Robolly,https://appsfomo.com/robolly/,"Content Creation|Marketing","SaaS Mantra",https://saas-mantra.sjv.io/WDEEeJ
20011,Codelia,https://appsfomo.com/codelia/,"Content|SEO &amp; Marketing","SaaS Mantra",https://saas-mantra.sjv.io/3PzzKr
20024,Skillspace.ai,https://appsfomo.com/skillspace-ai/,"LMS &amp; Training",Pitchground,https://pitchground.sjv.io/kjAG6x
20025,"Show by Animaker",https://appsfomo.com/show-by-animaker/,"Content|SEO &amp; Marketing|Video",Pitchground,https://pitchground.sjv.io/9WqakY
20037,OpenRead.io,https://appsfomo.com/openread-io/,"Lead Generation|Marketing","SaaS Mantra",https://saas-mantra.sjv.io/ZdE3a0
20047,Labrika,https://appsfomo.com/labrika/,"Content|SEO &amp; Marketing",Dealify,https://www.dealify.com/labrika/?deal=stellar%20
20054,Linkhelp,https://appsfomo.com/linkhelp/,"Lead Generation",Dealify,https://www.dealify.com/linkhelp/?deal=stellar%20
20061,Mojomox,https://appsfomo.com/mojomox/,"Content Creation|Graphic Designer",Dealify,https://www.dealify.com/mojomox/?deal=stellar
20067,Incentivit,https://appsfomo.com/incentivit/,"Lead Generation",Pitchground,https://pitchground.sjv.io/Ao5XZJ
20076,Clearflask,https://appsfomo.com/clearflask/,"Chat bots|Client Management|Forms",Pitchground,https://pitchground.sjv.io/5bzRE1
20082,ConectoHub,https://appsfomo.com/conectohub-2/,"Project Management",Pitchground,https://pitchground.sjv.io/kjA5EV
20087,Ureify,https://appsfomo.com/ureify/,"Resume Builders",Pitchground,https://pitchground.sjv.io/e4jDXQ
20093,Mailnest,https://appsfomo.com/mailnest/,"Emails handler|Web development",Pitchground,https://pitchground.sjv.io/qno19N
20101,Pixelhost,https://appsfomo.com/pixelhost/,"Web development|Wordpress",Stacksocial,https://stacksocial.com/sales/pixelhost-wordpress-hosting-starter-plan-lifetime-subscription?aid=a-j0gmt06o
20108,Stackby,https://appsfomo.com/stackby/,"Project Management",Stacksocial,https://www.dealify.com/stackby/?deal=stellar
20114,BoosTools,https://appsfomo.com/boostools-2/,"Lead Generation|Marketing",Pitchground,https://pitchground.sjv.io/5b1mEb
20118,WappKit,https://appsfomo.com/wappkit/,"Data &amp; Analytics|SaaS Software",DealFuel,https://www.dealfuel.com/seller/wappkit-web-applications-kit/?ap_id=interstellar%20
20125,Reniwn,https://appsfomo.com/reniwn-2/,"Sales &amp; E-commerce|SEO &amp; Marketing",Dealify,https://www.dealify.com/reniwn/?deal=stellar
20132,Fluida,https://appsfomo.com/fluida/,hr,Pitchground,https://pitchground.sjv.io/MXYKN2
20139,ContentFries,https://appsfomo.com/contentfries/,"Content Creation|Video",Pitchground,https://pitchground.sjv.io/7mBXJd
20145,Podomatic,https://appsfomo.com/podomatic/,"Content Creation|Marketing",Stacksocial,https://stacksocial.com/sales/podomatic-pro-plus-1-year-subscription/?aid=a-j0gmt06o
20157,"Flip Booklet",https://appsfomo.com/flip-booklet/,"Content Creation|Marketing",Stacksocial,https://stacksocial.com/sales/flip-booklets-basic-2-year-subscription-value-prop-drag-drop-publish-pdf-flip-books/?aid=a-j0gmt06o
20163,Start.Me,https://appsfomo.com/start-me/,"Productivity|SaaS Software",Stacksocial,https://stacksocial.com/sales/lifetime-of-start-me-pro/?aid=a-j0gmt06o
20173,Vivomeetings,https://appsfomo.com/vivomeetings/,Productivity|Video,Stacksocial,https://stacksocial.com/sales/vivomeetings-standard-plan-1-year-subscription
20180,Decktopus,https://appsfomo.com/decktopus-2/,"Content Creation|Graphic Designer",Pitchground,https://pitchground.sjv.io/AoYBnK
20186,"Friend Maker",https://appsfomo.com/friend-maker/,"Client Management",Pitchground,https://pitchground.sjv.io/e4xxAr
20192,BuildMyLogo,https://appsfomo.com/buildmylogo/,"Graphic Designer",Pitchground,https://pitchground.sjv.io/AoYYEj
20200,Eazybe,https://appsfomo.com/eazybe/,"Client Management|Data &amp; Analytics",Pitchground,https://pitchground.sjv.io/15KKWR
20218,Kuiqlink,https://appsfomo.com/kuiqlink/,Forms|Productivity,Pitchground,https://pitchground.sjv.io/Xx55Xo
20225,Formly,https://appsfomo.com/formly/,Forms|Productivity,Pitchground,https://pitchground.sjv.io/oeaayb
20232,HireBeat,https://appsfomo.com/hirebeat/,hr|Productivity,Pitchground,https://pitchground.sjv.io/rn1dVy
20250,Steve.AI,https://appsfomo.com/steve-ai/,"Content Creation|Video",Pitchground,https://pitchground.sjv.io/rn1dVy
20262,Treblle,https://appsfomo.com/treblle/,"Productivity|Web development",Pitchground,https://pitchground.sjv.io/Zde2mz
20268,"Messenger Matic",https://appsfomo.com/messenger-matic/,"Client Management|Productivity",Pitchground,https://pitchground.sjv.io/Xx56r3
20274,"Link Sourcery",https://appsfomo.com/link-sourcery/,"Lead Generation|SEO &amp; Marketing",Rockethub,https://www.rockethub.com/deal/link-source/ref/rohit%2540interstellarconsulting.com/
20280,WriterGenie,https://appsfomo.com/writergenie/,"Content Creation|Marketing",Pitchground,https://pitchground.sjv.io/P0qGoN
20291,Elai,https://appsfomo.com/elai/,Marketing|Video,Rockethub,https://www.rockethub.com/deal/elai/ref/rohit%2540interstellarconsulting.com/
20304,PageNudge,https://appsfomo.com/pagenudge/,"Client Management|Lead Generation|Video",Rockethub,https://www.rockethub.com/deal/pagenudge/ref/rohit%2540interstellarconsulting.com/
20325,"Linked Booster",https://appsfomo.com/linked-booster/,"Client Management|Lead Generation|Productivity",DealMirror,https://dealmirror.com/product/linked-booster-lifetime-deal/?ref=interstellar.consulting%20
20337,Flomill,https://appsfomo.com/flomill/,"Client Management|Lead Generation|Sales",DealMirror,https://dealmirror.com/product/flomill-lifetime-deal/?ref=interstellar.consulting
20342,BackupSheep,https://appsfomo.com/backupsheep/,"Backup and Storage|Productivity",AppSumo,https://appsumo.com/products/backupsheep/
20344,"Certify Me",https://appsfomo.com/?p=20344,"Client Management|Lead Generation|Sales",DealMirror,https://dealmirror.com/product/flomill-lifetime-deal/?ref=interstellar.consulting
20345,"Certify Me",https://appsfomo.com/certify-me/,Productivity|Security,DealMirror,https://dealmirror.com/product/certifyme-lifetime-deal/?ref=interstellar.consulting
20357,Heartbeat,https://appsfomo.com/heartbeat/,"Client Management|Content|online meeting",AppSumo,https://appsumo.com/products/heartbeat/
20377,"Auto Featured Image",https://appsfomo.com/auto-featured-image/,"Content Creation|Marketing|Wordpress",DealMirror,https://dealmirror.com/product/auto-featured-image-lifetime-deal/?ref=interstellar.consulting
20388,Ohmylead,https://appsfomo.com/ohmylead/,"Client Management|Productivity",Pitchground,https://pitchground.sjv.io/15MBB6
20399,Mylenio,https://appsfomo.com/mylenio/,"Business Management|SaaS Software",Pitchground,https://pitchground.sjv.io/Vyv99J
20438,Repozix,https://appsfomo.com/repozix/,"Data &amp; Analytics|Marketing",Pitchground,https://pitchground.sjv.io/oeg1eg
20447,Snapied,https://appsfomo.com/snapied/,"Content Creation|Graphic Designer",Pitchground,https://pitchground.sjv.io/EagmaX
20457,Tagmate,https://appsfomo.com/tagmate/,"Data &amp; Analytics|Marketing|SaaS Software|Web development",Pitchground,https://pitchground.sjv.io/WDvnD3
20465,"GoZen Growth",https://appsfomo.com/gozen-growth/,"Client Management|Emails handler|Marketing",Pitchground,https://pitchground.sjv.io/DVZPVy
20475,EpicRuler,https://appsfomo.com/epicruler/,"Graphic Designer|Image &amp; Video Editing",Stacksocial,https://stacksocial.com/sales/epicruler-one-time-purchase-1-device
20484,Simbla,https://appsfomo.com/simbla/,"Marketing|Web development",Stacksocial,https://stacksocial.com/sales/simbla-5-year-basic-subscription-build-responsive-bootstrap-web-apps-and-database-driven-websites-in-minutes
20491,Superdocu,https://appsfomo.com/superdocu/,"Business Management|Client Management|SaaS Software",AppSumo,https://appsumo.com/products/superdocu/
20497,Brizy,https://appsfomo.com/brizy/,"cloud Hosting|Wordpress",Stacksocial,https://stacksocial.com/sales/brizy-lifetime-freelancer-plan-next-gen-wordpress-website-builder
20501,Workpark,https://appsfomo.com/workpark/,"Business Management|Client Management|Project Management",AppSumo,https://appsumo.com/products/workpark/
20521,wpDataTables,https://appsfomo.com/?p=20521,"Data &amp; Analytics|Marketing|SaaS Software|Web development",Pitchground,https://pitchground.sjv.io/WDvnD3
20525,Learnum,https://appsfomo.com/learnum/,"LMS &amp; Training|Online Course|SaaS Software|Sales",DealMirror,https://dealmirror.com/product/learnum-lifetime-deal/
20541,LazyApply,https://appsfomo.com/lazyapply/,"Data &amp; Analytics|Marketing|Productivity",Pitchground,https://pitchground.sjv.io/qnvWPg
20562,MarketingCopy,https://appsfomo.com/marketingcopy/,"Content Creation|Marketing",DealMirror,https://dealmirror.com/product/marketingcopy-lifetime-deal/
20569,Graficto,https://appsfomo.com/graficto/,"Content Creation|Graphic Designer",Pitchground,https://pitchground.sjv.io/DVmW4b
20574,"Eventmie Pro",https://appsfomo.com/eventmie-pro/,"Business Management|SaaS Software|Sales &amp; E-commerce",Pitchground,https://pitchground.sjv.io/KeGBQe
20588,PrettyWp,https://appsfomo.com/prettywp/,"Business Management|Marketing|Wordpress",Stacksocial,https://stacksocial.com/sales/prettywp-care-plan-1-year-subscription
20598,DoRoyal,https://appsfomo.com/doroyal/,"Business Management|Web development",Stacksocial,
20602,Landbot,https://appsfomo.com/landbot/,"Chat bots|Client Management",Stacksocial,https://stacksocial.com/sales/1-yr-subscription-landbot-starter-plan-the-most-powerful-chatbot-builder
20620,Qualetics,https://appsfomo.com/qualetics/,"Data &amp; Analytics|Marketing|Productivity",Pitchground,https://pitchground.sjv.io/ZdzjqW
20627,MeetRecord,https://appsfomo.com/meetrecord/,"online meeting|Productivity|Sales &amp; E-commerce|Video",Pitchground,https://pitchground.sjv.io/oev6VY
20637,Treak,https://appsfomo.com/treak/,"Business Management|Lead Generation|Marketing",Pitchground,https://pitchground.sjv.io/zavmR7
20648,PrismDrive,https://appsfomo.com/prismdrive/,"Backup and Storage|Business Management",Stacksocial,https://stacksocial.com/sales/prism-drive-secure-cloud-storage-lifetime-subscription-2-tb
20655,"Friday AI",https://appsfomo.com/friday-ai/,"Business Management|Content|Content Creation",Stacksocial,https://stacksocial.com/sales/friday-ai-premium-plan-1-year-subscription
20673,Interacty,https://appsfomo.com/interacty/,"Content Creation|Lead Generation|Marketing",AppSumo,https://appsumo.com/products/interacty/
20683,"SEO Buddy",https://appsfomo.com/seo-buddy/,"Business Management|SEO &amp; Marketing",Dealify,https://www.dealify.com/seobuddy/
20696,Subscribers,https://appsfomo.com/subscribers/,"Business Management|Marketing|Web development",Dealify,https://www.dealify.com/subscribers/
20709,TuneIn,https://appsfomo.com/tunein/,Invoice|PodCast,Stacksocial,https://stacksocial.com/sales/tunein-premium-plan-1-year-subscription
20718,"Resoume AI Assistant",https://appsfomo.com/resoume-ai-assistant/,"Marketing|Productivity|Resume Builders",Stacksocial,https://stacksocial.com/sales/the-complete-resoume-ai-assistant-resum-writer-lifetime-subscription
20725,Pictofigo,https://appsfomo.com/pictofigo/,"Business Management|Marketing|Productivity",Stacksocial,https://stacksocial.com/sales/pictofigo-plus-lifetime-subscription
20733,"WP Adminify",https://appsfomo.com/wp-adminify/,"Marketing|Web development|Wordpress",AppSumo,https://appsumo.com/products/wp-adminify/
20742,Smartrader,https://appsfomo.com/smartrader/,"Data &amp; Analytics|Marketing|Productivity",AppSumo,https://appsumo.com/products/smartrader/
20762,Yaraa,https://appsfomo.com/yaraa/,"Business Management|Productivity|Project Management",Pitchground,https://pitchground.sjv.io/YgmPZr
20773,"Product OS",https://appsfomo.com/product-os/,"Business Management|Productivity|Project Management",Pitchground,https://pitchground.sjv.io/KedmDe
20787,"Luminar AI",https://appsfomo.com/luminar-ai/,"Content|Image &amp; Video Editing>Image editor|Marketing|Productivity",AppSumo,https://appsumo.com/products/luminar/
20802,Instoried,https://appsfomo.com/instoried/,"Business Management|Content Creation|Marketing",Pitchground,https://pitchground.sjv.io/Kedozy
20810,"Trend Watchers",https://appsfomo.com/trend-watchers/,"Business Management|Content Creation|Marketing|Productivity",Pitchground,https://pitchground.sjv.io/mgyDGa
20818,"zCart Marketplace",https://appsfomo.com/zcart-marketplace/,"Business Management|Marketing|Productivity|Sales &amp; E-commerce",Pitchground,https://pitchground.sjv.io/LPdz2o
20826,"Purple Photo",https://appsfomo.com/purple-photo/,"Content Creation|Image &amp; Video Editing>Image editor|Marketing|Productivity",Pitchground,https://pitchground.sjv.io/qn6eyN
20835,"Elite Learning",https://appsfomo.com/elite-learning/,"Content Creation|LMS &amp; Training|Marketing",Pitchground,https://pitchground.sjv.io/x960ZR
20870,Virusdie,https://appsfomo.com/virusdie/,"Productivity|Security|Web development",Pitchground,https://pitchground.sjv.io/LPGB6O
20878,RangeFlow,https://appsfomo.com/rangeflow/,"Business Management|Emails handler|Lead Generation|Sales",Pitchground,https://pitchground.sjv.io/mgBqMZ
20887,Revyu,https://appsfomo.com/revyu/,"Business Management|Productivity|Support",Pitchground,https://pitchground.sjv.io/7m7qPO
20895,Mailtimer,https://appsfomo.com/mailtimer/,"Emails handler|Productivity|Sales|Web development",DealMirror,https://dealmirror.com/product/mailtimer-lifetime-deal/
20903,"Article Ninja",https://appsfomo.com/article-ninja/,"Content Creation|Sales|SEO &amp; Marketing",Dealify,https://www.dealify.com/articleninja/
20911,Balloonary,https://appsfomo.com/balloonary/,"Business Management|Content Creation|Marketing",DealMirror,https://dealmirror.com/product/balloonary-lifetime-deal/
20919,2ndNumber,https://appsfomo.com/2ndnumber/,Productivity|Security|Support,DealMirror,https://dealmirror.com/product/2ndnumber-lifetime-deal/
20928,"Rig Elements",https://appsfomo.com/rig-elements/,"Data &amp; Analytics|Web development|Wordpress",DealMirror,https://dealmirror.com/product/rig-elements-lifetime-deal/
20938,Notaku,https://appsfomo.com/notaku/,"Business Management|Content Creation|Web development",Pitchground,https://pitchground.sjv.io/P09NMj
20948,Graphy,https://appsfomo.com/graphy/,"LMS &amp; Training|Marketing|Online Course|Sales",Pitchground,https://pitchground.sjv.io/a1mQMN
20957,GoCharlie,https://appsfomo.com/gocharlie/,"Business Management|Content Creation|Marketing|Sales",Pitchground,https://pitchground.sjv.io/15LQvD
20965,ReBid,https://appsfomo.com/rebid/,"Business Management|Marketing|Productivity",Pitchground,https://pitchground.sjv.io/Zd13MK
20975,NativeTasks,https://appsfomo.com/nativetasks/,"Business Management|Productivity|Project Management|SaaS Software","SaaS Mantra",https://saas-mantra.sjv.io/EaXvMW
20986,"Sales Simplify",https://appsfomo.com/sales-simplify/,"Lead Generation|Marketing|Sales",Dealify,https://www.dealify.com/sales-simplify/
20995,Sniply,https://appsfomo.com/sniply/,Content|Marketing|Productivity,AppSumo,https://appsumo.com/products/sniply/
21003,Noota,https://appsfomo.com/noota/,Content|Productivity|Sales,AppSumo,https://appsumo.com/products/noota/
21010,Synthesys,https://appsfomo.com/synthesys/,Content|Marketing|Text-To-Speech|Video,AppSumo,https://appsumo.com/products/synthesys/
21018,Taskade,https://appsfomo.com/taskade-2/,"Client Management|Productivity|Project Management",AppSumo,https://appsumo.com/products/taskade/
21025,"Browse AI",https://appsfomo.com/browse-ai/,"Data &amp; Analytics|Web development",AppSumo,https://appsumo.com/products/browse-ai/
21033,upcoach,https://appsfomo.com/upcoach/,"Content|LMS &amp; Training|Online Course",AppSumo,https://appsumo.com/products/upcoach/
21059,Baseline,https://appsfomo.com/baseline/,"Background remover|Content Creation|Marketing",AppSumo,https://appsumo.com/products/baseline/
21068,Appily,https://appsfomo.com/appily/,Content|Marketing|Productivity,AppSumo,
21078,Nocode,https://appsfomo.com/nocode/,"Content|Productivity|Web development",AppSumo,https://appsumo.com/products/nocode/
21090,TeleportHQ,https://appsfomo.com/teleporthq/,"Content|Productivity|Web development",AppSumo,https://appsumo.com/products/teleporthq/
21100,"Kimola Cognitive",https://appsfomo.com/kimola-cognitive/,"Data &amp; Analytics|Marketing|Support",AppSumo,https://appsumo.com/products/kimola-cognitive/
21108,"Dashed AI",https://appsfomo.com/dashed-ai/,"Lead Generation|Marketing|Sales",AppSumo,https://appsumo.com/products/dashed-ai/
21134,FlashBooks,https://appsfomo.com/flashbooks/,Content|Productivity,Dealify,https://www.dealify.com/flashbooks/
21143,"Cheat Layer",https://appsfomo.com/cheat-layer-2/,"Business Management|Productivity",AppSumo,https://appsumo.com/products/cheat-layer/
21152,Albato,https://appsfomo.com/albato/,"Business Management|Marketing|Sales &amp; E-commerce",AppSumo,https://appsumo.com/products/albato/
21159,Eventin,https://appsfomo.com/eventin/,"Business Management|Marketing|Wordpress",AppSumo,https://appsumo.com/products/eventin/
21166,Robinize,https://appsfomo.com/robinize/,"Content Creation|SEO &amp; Marketing",AppSumo,https://appsumo.com/products/robinize/
21311,Lebesgue,https://appsfomo.com/lebesgue/,"Marketing|Sales &amp; E-commerce",AppSumo,https://appsumo.com/products/lebesgue/
21317,MetaSurvey,https://appsfomo.com/metasurvey/,Forms|Support|Surveys,Dealify,https://www.dealify.com/metasurvey/
21325,WatchThemLive,https://appsfomo.com/watchthemlive/,"Business Management|Marketing|Project Management",Dealify,https://www.dealify.com/watchthemlive/
21342,LazyApply,https://appsfomo.com/?p=21342,hr|Productivity,Dealify,https://www.dealify.com/lazyapply/
21351,Humanagement,https://appsfomo.com/humanagement/,"Business Management|hr|Project Management",DealMirror,https://dealmirror.com/product/humanagement-lifetime-deal/
21363,Glance,https://appsfomo.com/glance/,"Business Management|Lead Generation|Marketing",Pitchground,https://pitchground.sjv.io/ZdADVK
21370,KleanMail,https://appsfomo.com/kleanmail/,"Business Management|Email verification|Productivity",Pitchground,https://pitchground.sjv.io/oe9WNo
21377,Codelia,https://appsfomo.com/codelia-2/,"Business Management|Marketing|Web development",Pitchground,https://pitchground.sjv.io/BXMQ5B
21383,Meetz,https://appsfomo.com/meetz/,"Business Management|Email Scheduling|Marketing",Pitchground,https://pitchground.sjv.io/WDkLOJ
21414,LeadClosure,https://appsfomo.com/leadclosure/,"Lead Generation|Marketing|Sales &amp; E-commerce",Stacksocial,https://stacksocial.com/sales/leadclosure-email-finder-lifetime-subscription
21421,MonsterWriter,https://appsfomo.com/monsterwriter/,"Content|Productivity|Writing Tool",Stacksocial,https://stacksocial.com/sales/monsterwriter-one-time-lifetime-license-purchase
21428,Adline,https://appsfomo.com/adline/,Analytics|Marketing|Productivity,AppSumo,https://appsumo.com/products/adline/
21435,FeedBlitz,https://appsfomo.com/feedblitz/,"Email Marketing|Productivity",AppSumo,https://appsumo.com/products/feedblitz/
21443,VideoPeel,https://appsfomo.com/videopeel/,Marketing|Productivity|Video,AppSumo,https://appsumo.com/products/videopeel/
21470,ShoutOut,https://appsfomo.com/shoutout/,Content|Productivity|Video,AppSumo,https://appsumo.com/products/shoutout/
21477,"Rumble Studio",https://appsfomo.com/rumble-studio/,"Audio|Business Management|Content Creation",AppSumo,https://appsumo.com/products/rumble-studio/
21483,Contentrain,https://appsfomo.com/contentrain/,CMS|Content|Marketing,AppSumo,https://appsumo.com/products/contentrain/
