Title,id,Affiliate Store,re_post_expired,rehub_offer_product_url,Affiliate Link,Status,,,,,,,,,,,,,
Coming Soon & Maintenance Mode,4944,AppSumo,0,https://appsumo.com/coming-soon-maintenance-mode/,shop.appsfomo.com/p/fPwp/r,Live,,,,,,,,,,,,,
Clientjoy,5026,AppSumo,0,https://appsumo.com/clientjoy/,shop.appsfomo.com/p/TuZY/r,Live,,,,,,,,,,,,,
Optinly,9642,AppSumo,0,https://appsumo.com/optinly/,shop.appsfomo.com/p/0Haj/r,Live,,,,,,,,,,,,,
TruConversion,10446,AppSumo,0,https://appsumo.com/truconversion/,shop.appsfomo.com/p/zO2O/r,Live,,,,,,,,,,,,,
AI Kontent,11222,AppSumo,0,https://appsumo.com/marketplace-aikontent/,shop.appsfomo.com/p/kceR/r,Live,,,,,,,,,,,,,
Squirrly SEO,11978,AppSumo,0,https://appsumo.com/squirrly-seo/,shop.appsfomo.com/p/EK1B/r,Live,,,,,,,,,,,,,
Invoice Crowd,12430,AppSumo,0,https://appsumo.com/marketplace-invoice-crowd/,shop.appsfomo.com/p/d8HH/r,Live,,,,,,,,,,,,,
Flowlu,13564,AppSumo,0,https://appsumo.com/flowlu/,shop.appsfomo.com/p/kady/r,Live,,,,,,,,,,,,,
AppMySite,14154,AppSumo,0,https://appsumo.com/appmysite/,shop.appsfomo.com/p/yl73/r,Live,,,,,,,,,,,,,
SendFox,14258,AppSumo,0,https://appsumo.com/sendfox/,shop.appsfomo.com/p/9ica/r,Live,,,,,,,,,,,,,
Blakify,14388,AppSumo,0,https://appsumo.com/products/marketplace-blakify-ai/,shop.appsfomo.com/p/Kqnd/r,Live,,,,,,,,,,,,,
Samdock,15877,AppSumo,0,https://appsumo.com/products/marketplace-samdock/,shop.appsfomo.com/p/kNbo/r,Live,,,,,,,,,,,,,
WP Reset,16841,AppSumo,0,https://appsumo.com/products/wp-reset/,shop.appsfomo.com/p/WL68/r,Live,,,,,,,,,,,,,
EWWW Image Optimizer,16862,AppSumo,0,https://appsumo.com/products/ewww-image-optimizer/,shop.appsfomo.com/p/yJI9/r,Live,,,,,,,,,,,,,
Peppertype AI,17443,AppSumo,0,https://appsumo.com/products/peppertypeai/,shop.appsfomo.com/p/VPmF/r,Live,,,,,,,,,,,,,
WordHero - AI Content Writer,17650,AppSumo,0,https://appsumo.com/products/marketplace-wordhero/,shop.appsfomo.com/p/ce2j/r,Live,,,,,,,,,,,,,
Konnectzit,17825,AppSumo,0,https://appsumo.com/products/konnectzit/,shop.appsfomo.com/p/zraV/r,Live,,,,,,,,,,,,,
Acumbamail,17899,AppSumo,0,https://appsumo.com/products/acumbamail/,shop.appsfomo.com/p/XmuJ/r,Live,,,,,,,,,,,,,
Ranktracker,18057,AppSumo,0,https://appsumo.com/products/ranktracker/,shop.appsfomo.com/p/CLnx/r,Live,,,,,,,,,,,,,
Ranktracker,18450,AppSumo,0,https://appsumo.com/products/ranktracker/,shop.appsfomo.com/p/CLnx/r,Live,,,,,,,,,,,,,
Formaloo,19683,AppSumo,0,https://appsumo.com/products/formaloo/,shop.appsfomo.com/p/oXFY/r,Live,,,,,,,,,,,,,
Interacty,20673,AppSumo,0,https://appsumo.com/products/interacty/,shop.appsfomo.com/p/MH7d/r,Live,,,,,,,,,,,,,
Smartrader,20742,AppSumo,0,https://appsumo.com/products/smartrader/,shop.appsfomo.com/p/8gZM/r,Live,,,,,,,,,,,,,
Noota,21003,AppSumo,0,https://appsumo.com/products/noota/,shop.appsfomo.com/p/sdkm/r,Live,,,,,,,,,,,,,
Synthesys,21010,AppSumo,0,https://appsumo.com/products/synthesys/,shop.appsfomo.com/p/UxpA/r,Live,,,,,,,,,,,,,
Taskade,21018,AppSumo,0,https://appsumo.com/products/taskade/,shop.appsfomo.com/p/dubG/r,Live,,,,,,,,,,,,,
VideoPeel,21443,AppSumo,0,https://appsumo.com/products/videopeel/,shop.appsfomo.com/p/WtGE/r,Live,,,,,,,,,,,,,
Contentrain,21483,AppSumo,0,https://appsumo.com/products/contentrain/,shop.appsfomo.com/p/7XGC/r,Live,,,,,,,,,,,,,
SwiftReply,22171,AppSumo,0,https://appsumo.com/products/swiftreply/,shop.appsfomo.com/p/rRry/r,Live,,,,,,,,,,,,,
Beatoven.ai,22196,AppSumo,0,https://appsumo.com/products/beatovenai/,shop.appsfomo.com/p/lEr1/r,Live,,,,,,,,,,,,,
Luna,22509,AppSumo,0,https://appsumo.com/products/luna/,shop.appsfomo.com/p/Vofb/r,Live,,,,,,,,,,,,,
WebWave,22533,AppSumo,0,https://appsumo.com/products/webwave/,shop.appsfomo.com/p/YZxs/r,Live,,,,,,,,,,,,,
Heybase,22548,AppSumo,0,https://appsumo.com/products/heybase/,shop.appsfomo.com/p/D1ug/r,Live,,,,,,,,,,,,,