ID,Title
710,"Swift Performance"
716,"Divi Theme"
1522,"WPastra Theme"
2920,WPForms
2954,"Ultimate Membership Pro"
2956,"All In One SEO"
2958,"Restrict Content Pro"
2960,"SEO by Squirrly"
2972,"Site Origin"
2974,"Beaver Builder"
2982,SEMrush
2986,"Slider Revolution"
2993,"Ithemes Security Pro"
3001,Wordfence
3067,Akismet
3069,WPML
3083,"WP Rocket"
3085,"Anti-spam Pro"
3087,"W3 Total Cache"
3089,"WP Fastest Cache"
3103,"WP Cerber"
3111,Woof
3119,"Hide My WP"
3163,Scrapes
3167,"Ajax Search Pro"
3177,"WP Data Tables"
3183,"Content Egg"
3195,"WordPress Real Media Library"
3197,"Yellow Pencil"
3207,Mailster
3291,"Theme X"
3293,Newspaper
3297,The7
3301,Jupiter
3307,Publisher
3309,Rehub
3313,Eduma
3325,Enfold
3327,"Be Theme"
3341,"WYZI- Business Finder"
3365,Woffice
3371,WPLMS
3373,EducationPress
3389,Oxygen
3430,Thrive
3465,Bellevue
3580,Avada
3583,"Yoast SEO"
6206,Cloudflare
6255,cPanel
6408,BunnyCDN
6419,SiteGround
6427,Bluehost
6488,Plesk
6537,Plutio
6622,CiuisCRM
6645,Mailchimp
6938,SendGrid
8302,Hestia
8314,OceanWP
8336,ShopIsle
8340,BetterDocs
8345,Generatepress
8405,Kadence
8509,Imagely
9234,Brizy
9530,SEOPress
9862,"Elementor Pro"
9880,LearnDash
9895,"Caldera Forms"
9904,StackSocial
9911,AppSumo
9936,Shortpixel
10007,"WP Fluent Forms"
10059,Ora
10060,Glorify
10061,Trello
10062,VistaCreate
10082,"WP Security Ninja"
10114,"All-in-One WP Migration"
10260,TexAu
10281,Amelia
10284,"Advanced Custom Fields"
10402,RelayThat
10797,Shopify
11133,Magento
11198,WordPress
11413,"User Back"
11527,"7 Zip"
11620,Drupal
11694,"WP Reset"
11772,WebARX
13015,Grammarly
13338,TortoiseGit
13461,ArticleForge
13549,Virusdie
13698,Loginpress
14060,Sucuri
14737,"All In One WordPress Security and Firewall Plugin"
15653,LiveWebinar
15862,"Essential Addons for Elementor"
16794,Cartflows
16916,"WP Engine"
17751,Kinsta
17798,"Backup Guard"
18134,Mailpoet
18166,Hostinger
18413,Weje
18590,Autoptimize
19614,"WPvivid Backup"
20584,Quillbot
21191,Crove.app
21211,Chugzi
21454,WPSmartPay
21491,Usetiful
21673,RemasterMedia
21689,Biteplay
21763,GummySearch
22024,ContentBot
22130,TrueRanker
22168,Trust
22217,NeuronWriter
22248,Vepaar
22264,Scalenut
22281,Prelo
22320,"Xpro Addons for Elementor"
22336,SheerSEO
22376,Wordplay 
22406,WooLentor
22432,"Microsoft Power Automate"
22458,useArtemis
22491,"Bit Integrations"
22518,BackupSheep
22564,Dukaan
22606,Heartbeat
22654,"WP Force SSL"
22670,"Grab Your Reviews"
23000,LeadRocks
23042,pxl.to
23323,"RankMath Review"
23517,"Meta API"
23719,Boost.space
23923,Test
24051,Instantly
