Name,ID,Type,SKU,External URL,Affiliate Link,Article URL,Button text,Featured,Content Structure,Affiliate Program,Review Date ,Price ($),Price Suffix (/Month or /Year),Company Name ,Registered Country ,Initial Release, Pricing options , Free Version, Lifetime Deal Offered , LTD Platform , Money-Back Guarantee , Appsfomo Ratings ,Support type ,Integrations , Supported Device , Mobile app 
Cloudflare,6206,external,,https://www.cloudflare.com/,https://www.cloudflare.com/,https://appsfomo.com/reviews/cloudflare/,Sign Up,Done,Done,Yes,Nov-21,20,/Month,Cloudflare Inc,USA,2009,Montlhy|Yearly,Free Tier,No,N/A,N/A,9.6,Live Chat|Email,Wordpress,Web Based,Not Available
BunnyCDN,6408,external,,http://bunny.net/,http://bunny.net/,https://appsfomo.com/reviews/bunnycdn/,Sign Up,Done,Done,Yes,Nov-21,1,/Month,bunny.net,Slovenia,2015,Pay as You Go,Free Trial,No,N/A,N/A,8.8,Email|Ticketing,Wordpress|CMS Websites|Cloud Storage Providers,Web Based,Not Available
Plutio,6537,external,,https://www.plutio.com/,https://www.plutio.com/,https://appsfomo.com/reviews/plutio/,Sign Up,Done,Done,Yes,Nov-21,19,/Month,Plutio,UK,2018,Montlhy,Free Tier,Yes,Appsumo,N/A,8.6,Live Chat|Email,Integromat|Pably|PayPal|Project Cards|Stripe|Zapier,Web Based|Windows|Android,Available
Mailchimp,6645,external,,https://mailchimp.com/,https://shop.appsfomo.com/p/cWPi/r,https://appsfomo.com/reviews/mailchimp/,Sign Up,Done,Done,Yes,Nov-21,9,/Month,Intuit Mailchimp,USA,2001,Montlhy,Free Tier,No,N/A,N/A,9.2,Live Chat|Email,WooCommerce|shopify|Stripe,Web Based|Windows|Android,Available
SendGrid,6938,external,,https://sendgrid.com/,https://sendgrid.com/,https://appsfomo.com/reviews/sendgrid/,Sign Up,Done,Done,Yes,Nov-21,19.95,/Month,Twilio SendGrid,USA,2009,Montlhy,Free Tier,No,N/A,N/A,8.4,Live Chat|Email,Microsoft Azure|Google Cloud Platform|Amazon Web Services,Web Based|Android,Available
Ora,10059,external,,https://ora.pm/,https://ora.pm/,https://appsfomo.com/reviews/ora/,Sign Up,Done,Done,Yes,Febraury 2021,10,/Month,Ora.pm,Bulgaria,2015,Montlhy|Yearly|Onetime,Free Tier,Yes,"Appsumo,Other",N/A,8,Live Chat|Email,Slack,Web Based|Windows|Android|IOS|Linux,Available
Glorify,10060,external,,https://www.glorifyapp.com/pricing/,https://www.glorifyapp.com/pricing/,https://appsfomo.com/reviews/glorify/,Sign Up,Done,Done,Yes,Febraury 2021,29.99,/Month,Glorify,UK,2019,Montlhy|Yearly,Free Tier,Yes,"Appsumo,Other",30 Days,8.8,Live Chat|Email,Stock Libraries|Template bundle,Web Based,Not Available
Trello,10061,external,,https://trello.com/home,https://trello.com/home,https://appsfomo.com/reviews/trello/,Sign Up,Done,Done,No,Febraury 2021,5,/Month,Trello,USA,2011,Montlhy,Free Tier,No,N/A,60 Days,8.6,Live Chat|Email|Ticketing,Slack|Jira cloud|Miro|zapier,Web Based|Windows|Android,Available
Crello,10062,external,,https://crello.com/,https://crello.com/,https://appsfomo.com/reviews/crello/,Sign Up,Done,Done,No,Febraury 2021,10,/Month,VistaCreate,Cyprus,2017,Montlhy|Yearly,Free Tier,Yes,Appsumo,N/A,9.2,Live Chat|Email,Adobe XD|Jira|Slack,Web Based|Windows|Android|IOS|Linux,Available
TexAu,10260,external,,https://texau.com/,https://texau.com/,https://appsfomo.com/reviews/texau/,Sign Up,Done,Done,Yes,Mar-21,29,/Month,TexAu,USA,2020,Montlhy|Yearly,Free Tier,Yes,Appsumo,N/A,8.4,Live Chat|Email,Zapier,Web Based|Windows|Android,Available
RelayThat,10402,external,,https://www.relaythat.com/pricing,https://www.dealify.com/relaythat/?deal=stellar,https://appsfomo.com/reviews/relaythat/,Sign Up,Done,Done,No,Mar-21,15,/Month,RelayThat,USA,2016,Montlhy,Not Available,Yes,Appsumo,N/A,9.1,Email|Ticketing,Stock images,Web Based,Not Available
User Back,11413,external,,https://www.userback.io/pricing,https://www.userback.io/pricing,https://appsfomo.com/reviews/user-back/,Sign Up,Done,Done,Yes,Apr-21,79,/Month,Userback,Australia,2016,Montlhy|Yearly,Free Trial,Yes,Appsumo,N/A,8.6,Live Chat|Email|Ticketing,Wordpress plugin|Zapier,Web Based,Not Available
Grammarly,13015,external,,https://www.grammarly.com/premium,https://www.grammarly.com/premium,https://appsfomo.com/reviews/grammarly/,Sign Up,Done,Done,Yes,May-21,12,/Month,Grammarly,USA,2009,Montlhy,Free Trial,Yes,Other,N/A,9,Live Chat|Email|Ticketing,Excel|Power point|Skype|Slack|Word,Web Based|Windows|Android,Available
ArticleForge,13461,external,,https://www.articleforge.com,https://www.articleforge.com/?ref=021ce2,https://appsfomo.com/reviews/articleforge/,Sign Up,Done,Done,Yes,May-21,27,/Month,Glimpse.ai,USA,2009,Montlhy|Yearly,Not Available,Yes,Other,30 Days,8.6,Email,Wordpress plugin,Web Based,Not Available
LiveWebinar,15653,external,,https://app.livewebinar.com/pricing,https://app.livewebinar.com/pricing,https://appsfomo.com/reviews/livewebinar/,Sign Up,Done,Done,Yes,Jun-21,17.99,/Month,LiveWebinar,Poland,2016,Montlhy|Yearly,Free Tier,Yes,Appsumo,N/A,8.8,Email,Hubspot|Mailchimp|Senfox|Zapier,Web Based,Not Available
Weje,18413,external,,https://appsfomo.com/weje/,https://appsfomo.com/weje/,https://appsfomo.com/reviews/weje/,Sign Up,Done,Done,No,Sep-21,10,/Month,HyperTech Inc,USA,2021,Montlhy,Free Tier,Yes,Dealify,30 Days,8.8,Live Chat|Email|Ticketing,Google Docs|AirTable|Figma|Miro documents,Web Based|Android,Available
Quillbot,20584,external,,https://quillbot.com/,https://quillbot.com/,https://appsfomo.com/reviews/quillbot/,Sign Up,Done,Done,Yes,Aug-22,4,/Month,Quillbot,USA,2017,Montlhy|Yearly,Free Tier,Yes,Other,30 Days,8.8,Email,Chrome|word|Linkedin|Gmail,Web Based,Not Available
Crove.app,21191,external,,https://crove.app/,https://shop.appsfomo.com/p/3EQ3/r,https://appsfomo.com/reviews/crove-app/,Sign Up,Done,Done,No,Aug-22,9,/Month,Crove.app,India,2020,Montlhy|Yearly,Free Tier,Yes,Appsumo,30 Days,8,Live Chat|Email|Ticketing,Zapier|Pabbly|Hubspot|Slack,Web Based,Not Available
Chugzi,21211,external,,https://www.chugzi.com/,https://shop.appsfomo.com/p/hZLz/r,https://appsfomo.com/reviews/chugzi/,Sign Up,Done,Done,Yes,Aug-22,97,/Month,Chugzi™,USA,2020,Montlhy|Yearly|Onetime,Free Trial,Yes,Appsumo,N/A,7.4,Live Chat|Email,N/A,Web Based,Not Available
Usetiful,21491,external,,https://www.usetiful.com/,https://www.usetiful.com/,https://appsfomo.com/reviews/usetiful/,Sign Up,Done,Done,Yes,Sep-22,29,/Month,Dobbytec,Estonia,2019,Montlhy|Yearly,Free Tier,Yes,Appsumo,N/A,7.8,Email|Ticketing,N/A,Web Based,Not Available
RemasterMedia,21673,external,,https://www.remastermedia.com/,https://www.remastermedia.com/,https://appsfomo.com/reviews/remastermedia/,Sign Up,Done,Done,Yes,Oct-22,6.5,/Month,RemasterMedia,USA,2019,Montlhy|Yearly|Pay as You Go,Not Available,Yes,Other,N/A,7,Live Chat|Email,Web|Mobile|Other apps,Web Based,Not Available
Biteplay,21689,external,,https://biteplay.com/,https://biteplay.com/,https://appsfomo.com/reviews/biteplay/,Sign Up,Done,Done,Yes,Oct-22,99,/Month,Biteplay,Brazil,2019,Montlhy,Free Trial,Yes,Appsumo,14 Days,7.4,Email,Google Ads|SwipeTube Chrome extension by VidTao|Youtbe,Web Based,Not Available
GummySearch,21763,external,,https://gummysearch.com/,https://gummysearch.com/,https://appsfomo.com/reviews/gummysearch/,Sign Up,Done,Done,Yes,Sep-22,29,/Month,GummySearch,USA,2021,Montlhy|Yearly,Free Trial,No,N/A,N/A,7,Email,N/A,Web Based,Not Available
ContentBot,22024,external,,https://contentbot.ai/,https://contentbot.ai/,https://appsfomo.com/reviews/contentbot/,Sign Up,Done,Done,Yes,Oct-22,29,/Month,ContentBot.ai,USA,2021,Montlhy|Pay as You Go,Not Available,Yes,Appsumo,N/A,8.2,Live Chat|Email,N/A,Web Based,Not Available
TrueRanker,22130,external,,https://trueranker.com/,https://trueranker.com/,https://appsfomo.com/reviews/trueranker/,Sign Up,Done,Done,Yes,Oct-22,6.99,/Month,TrueRanker,Spain,2019,Montlhy|Yearly,Free Trial,Yes,Appsumo,Available,8.5,Live Chat|Email,Chrome|Wordpress,Web Based|Android,Available
NeuronWriter,22217,external,,https://neuronwriter.com/#process,https://shop.appsfomo.com/p/71yK/r,https://appsfomo.com/reviews/neuronwriter/,Sign Up,Done,Done,No,Nov-22,19,/Month,CONTADO,Poland,2019,Montlhy,Not Available,Yes,Appsumo,N/A,8,Live Chat|Email,Google Search Console,Web Based,Not Available
Vepaar,22248,external,,https://vepaar.com/,https://vepaar.com/,https://appsfomo.com/reviews/vepaar/,Sign Up,Done,Done,Yes,Oct-22,5,/Month,Vepaar,India,2015,Montlhy|Yearly,Free Tier,Yes,Appsumo,N/A,7.5,Live Chat|Email,Stripe|Salesforce|Whatsapp|Chrome,Web Based|Windows|Android|Linux,Available
Scalenut,22264,external,,https://www.scalenut.com/,https://www.scalenut.com/,https://appsfomo.com/reviews/scalenut/,Sign Up,Done,Done,Yes,Oct-22,29,/Month,Scalenut,India,2020,Montlhy|Yearly,Free Trial,Yes,Pitchground,N/A,8,Live Chat|Email,Wordpress|Semrush|Copyscape,Web Based|Windows,Not Available
Prelo,22281,external,,https://www.prelo.io/,https://www.prelo.io/,https://appsfomo.com/reviews/prelo/,Sign Up,Done,Done,No,Oct-22,23,/Month,Prelo,USA,2021,Montlhy|Yearly,Free Tier,Yes,Appsumo,N/A,8,Ticketing,CRM,Web Based|Windows,Not Available
SheerSEO,22336,external,,https://www.sheerseo.com/,https://www.sheerseo.com/,https://appsfomo.com/reviews/sheerseo/,Sign Up,Done,Done,Yes,Nov-22,10,/Month,SheerSEO,USA,2007,Montlhy|Yearly,Free Tier,Yes,Appsumo,N/A,7,Live Chat|Email|Ticketing,XML|Facebook|Twitter|Majestic|Google Search Console|Google Keyword Planner,Web Based,Not Available
Wordplay ,22376,external,,https://wordplay.ai/,https://shop.appsfomo.com/p/OKk0/r,https://appsfomo.com/reviews/wordplay/,Sign Up,Done,Done,Yes,Nov-22,35,/Month,Wordplay.ai,USA,2022,Montlhy|Yearly,Free Trial,Yes,Appsumo,7 Days,7.3,Email|Ticketing,Chrome|Google|WordPress,Web Based|Windows|Linux,Not Available
Microsoft Power Automate,22432,external,,https://powerautomate.microsoft.com/en-us/,https://shop.appsfomo.com/p/kznH/r,https://appsfomo.com/reviews/microsoft-power-automate/,Sign Up,Done,Done,No,Nov-22,15,/Month,Microsoft Power Automate,USA,2021,Montlhy|Pay as You Go,Free Trial,No,N/A,N/A,8,Live Chat|Email|Ticketing,Microsoft Office 365|GoogleDrive|SAP ERP|Salesforce,Web Based|Windows|Android,Available
useArtemis,22458,external,,https://useartemis.co/,https://shop.appsfomo.com/p/EyIf/r,https://appsfomo.com/reviews/useartemis/,Sign Up,Done,Done,Yes,Nov-22,29,/Month,useArtemis,France,2022,Montlhy,Not Available,Yes,Appsumo,N/A,8,Live Chat|Email|Ticketing,Linkedin |Chrome,Web Based,Not Available
BackupSheep,22518,external,,https://backupsheep.com/,https://backupsheep.com/,https://appsfomo.com/?post_type=product&p=22518,Sign Up,Done,Done,Yes,Dec-22,10,/Month,BackupSheep,Canada,2017,Montlhy,Free Tier,Yes,Appsumo,N/A,7.7,Live Chat|Email,Amazon S3|Google Drive|Onedrive|Dropbox,Web Based,Not Available
Dukaan,22564,external,,https://mydukaan.io/,shop.appsfomo.com/p/7Kke/r,https://appsfomo.com/?post_type=product&p=22564,Sign Up,Done,Done,Yes,Dec-22,4.62,/Month,Dukaan,India,2020,Montlhy|Yearly,Free Trial,Yes,Appsumo,N/A,8.4,Live Chat|Email,Facebook pixel|Intercom|Stripe|Payal|Google Adwords,Web Based|Android,Available
Heartbeat,22606,external,,https://www.heartbeat.chat/,https://www.heartbeat.chat/,https://appsfomo.com/?post_type=product&p=22606,Sign Up,Done,Done,No,Dec-22,29,/Month,Heartbeat Chat Inc,USA,2020,Montlhy,Free Trial,Yes,Appsumo,N/A,6.4,Live Chat|Email|Ticketing,Notion|Stripe|Zapier|zoom|Google Calender,Web Based|Windows|Android|IOS,Not Available
Grab Your Reviews,22670,external,,https://grabyourreviews.com/,https://grabyourreviews.com/,https://appsfomo.com/?post_type=product&p=22670,Sign Up,Done,Done,No,Dec-22,29,/Month,Grab Your Reviews,India,2020,Montlhy|Yearly,Free Trial,Yes,Appsumo,N/A,8.2,Live Chat|Email|Ticketing|Phone Call,Zapier,Web Based|Android,Not Available
LeadRocks,23000,external,,https://leadrocks.io/,https://shop.appsfomo.com/p/nCwY/r,https://appsfomo.com/?post_type=product&p=23000,Sign Up,Done,Done,No,Dec-22,29,/Month,LeadRocks,Cyprus,2022,Montlhy,Free Tier,Yes,Appsumo,N/A,6.6,Live Chat|Email,Chrome|Linkedin ,Web Based|Windows,Not Available
pxl.to,23042,external,,https://www.pxl.to/,https://shop.appsfomo.com/p/u5aq/r,https://appsfomo.com/?post_type=product&p=23042,Sign Up,Done,Done,Yes,Dec-22,30,/Month,pxl.to,USA,2022,Montlhy,Free Trial,Yes,Appsumo,N/A,6,Email,Facebook pixel|Linkedin|Google Adwords|Google Analytics,Web Based,Not Available
